candidate,fold,r2,rmse,mae
ridge_alpha1,1,0.643618371900513,0.9425386000164837,0.7591360629321288
ridge_alpha1,2,0.6547109495597556,0.9351485890118966,0.7429762874769428
ridge_alpha1,3,0.6515875152717215,0.9351255546632656,0.7558469918355211
ridge_alpha1,4,0.6500927135660803,0.9574925147486256,0.7674068978019907
ridge_alpha1,5,0.6578046572357819,0.9249615996554751,0.7369361457663977
ridge_001,1,0.643609762736129,0.9425499844708171,0.7591497031048956
ridge_001,2,0.6547021581900757,0.935160493798063,0.7429913598212091
ridge_001,3,0.651557443121259,0.935165910033467,0.7558723053518704
ridge_001,4,0.6500777015448427,0.9575130541091315,0.7674065593091447
ridge_001,5,0.6577837908307886,0.9249898004032789,0.7369642807308984
hgb_15,1,0.6304679192206711,0.9597708709910382,0.7641816914174734
hgb_15,2,0.6401346881896487,0.9546830517179394,0.7486654416342253
hgb_15,3,0.6341274804363499,0.958270164126588,0.7627582185989397
hgb_15,4,0.6414374977189352,0.9692623188537819,0.7658714500018451
hgb_15,5,0.6419099267993743,0.9461996798688934,0.74845811256477
ridge_1000,1,0.6131564200143256,0.9819948001386136,0.7854419482572734
ridge_1000,2,0.6268840829974698,0.9721003685840622,0.7712994337305129
ridge_1000,3,0.6289408579357467,0.9650384983163677,0.7812858584533069
ridge_1000,4,0.6243372197622583,0.9921057770931214,0.794098815361985
ridge_1000,5,0.6312132626831074,0.9602278610746271,0.7634051356496694
rf_128,1,0.57783767897221,1.0258437709192096,0.8060505520333682
rf_128,2,0.5788404396620124,1.0327912538542008,0.8091871221064824
rf_128,3,0.573671229254835,1.0344163870323881,0.8200429417021112
rf_128,4,0.5899330434857954,1.0365405148580336,0.8125203300548409
rf_128,5,0.585851680661506,1.0175707330336141,0.7963387046625684
extra_128,1,0.574836002396713,1.0294843102110809,0.8135100800474455
extra_128,2,0.5686793344775181,1.0451758179474318,0.8219951028945067
extra_128,3,0.5669632968242198,1.0425224712112642,0.8301711822935036
extra_128,4,0.5884163107042836,1.038455694666895,0.8229245788884577
extra_128,5,0.5821693706618101,1.0220844767822728,0.8026939017072751
