file_stem,title,purpose,source_data,folder,note
FigT2_01_label_distribution,任务二健康等级标签分布,核对训练/验证集四级标签是否近似均衡,strict_no_proxy/label_distribution.csv,01_数据与标签,
FigT2_02_health_score_distribution_bins,健康评分分布与四分位边界,说明任务二四级标签的训练集内定义,A题数据集.csv + strict_no_proxy/fold_bins.csv,01_数据与标签,
FigT2_03_fold_boundary_stability,折内分箱边界稳定性,证明所有分箱边界均由训练折独立计算且波动较小,strict_no_proxy/fold_bins.csv,01_数据与标签,
FigT2_04_missing_rate,任务二特征缺失率,定位真正存在缺失的字段并避免展示空列,A题数据集.csv + strict_no_proxy/feature_list.csv,01_数据与标签,
FigT2_05_standardized_boxplots,关键数值特征箱线图,比较不同量纲变量的分布、偏态和离群点,A题数据集.csv + strict_no_proxy/shap_global_importance.csv,01_数据与标签,
FigT2_06_correlation_heatmap,关键特征相关性热力图,展示关键数值特征的线性单调关系及与目标的关联,A题数据集.csv + strict_no_proxy/shap_global_importance.csv,01_数据与标签,
FigT2_07_tuning_history,任务二超参数调优过程,保留LightGBM和Ordinal Logistic的搜索轨迹及最优位置,strict_no_proxy/tuning_history.csv,02_训练调参,
FigT2_08_sampling_comparison,采样策略对比,比较无采样、类别权重和SMOTE的真实增益,strict_no_proxy/sampling_comparison.csv,02_训练调参,
FigT2_09_model_performance,主要模型性能对比,比较基线、单模型与最终Stacking融合模型,strict_no_proxy/model_comparison.csv,03_模型性能,
FigT2_10_class_metrics,分等级分类指标,检查Poor、Average、Good、Excellent各等级的识别质量,strict_no_proxy/class_metrics.csv,03_模型性能,
FigT2_11_stacking_confusion_matrix,Stacking混淆矩阵,同时展示样本数和行归一化比例，观察相邻等级误判,strict_no_proxy/confusion_matrix_long.csv,04_误差与校准,
FigT2_12_confusion_matrix_models,主要模型混淆矩阵对比,比较Ordinal、LightGBM和Stacking的等级错误结构,strict_no_proxy/confusion_matrix_long.csv,04_误差与校准,
FigT2_13_multiclass_roc,多模型多类别ROC曲线,按类别比较主要模型的一对其余判别能力,strict_no_proxy/validation_predictions_all_models.csv,03_模型性能,
FigT2_14_multiclass_pr,多模型多类别PR曲线,在各等级样本比例下比较主要模型的查准率与召回率,strict_no_proxy/validation_predictions_all_models.csv,03_模型性能,
FigT2_15_reliability_curve,Stacking可靠性曲线,判断四个等级概率是否过度自信并报告ECE/Brier,strict_no_proxy/plot_data/calibration_curve_data.csv + calibration_metrics.csv,04_误差与校准,
FigT2_16_grade_error_distribution,绝对等级误差分布,突出相邻等级误差与跨两级以上严重误差,strict_no_proxy/grade_error_distribution.csv,04_误差与校准,
FigT2_17_prediction_distribution,预测等级分布,检查模型是否系统性高估或低估某一健康等级,strict_no_proxy/validation_predictions_all_models.csv,04_误差与校准,
FigT2_18_shap_beeswarm,SHAP蜂群图,展示关键特征对Poor和Excellent等级预测的方向与强度,strict_no_proxy/explanation_data/shap_values_long_top20.csv,05_可解释性,
FigT2_19_shap_global_heatmap,全局SHAP重要性热力图,比较同一特征在四个等级中的贡献强度,strict_no_proxy/explanation_data/shap_global_importance.csv,05_可解释性,
FigT2_20_shap_dependence,SHAP依赖图,展示关键连续特征的非线性阈值及贡献方向,strict_no_proxy/explanation_data/shap_values_long_top20.csv,05_可解释性,
FigT2_21_ordinal_coefficients,Ordinal Logistic系数图,解释特征升高对进入较高健康等级的方向与不确定性,strict_no_proxy/explanation_data/ordinal_coefficients.csv,05_可解释性,区间为正则化Hessian近似区间
FigT2_22_lightgbm_feature_importance,LightGBM特征重要性,从树模型角度补充全局特征贡献排序,strict_no_proxy/explanation_data/feature_importance.csv,05_可解释性,
FigT2_23_stacking_sankey,Stacking等级流向桑基图,展示两个一级模型预测等级与最终融合判断的流向,strict_no_proxy/validation_predictions_all_models.csv,03_模型性能,HTML为Plotly交互版；每个样本分别计入两个一级模型流向
FigT2_24_tsne_umap,t-SNE与UMAP二维分布,观察四个健康等级在严格口径数值特征空间中的分离与重叠,A题数据集.csv + strict_no_proxy/validation_predictions_all_models.csv,06_特征关系与降维,仅使用严格口径数值特征；未输入Health Score及代理变量
FigT2_25_mi_feature_network,MI特征网络图,节点大小表示与等级标签的互信息，连线粗细表示特征间Spearman关联,A题数据集.csv + strict_no_proxy/fold_bins.csv,06_特征关系与降维,这是MI—相关网络，不冒充需要专门MIC算法计算的MIC网络
FigT2_26_task2_pipeline,任务二总体技术路线图,概括数据、分箱、双模型、OOF融合、评价和输出链路,code/task2_pipeline.py + strict_no_proxy实验,07_技术路线,
FigT2_27_feature_scope_comparison,两种特征口径对照,量化代理变量对竞赛准确率和可解释性口径的影响,plot_data_all_scopes/feature_scope_comparison.csv,08_竞赛口径对照,正文建议使用严格口径；竞赛全特征口径作为对照或附录
FigT2_28_model_radar,主要模型综合性能雷达图,综合比较分类性能、等级一致性与严重误差控制,strict_no_proxy/model_comparison.csv,03_模型性能,雷达轴均统一为越大越好；径向范围0.65–1.00并明确标注
FigT2_29_local_shap_contributions,代表性样本局部SHAP贡献,解释一个高置信度且预测正确样本的主要正负贡献,strict_no_proxy/explanation_data/shap_values_long_top20.csv + validation_predictions_all_models.csv,05_可解释性,未保存SHAP基线值，因此使用真实局部贡献条形图而不伪造瀑布终点
