Feature,VIF
Sleep_Time_sin,187.1527404873082
Wake_Up_Time_cos,104.25286171291968
Weight_kg,97.16732939149846
Sleep_Duration_Hours,73.07428245288563
BMI,72.58741933367116
Height_cm,28.061265937161846
Exercise_Frequency_Per_Week,5.415772259327178
Working_Hours_Per_Day,4.246687648401804
Sitting_Hours_Per_Day,4.245272676268111
Systolic_BP,4.183563762088501
Daily_Steps,3.313876053423806
Diastolic_BP,3.26107677096185
Wake_Up_Time_sin,3.229693250403401
Age,2.055249952840899
Sleep_Time_cos,1.8588536489843972
Protein_Intake_Grams,1.5565356676824116
Water_Intake_Liters,1.527054709609741
Daily_Calorie_Intake,1.5226758613073632
Cholesterol_Level,1.3793336546383619
Blood_Sugar_Level,1.3635098643737162
Stress_Level,1.2956043035747997
Sleep_Quality_Score,1.294262832333797
Outdoor_Time_Hours,1.2942582444897066
Resting_Heart_Rate,1.2813490242740722
Fast_Food_Meals_Per_Week,1.2551424145474384
Sugary_Drinks_Per_Week,1.1132657557710377
Exercise_Duration_Minutes,1.0888829453431177
Social_Interaction_Score,1.0552822865734313
Breakfast_Regularity_Score,1.0468312323765117
Number_of_Night_Awakenings,1.0357984288066162
Fruit_Intake_Per_Day,1.0055561771759949
Vegetable_Intake_Per_Day,1.0048485445619568
Nap_Frequency_Per_Week,1.0041478918566829
Weekend_Sleep_Difference_Hours,1.0031084056987805
Screen_Time_Before_Bed_Hours,1.0026484263908002
