Feature,Importance_Mean,Importance_STD
Healthy_Aging_Score,1.1547087341920925,0.017905758929977478
Cardiovascular_Risk,0.04300916309087688,0.001193412334957807
BMI,0.02565363725162779,0.0005545288907001189
Fitness_Level,0.018231576199589594,0.0005153102965493753
Diabetes_Risk,0.017283901149578562,0.000559771955528502
Sleep_Quality_Score,0.01684878968182215,0.0007905159248798244
Exercise_Frequency_Per_Week,0.015217169553530873,0.0003369056657062397
Stress_Level,0.010302791169279369,0.00048685067424840596
Age,0.008475717025010553,0.00027504381756711176
Fast_Food_Meals_Per_Week,0.006596340112900468,0.0004384543463407754
Daily_Steps,0.005056831113746396,0.0003841811493435182
Smoking_Status,0.003947467752054967,0.00031681358911553103
Obesity_Risk,0.0036499824236504662,0.000268929015460849
Mood_Score,0.002089222846319094,7.045110621566133e-05
Vegetable_Intake_Per_Day,0.0016972382795187092,0.00018764720023803924
Sleep_Time,0.0009168485352763378,0.0001334096380338859
Weight_kg,0.0007839414754595264,0.0001569482698393745
Morning_Workout,0.0007413210610726306,5.2825797764063024e-05
Alcohol_Consumption,0.0007351343531583731,0.0001362704243573167
Wake_Up_Time,0.000694871996878521,8.040423872502781e-05
Water_Intake_Liters,0.0006133474530681582,9.271003967860175e-05
Fruit_Intake_Per_Day,0.0005463747411244668,0.00013889776095994983
Meditation_Practice,0.00044220448158318606,9.034249141811202e-05
Sleep_Duration_Hours,0.0003635285449576253,8.305923550907874e-05
Height_cm,0.00022099494080707327,3.8251181760433293e-05
Hypertension_Risk,0.00016275912328653775,4.419900384914441e-05
Systolic_BP,9.96333910412206e-05,3.7183526642672796e-05
Daily_Calorie_Intake,6.814799299199592e-05,1.6051757121970288e-05
Depression_Risk_Score,5.238918986041341e-05,2.0398879676062723e-05
Immune_Health_Score,2.076968511046662e-05,8.635097994067841e-06
Exercise_Type,1.9798040428020692e-05,1.03983812452678e-05
Protein_Intake_Grams,1.9576563596146457e-05,3.203688128786055e-05
Early_Waker,1.589430929438418e-05,7.281538143814081e-06
Sugary_Drinks_Per_Week,1.5263880930027617e-05,2.091879452094138e-05
Marital_Status,1.3983033281439462e-05,9.898499186378952e-06
Blood_Sugar_Level,1.0940784751767296e-05,9.833355964138544e-06
Life_Satisfaction_Score,9.004038858884122e-06,5.258239110446972e-06
Working_Hours_Per_Day,8.479949856088353e-06,2.75398930030518e-06
Outdoor_Time_Hours,6.926973889509469e-06,1.5215079971661593e-05
Exercise_Duration_Minutes,4.904086688983788e-06,8.491022895539425e-06
Workout_Intensity,3.023231786070113e-06,8.660353535155176e-06
Resting_Heart_Rate,2.5899079085345276e-06,1.4041533730765074e-05
Gender,8.718914699112901e-07,3.467931367914931e-06
Focus_Concentration_Score,7.447355944822931e-07,5.330717517391185e-06
Occupation,5.331673526676184e-07,2.1980731808582638e-05
Breakfast_Regularity_Score,-3.371707404387081e-08,5.8343385750345226e-06
Number_of_Night_Awakenings,-7.931793722493197e-07,1.760464811282304e-05
Screen_Time_Before_Bed_Hours,-9.52408938292848e-07,7.447421414488416e-06
Cholesterol_Level,-1.0886750440475268e-06,5.820091444496129e-06
Productivity_Score,-1.2735843578859375e-06,9.467349702577301e-06
Diastolic_BP,-1.7609769082493898e-06,2.015018914144726e-06
Gym_Member,-2.3868115037739557e-06,2.281654025193366e-06
Anxiety_Score,-3.107235627952676e-06,9.270839151936417e-06
Sleep_Disorder_Risk,-4.2896838588379895e-06,7.641299924288293e-06
Sitting_Hours_Per_Day,-6.718080877465838e-06,8.967913703100575e-06
Weekend_Sleep_Difference_Hours,-8.672771394646616e-06,9.010841399570302e-06
Fatigue_Level_Score,-9.794542247631987e-06,1.731491636417412e-05
Social_Interaction_Score,-1.0697546649951484e-05,1.8168629084391644e-05
Energy_Level_Score,-1.4525685271160604e-05,1.4149173603949624e-05
Nap_Frequency_Per_Week,-1.961728100206006e-05,1.2129230834434182e-05
Country,-4.667370062472198e-05,2.283441736911735e-05
