Feature,Importance_Mean,Importance_STD_Folds,Min_Fold_Importance,Max_Fold_Importance
Exercise_Frequency_Per_Week,0.3944942399488288,0.023298957176902984,0.3619194736606119,0.42087793315471184
Sleep_Quality_Score,0.2547411811099153,0.016036559874471685,0.23081041833413699,0.26816593365516306
Stress_Level,0.20471811337386195,0.004259319897481377,0.19949061678156033,0.21064577892135516
Morning_Workout,0.1787092060969055,0.006210962209904219,0.1723872552138534,0.1883127829485018
Sleep_Time,0.014037366740125049,0.011497786962948207,0.0015159299902282708,0.03251542987499434
Water_Intake_Liters,0.009451430529458345,0.0012822074917872711,0.007378000920827854,0.010532901454928223
Wake_Up_Time,0.0074550458978059455,0.006573479974477782,0.0016547939484116813,0.017393287868480822
Sleep_Duration_Hours,0.005055299500984654,0.005152070317035062,0.0006123269469054504,0.01367863820543378
Working_Hours_Per_Day,0.0010959914670653204,0.0007821558252550201,0.0002077410680267011,0.002290688242786776
Sitting_Hours_Per_Day,0.0009520890233420153,0.0004913287817462481,0.0005644954984351802,0.0017377590497428708
BMI,0.0005755680924317597,0.0007224492286468519,6.833156686969488e-06,0.0014977851000881337
Weight_kg,0.0005642960065844126,0.0006840852845444487,-7.840600545105936e-05,0.0014388954650831343
Screen_Time_Before_Bed_Hours,0.0005423161092785644,0.0004927872154975368,-4.2139134441576684e-05,0.0012597693958406708
Systolic_BP,0.0005211634673429089,0.0005566467868437445,-0.00015841555860596213,0.0012372380587749366
Social_Interaction_Score,0.0004923009783216248,0.0003125188133073335,4.3148473848231284e-05,0.0008976587192349728
Occupation,0.0004824253717811944,0.0005239413499817961,-0.00010320903086045164,0.0011752475832661259
Hypertension_Risk,0.00039107869289552784,0.0005597059283825866,-6.0090005567503546e-05,0.0013212316559914282
Sleep_Disorder_Risk,0.0003860161893446667,0.00024571692654474023,0.00016871697781677407,0.0008040275057079827
Workout_Intensity,0.0003824653841798265,0.00011148222239760513,0.00025287112797465203,0.0004950523856287248
Obesity_Risk,0.0003492564507124208,0.0004802261682622927,-0.00012036430245185859,0.0010460970121064284
Exercise_Type,0.00025957596271558803,0.0005765804281747818,-0.0005340872042858714,0.0008208951658400521
Smoking_Status,0.00021810598860909635,0.0002814000789711278,-0.00024728825360917914,0.00047105076128277633
Diabetes_Risk,0.0001839913077636801,0.00027654646691895426,-0.0002918628200074824,0.0003742727405186885
Gym_Member,0.00013337635698490224,0.00028098161389413716,-0.00032069445217082216,0.0003418302483898739
Sugary_Drinks_Per_Week,0.00012460550973868666,0.0001586115959494263,-8.049292918745898e-05,0.00025698473953046365
Fruit_Intake_Per_Day,0.00012069450589077935,0.00015005024346951036,-0.00010289008519113186,0.0003109657885376871
Height_cm,0.00012002255894551171,0.00025869057810441694,-3.422723486554702e-05,0.0005787147170410511
Daily_Calorie_Intake,0.0001153748995013748,0.00023622676752753686,-0.0002244759670605889,0.00043039955380081986
Alcohol_Consumption,0.00011122940076516486,5.361519387460918e-05,5.121800181060454e-05,0.00018164378239962086
Weekend_Sleep_Difference_Hours,8.016998965092893e-05,0.00016996810162328866,-0.0001753094748523587,0.00028595236530932767
Exercise_Duration_Minutes,7.385658067946998e-05,5.4104214928231715e-05,-2.643392170509351e-06,0.00013968727811988212
Fast_Food_Meals_Per_Week,6.64572756686166e-05,5.554545759776745e-05,-2.394324743359988e-06,0.00014261913480835277
Nap_Frequency_Per_Week,6.438341854840601e-05,0.00018949219957107072,-0.00017672312954677415,0.00026725327141778886
Breakfast_Regularity_Score,4.693628802433292e-05,0.00013791826168377882,-8.246927880408705e-05,0.00027861599552183593
Marital_Status,3.5995458985276235e-05,0.0003426335121398506,-0.0005301844568935454,0.0002807314937003369
Cholesterol_Level,1.2745676842182974e-05,0.00011203670787069028,-0.00012070060818636374,0.00018926274242168085
Daily_Steps,1.269573923596834e-05,3.818780434814973e-05,-2.50281688820575e-05,7.61498423111906e-05
Resting_Heart_Rate,4.9221144828370825e-06,7.85920158970013e-05,-0.00012054640573573305,8.131448327073355e-05
Blood_Sugar_Level,3.6024168503923088e-06,7.527113556552775e-05,-8.990958011882988e-05,7.68970818208814e-05
Meditation_Practice,-1.0214312778225042e-05,6.928513901099816e-05,-9.302082716975413e-05,7.885059824161989e-05
Number_of_Night_Awakenings,-1.0235393872588539e-05,1.562410275008408e-05,-2.5738277339115713e-05,1.1947251668020797e-05
Early_Waker,-1.0988324602805293e-05,0.0003079476755568475,-0.0005316469239501576,0.00026548852776335784
Protein_Intake_Grams,-1.1224873680357737e-05,0.000204671288505608,-0.0003735169746883482,0.000106806050728947
Outdoor_Time_Hours,-2.8289957565363895e-05,0.00017010841882461985,-0.00032310787158227325,0.00010955695183529901
Diastolic_BP,-4.17590456471828e-05,7.071699280534791e-05,-0.00016610503621852235,6.813626830082243e-07
Vegetable_Intake_Per_Day,-4.809925958208616e-05,5.864793677527147e-05,-0.00014697502430625065,6.295372219278228e-06
Gender,-7.263352392459678e-05,5.9223343609588304e-05,-0.00016495839867891604,-2.1250271904671435e-05
Age,-8.213843875097382e-05,0.000128861412401506,-0.00017914940291505755,0.0001268586644063596
Cardiovascular_Risk,-0.00011876986271980526,0.00028836036722490623,-0.0003927306056722424,0.00019688287203332156
Country,-0.00014796048597490508,0.0009189981701757231,-0.0016987565517400105,0.0005096385346893717
