Model,Fold,N,P_Transformed,P_Raw_Groups,R2,Adjusted_R2_Transformed,Adjusted_R2_Raw_Groups,RMSE,MAE,Selected
Ridge α=0.1,1,1600,98,50,0.6401074915552315,0.6166101792117356,0.6284905610050453,0.7033572886644699,0.562430035909357,False
Ridge α=0.1,2,1600,98,50,0.5838349067044379,0.5566635681681521,0.5704015595999976,0.724441867423012,0.5807371188463084,False
Ridge α=0.1,3,1600,98,50,0.640832648234933,0.6173826812309513,0.6292391249371581,0.6880792422331637,0.5429209648932809,False
Ridge α=0.1,4,1600,98,50,0.6294812434959133,0.6052901454696638,0.6175213094576922,0.6938405700500202,0.5539309486705924,False
Ridge α=0.1,5,1600,98,50,0.6050543955490384,0.5792684733397151,0.5923059899825128,0.7169737172508166,0.5687951308748295,False
Ridge α=1,1,1600,98,50,0.6401254667280144,0.6166293279800766,0.6285091163964461,0.7033397235215934,0.5624206440412791,False
Ridge α=1,2,1600,98,50,0.5838688320662333,0.5566997085102645,0.5704365800348012,0.7244123389333087,0.5807225572110382,False
Ridge α=1,3,1600,98,50,0.6409148134908239,0.6174702110405246,0.6293239423962733,0.6880005331850099,0.542855887461173,False
Ridge α=1,4,1600,98,50,0.6295158793426765,0.6053270426841704,0.6175570633111296,0.6938081394147488,0.5539020536576286,False
Ridge α=1,5,1600,98,50,0.6050689789563483,0.5792840088948706,0.5923210441260174,0.7169604799642706,0.5687754520311776,False
Ridge α=10,1,1600,98,50,0.6402092767167971,0.6167186099068345,0.6285956316786045,0.703257819522734,0.5624461685553793,True
Ridge α=10,2,1600,98,50,0.5841059270591017,0.5569522833894094,0.5706813281907706,0.7242059388565194,0.5806377441917739,True
Ridge α=10,3,1600,98,50,0.6414682515005856,0.6180597829110169,0.629895244770456,0.6874701402775537,0.5424140648193472,True
Ridge α=10,4,1600,98,50,0.629797307778956,0.6056268455286813,0.6178475759448359,0.6935445728764419,0.5536734475425961,True
Ridge α=10,5,1600,98,50,0.6051313755292513,0.5793504793279634,0.592385454791009,0.71690384014414,0.5686106495157939,True
Ridge α=100,1,1600,98,50,0.6392971084514099,0.6157468863516351,0.6276540196344766,0.7041487310311177,0.5636016012060796,False
Ridge α=100,2,1600,98,50,0.5840138555353266,0.5568542005336357,0.5705862847004437,0.7242860975540016,0.5812422358907682,False
Ridge α=100,3,1600,98,50,0.6419541397248372,0.618577394683554,0.6303968169270591,0.6870041468253257,0.542285205843466,False
Ridge α=100,4,1600,98,50,0.6302591932097772,0.6061188873700425,0.6183243705244892,0.6931117854861014,0.5533889328917916,False
Ridge α=100,5,1600,98,50,0.6040328889712794,0.578180272794854,0.5912515103066984,0.7179003263799844,0.5687553118813233,False
ElasticNet,1,1600,98,50,0.6402903142528644,0.6168049383679748,0.6286792850163526,0.7031786158542653,0.5626704005914054,False
ElasticNet,2,1600,98,50,0.5847254402680456,0.5576122444960726,0.5713208385981956,0.7236663515224498,0.5802341821432049,False
ElasticNet,3,1600,98,50,0.6422234434945759,0.6188642812443883,0.6306748135234519,0.6867457335471993,0.5416662597534705,False
ElasticNet,4,1600,98,50,0.6302770432211668,0.6061379028052271,0.6183427967144259,0.6930950545730356,0.5529864330036921,False
ElasticNet,5,1600,98,50,0.6054452430486522,0.5796848391970653,0.5927094536054196,0.7166188623723804,0.5682227181176609,False
HistGradientBoosting,1,1600,98,50,0.6290585468914236,0.6048398510855338,0.6170849686761694,0.7140724431877812,0.5744785219625609,False
HistGradientBoosting,2,1600,98,50,0.573716526378284,0.5458845607454204,0.5599565691923021,0.7331957930339726,0.5869857116854144,False
HistGradientBoosting,3,1600,98,50,0.6306115367322976,0.606494235333074,0.6186880873046765,0.6978011708835367,0.5507100318017506,False
HistGradientBoosting,4,1600,98,50,0.6182238074662669,0.5932977136166294,0.6059004958931962,0.704302147278909,0.5620684680297553,False
HistGradientBoosting,5,1600,98,50,0.5928539621400402,0.5662714759906224,0.5797117401303578,0.7279636597481012,0.5767503938426786,False
ExtraTrees,1,1600,98,50,0.6125497077519263,0.5872531530282012,0.6000432425405617,0.7297894578047299,0.5819992857142857,False
ExtraTrees,2,1600,98,50,0.5586114170975343,0.5297932417981062,0.5443638837565896,0.7460728980914676,0.5985781056547619,False
ExtraTrees,3,1600,98,50,0.6125282449051341,0.5872302888762888,0.6000210868969074,0.7146774103922109,0.5665398690476191,False
ExtraTrees,4,1600,98,50,0.60746485258969,0.5818363086548396,0.59479425389988,0.7141572771424329,0.5705631688988094,False
ExtraTrees,5,1600,98,50,0.5807700679712732,0.5533986267062397,0.5672377912757043,0.7386874738627546,0.5847565181051587,False
