scope,split,model,accuracy,macro_f1,weighted_f1,quadratic_weighted_kappa,grade_mae,severe_error_rate,log_loss
strict_no_proxy,outer_validation,Stacking,0.779,0.7773818380086666,0.7797912068745131,0.911927752063471,0.221,0.0,0.5009561470812595
strict_no_proxy,outer_validation,Multinomial_Logistic,0.7675,0.7676909040970961,0.7697192394032909,0.9058544264009938,0.233,0.0005,0.4997032415916419
strict_no_proxy,outer_validation,Ordinal_Cumulative,0.739,0.7246236554568433,0.7273276133346559,0.9001463049719417,0.2645,0.0035,0.5515045066644831
strict_no_proxy,outer_validation,LightGBM_Tuned,0.7315,0.7312261772595063,0.7337190995479652,0.8855154786085672,0.274,0.0055,0.6001535021998436
strict_no_proxy,outer_validation,Dummy_Most_Frequent,0.259,0.1028594122319301,0.10656235107227958,0.0,0.9845,0.2435,26.708347161335805
competition_full,outer_validation,Stacking,0.8945,0.8948693196590167,0.8953730931051096,0.9576515092520413,0.1055,0.0,0.262846783207154
competition_full,outer_validation,Multinomial_Logistic,0.889,0.8892697051238483,0.8898775816834331,0.9554820005907658,0.111,0.0,0.255135128763705
competition_full,outer_validation,Ordinal_Cumulative,0.8805,0.8786588920708739,0.8792861403923248,0.9535830397476782,0.1195,0.0,0.2619997950432054
competition_full,outer_validation,LightGBM_Tuned,0.8805,0.8814255351138379,0.8818154496167858,0.9517181080932572,0.1195,0.0,0.2913874504013063
competition_full,outer_validation,Dummy_Most_Frequent,0.259,0.1028594122319301,0.10656235107227958,0.0,0.9845,0.2435,26.708347161335805
