source,target,abs_spearman
BMI,Weight_kg,0.8444323193902453
Exercise_Frequency_Per_Week,Daily_Steps,0.834334951277336
Energy_Level_Score,Fatigue_Level_Score,0.8123597027516658
Anxiety_Score,Stress_Level,0.7409484884010421
Depression_Risk_Score,Stress_Level,0.6955312749422101
Mood_Score,Life_Satisfaction_Score,0.692065679134768
Mood_Score,Depression_Risk_Score,0.6792604615962696
Mood_Score,Anxiety_Score,0.6638363986302042
Mood_Score,Stress_Level,0.6456484721904345
Anxiety_Score,Depression_Risk_Score,0.6335145013617348
Depression_Risk_Score,Life_Satisfaction_Score,0.6205983293173573
Life_Satisfaction_Score,Stress_Level,0.6051021912064025
Fatigue_Level_Score,Sleep_Quality_Score,0.6011234091260159
Energy_Level_Score,Productivity_Score,0.5879688067084076
Exercise_Frequency_Per_Week,Water_Intake_Liters,0.583004995066398
Anxiety_Score,Life_Satisfaction_Score,0.5740505620459166
Energy_Level_Score,Mood_Score,0.5698913060693598
Mood_Score,Sleep_Quality_Score,0.5569772202437594
Energy_Level_Score,Anxiety_Score,0.5387765223419843
Fatigue_Level_Score,Productivity_Score,0.535644741859856
Mood_Score,Fatigue_Level_Score,0.5333788014379798
Energy_Level_Score,Exercise_Frequency_Per_Week,0.5274560593401213
Energy_Level_Score,Depression_Risk_Score,0.5261351422846268
Productivity_Score,Sleep_Quality_Score,0.5013217181930861
Energy_Level_Score,Sleep_Quality_Score,0.4983190453156077
Mood_Score,Productivity_Score,0.4982173554240024
Daily_Steps,Water_Intake_Liters,0.4973494503489702
Energy_Level_Score,Life_Satisfaction_Score,0.48681960268064056
