scope,model,class,precision,recall,f1-score,support
strict_no_proxy,Dummy_Most_Frequent,Poor,0.0,0.0,0.0,487.0
strict_no_proxy,Dummy_Most_Frequent,Average,0.0,0.0,0.0,464.0
strict_no_proxy,Dummy_Most_Frequent,Good,0.259,1.0,0.4114376489277204,518.0
strict_no_proxy,Dummy_Most_Frequent,Excellent,0.0,0.0,0.0,531.0
strict_no_proxy,Multinomial_Logistic,Poor,0.8784648187633263,0.8459958932238193,0.8619246861924686,487.0
strict_no_proxy,Multinomial_Logistic,Average,0.6441717791411042,0.6788793103448276,0.6610703043022036,464.0
strict_no_proxy,Multinomial_Logistic,Good,0.6722222222222223,0.7007722007722008,0.6862003780718336,518.0
strict_no_proxy,Multinomial_Logistic,Excellent,0.8864541832669323,0.8380414312617702,0.861568247821878,531.0
strict_no_proxy,Ordinal_Cumulative,Poor,0.7828371278458844,0.917864476386037,0.8449905482041588,487.0
strict_no_proxy,Ordinal_Cumulative,Average,0.6467532467532467,0.5366379310344828,0.5865724381625441,464.0
strict_no_proxy,Ordinal_Cumulative,Good,0.6943765281173594,0.5482625482625483,0.6127292340884574,518.0
strict_no_proxy,Ordinal_Cumulative,Excellent,0.784251968503937,0.9378531073446328,0.8542024013722127,531.0
strict_no_proxy,LightGBM_Tuned,Poor,0.8425531914893617,0.813141683778234,0.8275862068965517,487.0
strict_no_proxy,LightGBM_Tuned,Average,0.5942622950819673,0.625,0.6092436974789915,464.0
strict_no_proxy,LightGBM_Tuned,Good,0.638733705772812,0.6621621621621622,0.6502369668246446,518.0
strict_no_proxy,LightGBM_Tuned,Excellent,0.8594059405940594,0.8173258003766478,0.8378378378378378,531.0
strict_no_proxy,Stacking,Poor,0.8708333333333333,0.8583162217659137,0.8645294725956567,487.0
strict_no_proxy,Stacking,Average,0.6681318681318681,0.6551724137931034,0.661588683351469,464.0
strict_no_proxy,Stacking,Good,0.6885245901639344,0.7297297297297297,0.7085285848172446,518.0
strict_no_proxy,Stacking,Excellent,0.8875968992248062,0.8625235404896422,0.874880611270296,531.0
