scope,model,absolute_grade_error,count,rate
strict_no_proxy,Dummy_Most_Frequent,0,518,0.259
strict_no_proxy,Dummy_Most_Frequent,1,995,0.4975
strict_no_proxy,Dummy_Most_Frequent,2,487,0.2435
strict_no_proxy,Dummy_Most_Frequent,3,0,0.0
strict_no_proxy,Multinomial_Logistic,0,1535,0.7675
strict_no_proxy,Multinomial_Logistic,1,464,0.232
strict_no_proxy,Multinomial_Logistic,2,1,0.0005
strict_no_proxy,Multinomial_Logistic,3,0,0.0
strict_no_proxy,Ordinal_Cumulative,0,1478,0.739
strict_no_proxy,Ordinal_Cumulative,1,515,0.2575
strict_no_proxy,Ordinal_Cumulative,2,7,0.0035
strict_no_proxy,Ordinal_Cumulative,3,0,0.0
strict_no_proxy,LightGBM_Tuned,0,1463,0.7315
strict_no_proxy,LightGBM_Tuned,1,526,0.263
strict_no_proxy,LightGBM_Tuned,2,11,0.0055
strict_no_proxy,LightGBM_Tuned,3,0,0.0
strict_no_proxy,Stacking,0,1558,0.779
strict_no_proxy,Stacking,1,442,0.221
strict_no_proxy,Stacking,2,0,0.0
strict_no_proxy,Stacking,3,0,0.0
