feature,gain_importance,split_importance,gain_importance_normalized
num__BMI,43194.601794084534,3481,0.1619867277641379
num__Energy_Level_Score,27279.402241758537,664,0.1023021609406136
num__Mood_Score,18516.989737525582,1317,0.06944169991248007
num__Daily_Steps,17566.610966011882,2071,0.06587762614076426
num__Mental_Risk_Composite,14330.085432772059,888,0.05374013305878383
num__Sleep_Quality_Score,14289.112037055194,2151,0.05358647621228249
num__Fast_Food_Meals_Per_Week,11855.833899144083,1730,0.04446129049626982
num__Exercise_Frequency_Per_Week,11422.815292596817,842,0.04283740083825278
num__Energy_Fatigue_Gap,9428.772358766757,552,0.0353594180242853
num__Disease_Risk_Composite,7721.805050328374,452,0.02895801513573827
num__Weekly_Exercise_Minutes,5105.045473180711,989,0.019144744411115706
num__Immune_Health_Score,5073.884002231993,770,0.019027883866009548
num__Stress_Level,5053.112225554127,1372,0.01894998635117806
num__Water_Intake_Liters,4429.396527720615,1143,0.016610951824854153
num__Productivity_Score,4367.309007737786,714,0.01637811360481559
num__Weight_kg,3987.222090893425,1027,0.014952726325657717
cat__Smoking_Status_Current,3153.2304701805115,514,0.011825123152788646
num__Anxiety_Score,3140.032309444621,652,0.011775627920020815
num__Steps_Per_Sitting_Hour,2867.7231192123145,708,0.010754424509554964
cat__Cardiovascular_Risk_Low,2701.941234409809,151,0.010132715686546279
num__Fruit_Vegetable_Intake,2618.090421102941,664,0.009818261604235436
cat__Obesity_Risk_Low,2587.6584519147873,109,0.009704136808463312
num__Depression_Risk_Score,2251.8027388644405,449,0.008444623681863137
num__Protein_Intake_Grams,2035.3448451422155,711,0.0076328716469692155
num__Cholesterol_Level,1976.0528212186182,651,0.007410516988308794
num__Life_Satisfaction_Score,1863.5570704508573,470,0.006988639767606294
num__Fatigue_Level_Score,1787.4025804698467,366,0.00670304813985201
num__Age,1661.9056145250797,618,0.006232414264011898
num__Blood_Sugar_Level,1587.2325299824588,583,0.005952378145730781
num__Vegetable_Intake_Per_Day,1556.0908396691084,448,0.005835591781199586
num__Resting_Heart_Rate,1466.7047627139837,495,0.005500379566889579
num__Weekend_Sleep_Difference_Hours,1433.4989907555282,608,0.005375852563073815
num__Focus_Concentration_Score,1404.2884457595646,516,0.0052663083051440835
cat__Alcohol_Consumption_Heavy,1400.2685261964798,257,0.005251232958020769
num__Height_cm,1384.563582725823,593,0.00519233688543605
num__Outdoor_Time_Hours,1357.4516349062324,521,0.005090662705603491
cat__Obesity_Risk_High,1277.661598443985,44,0.004791437191815544
num__Unhealthy_Diet_Exposure,1252.692145243287,373,0.004697797712574072
num__Daily_Calorie_Intake,1172.3454007469118,499,0.004396484453812846
num__Screen_Time_Before_Bed_Hours,1127.2648310437799,485,0.004227425042019553
num__Breakfast_Regularity_Score,1120.521454885602,469,0.004202136293134836
num__Wake_Time_Sin,1087.658542688936,423,0.004078895068758805
num__Sleep_Duration_Hours,1044.525599642191,456,0.003917139571248095
num__Social_Interaction_Score,1019.8929013796151,431,0.0038247629773723642
num__Working_Hours_Per_Day,1009.1492390623316,448,0.003784472509797827
num__Mean_Arterial_Pressure,909.9012110047042,305,0.0034122763872652165
num__Wake_Time_Minutes,828.0336342640221,314,0.00310525976214567
num__Sleep_Time_Minutes,826.2315866053104,367,0.0030985017925988893
num__Exercise_Duration_Minutes,753.1482854560018,367,0.002824427618612666
num__Systolic_BP,713.998738097027,277,0.0026776104977983706
num__Sleep_Time_Cos,661.6408711224794,298,0.002481260046777927
num__Sleep_Time_Sin,627.8636837303638,287,0.0023545901428670586
num__Sugary_Drinks_Per_Week,537.8897341191769,231,0.0020171733112219624
num__Nap_Frequency_Per_Week,487.93876802921295,191,0.0018298491269606138
num__Diastolic_BP,487.0178858352592,206,0.0018263956701151047
num__Pulse_Pressure,457.7048076232895,211,0.0017164668960778476
num__Sitting_Hours_Per_Day,444.5858685877174,205,0.001667268757471542
num__Disease_Risk_Count_High,415.48507606983185,72,0.0015581360890471983
cat__Morning_Workout_No,398.70871990919113,143,0.0014952220459632291
cat__Cardiovascular_Risk_High,341.0865967273712,50,0.001279129784584323
num__Fruit_Intake_Per_Day,311.4378906786442,154,0.0011679423519933409
num__Wake_Time_Cos,279.88001208007336,113,0.001049595214225295
num__Number_of_Night_Awakenings,217.03530487418175,101,0.0008139174199002675
cat__Smoking_Status_Never,188.130346596241,62,0.0007055191614807679
cat__Meditation_Practice_No,175.38934034109116,68,0.0006577383317943885
cat__Workout_Intensity_Moderate,152.8546346910298,80,0.0005732295488037931
cat__Cardiovascular_Risk_Medium,132.40401765704155,36,0.0004965364344677566
cat__Morning_Workout_Yes,120.64157927036285,58,0.00045242539221603
cat__Occupation_Manager,117.7730495929718,56,0.00044166794298313697
cat__Gym_Member_No,107.19002804160118,49,0.00040197990420606344
cat__Exercise_Type_Cycling,107.07127743959427,38,0.000401534570283764
cat__Marital_Status_Single,103.21941465139389,39,0.0003870894631884029
cat__Marital_Status_Married,99.13788995146751,60,0.0003717830868596802
cat__Alcohol_Consumption_Light,99.09069013595581,45,0.0003716060799340866
cat__Occupation_Doctor,85.89886516332626,38,0.00032213460730099136
cat__Alcohol_Consumption_Moderate,85.33183404803276,34,0.00032000814910733297
cat__Workout_Intensity_High,84.35764107108116,35,0.00031635476822192783
cat__Gender_Female,73.50544041395187,26,0.00027565726435631874
cat__Gender_Male,66.90795599669218,36,0.0002509156330450389
cat__Exercise_Type_Weight Training,66.76068687438965,32,0.00025036335006911966
cat__Obesity_Risk_Medium,63.634809136390686,12,0.0002386408040763803
cat__Gym_Member_Yes,45.560520231723785,19,0.0001708593037331681
cat__Occupation_Lawyer,41.77423286437988,22,0.00015666011504902273
cat__Country_Pakistan,41.738553047180176,22,0.00015652630997627415
cat__Exercise_Type_Sports,41.73743999004364,20,0.00015652213583237947
cat__Sleep_Disorder_Risk_Medium,41.64362853765488,9,0.00015617032774599635
cat__Diabetes_Risk_Medium,41.44221901893616,19,0.0001554150095459739
cat__Occupation_Freelancer,41.09839928150177,15,0.00015412563004264557
cat__Country_Mexico,40.40142011642456,17,0.00015151184569040505
cat__Workout_Intensity_Low,38.22451055049896,16,0.0001433480834938282
cat__Country_India,38.122099697589874,13,0.00014296402626766462
cat__Meditation_Practice_Yes,37.82133996486664,14,0.00014183612873131725
cat__Exercise_Type_Running,37.35879451036453,16,0.00014010150862822757
cat__Occupation_Entrepreneur,37.271690249443054,16,0.0001397748535922986
cat__Exercise_Type_Walking,36.69208014011383,14,0.00013760122214092328
num__Alcohol_Consumption_Missing,33.9838901758194,11,0.00012744507270884747
cat__Exercise_Type_HIIT,32.078755021095276,17,0.00012030050841506462
cat__Country_Brazil,31.904929876327515,12,0.00011964863606911065
cat__Occupation_Accountant,28.670939683914185,10,0.0001075206509244
cat__Exercise_Type_Swimming,27.511350870132446,17,0.00010317200573045063
cat__Country_UK,26.797189950942993,13,0.00010049378702738178
cat__Exercise_Type_Yoga,23.18731999397278,9,8.69561921035699e-05
cat__Country_USA,20.966097056865692,8,7.862624761347161e-05
cat__Country_Nigeria,20.786979973316193,12,7.795452964303733e-05
cat__Hypertension_Risk_Medium,20.01292908191681,11,7.505171387873339e-05
cat__Country_France,19.782819211483,12,7.41887647279229e-05
cat__Sleep_Disorder_Risk_Low,19.258305221796036,10,7.222175261698963e-05
cat__Occupation_Nurse,17.4509299993515,8,6.54438038464128e-05
cat__Country_Australia,16.858528971672058,10,6.322220438693943e-05
cat__Occupation_Teacher,16.612792909145355,12,6.230065449392027e-05
cat__Occupation_Student,14.42913019657135,7,5.411156690754352e-05
cat__Marital_Status_Widowed,13.196709632873535,5,4.9489790897329595e-05
cat__Occupation_Artist,12.198349952697754,7,4.5745780974648154e-05
cat__Occupation_Software Engineer,11.126323848962784,6,4.172551007483521e-05
cat__Country_Spain,10.99563992023468,5,4.123542425145053e-05
cat__Smoking_Status_Former,9.377289772033691,5,3.516635001542905e-05
cat__Country_Canada,9.173290252685547,5,3.440131889505445e-05
cat__Diabetes_Risk_High,9.11221981048584,1,3.417229488084548e-05
cat__Gender_Non-binary,7.811976075172424,5,2.9296171031311935e-05
cat__Country_Japan,6.555359959602356,3,2.458365779673562e-05
cat__Country_South Korea,6.549369931221008,3,2.456119422359437e-05
cat__Occupation_Laborer,5.801950097084045,3,2.1758249221924226e-05
cat__Country_Italy,5.647784054279327,4,2.118010168105021e-05
cat__Hypertension_Risk_Low,4.730189800262451,1,1.7738975140934155e-05
cat__Diabetes_Risk_Low,3.761970043182373,1,1.410799479404578e-05
cat__Occupation_Retired,3.727663040161133,2,1.3979337996020472e-05
cat__Hypertension_Risk_High,2.213879019021988,2,8.302403612068117e-06
cat__Marital_Status_Divorced,1.503309965133667,1,5.6376549835579754e-06
num__Exercise_Type_Missing,1.1952999830245972,1,4.482567841919555e-06
cat__Country_Germany,1.150979995727539,1,4.316360736896959e-06
cat__Alcohol_Consumption_Unknown,0.7423819899559021,1,2.784052272949872e-06
num__Workout_Intensity_Missing,0.0,0,0.0
cat__Occupation_Chef,0.0,0,0.0
cat__Exercise_Type_None,0.0,0,0.0
cat__Occupation_Athlete,0.0,0,0.0
cat__Workout_Intensity_None,0.0,0,0.0
cat__Sleep_Disorder_Risk_High,0.0,0,0.0
