class,feature,mean_abs_shap
Average,num__BMI,0.47093563183963066
Average,num__Sleep_Quality_Score,0.37684214698617796
Average,num__Daily_Steps,0.3000893295292513
Average,num__Fast_Food_Meals_Per_Week,0.2677051675181674
Average,num__Mood_Score,0.25244255125168724
Average,num__Energy_Level_Score,0.17706498755548974
Average,num__Fruit_Vegetable_Intake,0.13187973209163767
Average,num__Disease_Risk_Composite,0.12050086838563596
Average,num__Water_Intake_Liters,0.11282240466280327
Average,num__Weekly_Exercise_Minutes,0.1110537585248607
Average,num__Productivity_Score,0.10710742940186996
Average,num__Stress_Level,0.1016285311578296
Average,num__Weight_kg,0.10090849374625664
Average,num__Immune_Health_Score,0.0964400340142767
Average,num__Exercise_Frequency_Per_Week,0.09432617579130137
Average,num__Anxiety_Score,0.07850198907633722
Average,num__Mental_Risk_Composite,0.07643557888495929
Average,num__Energy_Fatigue_Gap,0.06304778901857663
Average,num__Resting_Heart_Rate,0.05867363804105406
Average,num__Steps_Per_Sitting_Hour,0.05273988172117737
Average,num__Protein_Intake_Grams,0.04955776509490863
Average,num__Vegetable_Intake_Per_Day,0.046533722104145143
Average,cat__Smoking_Status_Current,0.045925229174440155
Average,num__Breakfast_Regularity_Score,0.04304807992803566
Average,num__Blood_Sugar_Level,0.038849279272155195
Average,num__Age,0.03882792109902477
Average,num__Life_Satisfaction_Score,0.03800588535759619
Average,num__Cholesterol_Level,0.03655641698540043
Average,num__Social_Interaction_Score,0.03508887089006043
Average,num__Working_Hours_Per_Day,0.034958633744056944
Average,num__Weekend_Sleep_Difference_Hours,0.03284119878117516
Average,cat__Morning_Workout_No,0.03179075291408485
Average,num__Depression_Risk_Score,0.030577445878346526
Average,num__Sleep_Duration_Hours,0.03041946957892427
Average,cat__Alcohol_Consumption_Heavy,0.02878577265130491
Average,num__Fatigue_Level_Score,0.02795984529982024
Average,num__Exercise_Duration_Minutes,0.0275729059507734
Average,num__Nap_Frequency_Per_Week,0.026857477078078354
Average,num__Focus_Concentration_Score,0.026087362438109798
Average,cat__Obesity_Risk_Low,0.02442700115018605
Average,num__Daily_Calorie_Intake,0.022252328326447787
Average,cat__Obesity_Risk_High,0.021287005841291708
Average,num__Mean_Arterial_Pressure,0.02073351953432489
Average,num__Wake_Time_Minutes,0.019128920802480708
Average,num__Systolic_BP,0.01893249173662396
Average,num__Outdoor_Time_Hours,0.018788831690373434
Average,num__Diastolic_BP,0.017628936068355316
Average,num__Wake_Time_Sin,0.01708185122848321
Average,num__Height_cm,0.017051072320342937
Average,num__Screen_Time_Before_Bed_Hours,0.015259898962497485
Average,num__Sitting_Hours_Per_Day,0.015091342332329026
Average,num__Disease_Risk_Count_High,0.014063012485942881
Average,num__Unhealthy_Diet_Exposure,0.013570286841139251
Average,cat__Cardiovascular_Risk_High,0.013346316653554104
Average,num__Sleep_Time_Cos,0.01171545430531111
Average,num__Sleep_Time_Minutes,0.01072398642605293
Average,cat__Cardiovascular_Risk_Medium,0.01020462694729229
Average,num__Pulse_Pressure,0.009919853368026543
Average,num__Fruit_Intake_Per_Day,0.009812143278731828
Average,cat__Cardiovascular_Risk_Low,0.009592984273642103
Average,num__Sugary_Drinks_Per_Week,0.009288473324201303
Average,cat__Morning_Workout_Yes,0.009200450952453625
Average,num__Wake_Time_Cos,0.009050111834254202
Average,cat__Exercise_Type_Weight Training,0.00894121230083486
Average,num__Sleep_Time_Sin,0.008448956356859931
Average,cat__Occupation_Lawyer,0.007575335895515175
Average,cat__Workout_Intensity_High,0.006524496260988103
Average,cat__Smoking_Status_Never,0.006432328968424708
Average,num__Number_of_Night_Awakenings,0.00630656352880613
Average,cat__Gender_Female,0.005526607194984463
Average,cat__Exercise_Type_Running,0.0053183286954441526
Average,cat__Occupation_Doctor,0.004985340160531084
Average,cat__Country_Brazil,0.004822059733809833
Average,cat__Gender_Male,0.004691288409418914
Average,cat__Occupation_Manager,0.00449920697171882
Average,cat__Marital_Status_Single,0.0037037514805048676
Average,cat__Country_Pakistan,0.0035225471535549977
Average,cat__Country_UK,0.0032184146516281353
Average,cat__Exercise_Type_Walking,0.003076789701101015
Average,cat__Diabetes_Risk_Medium,0.002767694084253522
Average,cat__Occupation_Accountant,0.002574781068734878
Average,cat__Obesity_Risk_Medium,0.002563076396637292
Average,cat__Occupation_Freelancer,0.0024317865980152185
Average,cat__Meditation_Practice_No,0.0023203344819608474
Average,cat__Exercise_Type_Sports,0.002308404036721541
Average,cat__Workout_Intensity_Moderate,0.002173503895523766
Average,num__Alcohol_Consumption_Missing,0.002018829208338405
Average,cat__Marital_Status_Married,0.002009663496306675
Average,cat__Gym_Member_No,0.0019870670825875006
Average,cat__Marital_Status_Widowed,0.0019341188007949261
Average,cat__Occupation_Nurse,0.0017818959165491156
Average,cat__Country_Mexico,0.0016341878296823673
Average,cat__Country_Australia,0.0016107852999281461
Average,cat__Country_India,0.0015564286231313693
Average,cat__Hypertension_Risk_Low,0.0011806118780363125
Average,cat__Country_Italy,0.001119978195679612
Average,cat__Exercise_Type_HIIT,0.0010352365456677887
Average,cat__Workout_Intensity_Low,0.0008873125987623095
Average,cat__Occupation_Software Engineer,0.0008543696862911128
Average,cat__Hypertension_Risk_Medium,0.0007437784137015465
Average,cat__Exercise_Type_Swimming,0.0006855429727375033
Average,cat__Meditation_Practice_Yes,0.0006499341536973552
Average,cat__Diabetes_Risk_High,0.0006330770670827375
Average,cat__Sleep_Disorder_Risk_Low,0.0005333750910326635
Average,cat__Occupation_Entrepreneur,0.00046804724312707
Average,cat__Country_Canada,0.0004381232939963407
Average,cat__Occupation_Student,0.00041938347779321684
Average,cat__Alcohol_Consumption_Moderate,0.0004155252497593422
Average,cat__Country_Japan,0.0003731415710573119
Average,cat__Smoking_Status_Former,0.00036164194459837397
Average,cat__Exercise_Type_Cycling,0.0003345052932424227
Average,cat__Country_Germany,0.00032962465006122115
Average,cat__Alcohol_Consumption_Light,0.0003251156050125654
Average,cat__Country_Nigeria,0.00031897296227660404
Average,cat__Country_USA,0.00029234255313154774
Average,cat__Hypertension_Risk_High,0.00024591389520409683
Average,num__Exercise_Type_Missing,0.0
Average,num__Workout_Intensity_Missing,0.0
Average,cat__Gender_Non-binary,0.0
Average,cat__Country_France,0.0
Average,cat__Country_South Korea,0.0
Average,cat__Country_Spain,0.0
Average,cat__Occupation_Artist,0.0
Average,cat__Occupation_Athlete,0.0
Average,cat__Occupation_Chef,0.0
Average,cat__Occupation_Laborer,0.0
Average,cat__Occupation_Retired,0.0
Average,cat__Occupation_Teacher,0.0
Average,cat__Marital_Status_Divorced,0.0
Average,cat__Exercise_Type_None,0.0
Average,cat__Exercise_Type_Yoga,0.0
Average,cat__Workout_Intensity_None,0.0
Average,cat__Gym_Member_Yes,0.0
Average,cat__Alcohol_Consumption_Unknown,0.0
Average,cat__Diabetes_Risk_Low,0.0
Average,cat__Sleep_Disorder_Risk_High,0.0
Average,cat__Sleep_Disorder_Risk_Medium,0.0
Excellent,num__BMI,1.4475061163239773
Excellent,num__Sleep_Quality_Score,0.7919788495876958
Excellent,num__Fast_Food_Meals_Per_Week,0.5888650976877646
Excellent,num__Daily_Steps,0.561580361449998
Excellent,num__Stress_Level,0.4411615606409906
Excellent,num__Mood_Score,0.43992821947308264
Excellent,num__Exercise_Frequency_Per_Week,0.41573091016483316
Excellent,cat__Smoking_Status_Current,0.3734424573545817
Excellent,num__Energy_Level_Score,0.3341328944589161
Excellent,num__Mental_Risk_Composite,0.3042772525758838
Excellent,num__Weekly_Exercise_Minutes,0.27651258660462436
Excellent,num__Water_Intake_Liters,0.2688086458050082
Excellent,num__Fruit_Vegetable_Intake,0.20650041867916746
Excellent,num__Age,0.19478752555299866
Excellent,num__Productivity_Score,0.1834284357144277
Excellent,num__Immune_Health_Score,0.17965924280228332
Excellent,num__Disease_Risk_Composite,0.15296027171021562
Excellent,cat__Alcohol_Consumption_Heavy,0.14718913366957181
Excellent,num__Vegetable_Intake_Per_Day,0.13514862609555667
Excellent,num__Energy_Fatigue_Gap,0.1151765487388676
Excellent,num__Steps_Per_Sitting_Hour,0.11498821011555177
Excellent,num__Weight_kg,0.11325349902553866
Excellent,cat__Cardiovascular_Risk_Low,0.10273852778701292
Excellent,cat__Obesity_Risk_Low,0.08458536983591608
Excellent,num__Depression_Risk_Score,0.08107577519838494
Excellent,cat__Morning_Workout_No,0.06390002477662336
Excellent,num__Resting_Heart_Rate,0.0636209686565349
Excellent,num__Outdoor_Time_Hours,0.05584010585185983
Excellent,num__Anxiety_Score,0.05472432584986402
Excellent,num__Protein_Intake_Grams,0.05131904172764694
Excellent,num__Daily_Calorie_Intake,0.046552537187099285
Excellent,cat__Morning_Workout_Yes,0.04363842871328452
Excellent,num__Unhealthy_Diet_Exposure,0.043070965516672687
Excellent,num__Fatigue_Level_Score,0.04189635283671921
Excellent,num__Sugary_Drinks_Per_Week,0.03801901663757667
Excellent,cat__Alcohol_Consumption_Moderate,0.035383650714686805
Excellent,num__Cholesterol_Level,0.030919684867818938
Excellent,num__Height_cm,0.03052153500176346
Excellent,num__Weekend_Sleep_Difference_Hours,0.030309782109085893
Excellent,cat__Meditation_Practice_No,0.02832550082550377
Excellent,num__Focus_Concentration_Score,0.028194135182172456
Excellent,num__Breakfast_Regularity_Score,0.027680974224341175
Excellent,num__Screen_Time_Before_Bed_Hours,0.02765028970435669
Excellent,num__Working_Hours_Per_Day,0.025593351368582665
Excellent,num__Life_Satisfaction_Score,0.022878552616783652
Excellent,num__Systolic_BP,0.02000155896862298
Excellent,num__Sleep_Duration_Hours,0.01941164209490139
Excellent,num__Blood_Sugar_Level,0.019246593061073115
Excellent,num__Sleep_Time_Sin,0.019064697638182925
Excellent,num__Wake_Time_Sin,0.017763863501366862
Excellent,num__Exercise_Duration_Minutes,0.017720405904966405
Excellent,num__Mean_Arterial_Pressure,0.01712885293497715
Excellent,num__Diastolic_BP,0.015878005137560124
Excellent,num__Fruit_Intake_Per_Day,0.01493821673554932
Excellent,num__Sleep_Time_Minutes,0.013436006248419953
Excellent,num__Sleep_Time_Cos,0.011945243532432055
Excellent,num__Pulse_Pressure,0.010975045586750588
Excellent,num__Wake_Time_Minutes,0.010805415526993711
Excellent,cat__Cardiovascular_Risk_Medium,0.00998626802323359
Excellent,num__Social_Interaction_Score,0.009456603653274193
Excellent,num__Sitting_Hours_Per_Day,0.008645062898722558
Excellent,cat__Workout_Intensity_Moderate,0.008097739627739024
Excellent,cat__Meditation_Practice_Yes,0.006293613599476298
Excellent,cat__Marital_Status_Married,0.005513784506186481
Excellent,cat__Country_India,0.0054894085810374025
Excellent,cat__Marital_Status_Single,0.005210930255372143
Excellent,cat__Occupation_Manager,0.004640488936364382
Excellent,num__Wake_Time_Cos,0.0045930344966906315
Excellent,cat__Exercise_Type_Walking,0.004549738315751829
Excellent,num__Nap_Frequency_Per_Week,0.0045370249376708496
Excellent,cat__Smoking_Status_Never,0.004429919043383428
Excellent,cat__Gender_Male,0.004152127726089186
Excellent,cat__Exercise_Type_Sports,0.004136708677589764
Excellent,num__Number_of_Night_Awakenings,0.003840993031338983
Excellent,num__Disease_Risk_Count_High,0.003126492167975835
Excellent,cat__Exercise_Type_Running,0.003060383638956026
Excellent,cat__Workout_Intensity_High,0.0026519651566004683
Excellent,cat__Alcohol_Consumption_Light,0.0026062099058067503
Excellent,cat__Workout_Intensity_Low,0.0021598994360281067
Excellent,cat__Exercise_Type_HIIT,0.0018999982919696795
Excellent,cat__Gym_Member_Yes,0.001869380372502373
Excellent,cat__Occupation_Artist,0.0018434194459695206
Excellent,cat__Exercise_Type_Weight Training,0.00183411550853013
Excellent,cat__Gender_Female,0.0017391127686184216
Excellent,cat__Occupation_Accountant,0.0016291815333536398
Excellent,cat__Gym_Member_No,0.001519262833124859
Excellent,num__Alcohol_Consumption_Missing,0.0013647076986179484
Excellent,cat__Country_Japan,0.0012346666521427967
Excellent,cat__Sleep_Disorder_Risk_Medium,0.0011646884623505813
Excellent,cat__Occupation_Software Engineer,0.001135231422339987
Excellent,cat__Exercise_Type_Cycling,0.0010670968665958316
Excellent,cat__Hypertension_Risk_Medium,0.0009205066062483581
Excellent,cat__Country_France,0.000838893204085908
Excellent,cat__Diabetes_Risk_Medium,0.0007244242309314523
Excellent,cat__Exercise_Type_Yoga,0.0007017961022948648
Excellent,cat__Country_Pakistan,0.0006980897926779279
Excellent,cat__Country_USA,0.0006887088103797882
Excellent,cat__Marital_Status_Divorced,0.0005303982542688443
Excellent,cat__Smoking_Status_Former,0.0004968608230220958
Excellent,cat__Occupation_Retired,0.00047385835436643915
Excellent,cat__Sleep_Disorder_Risk_Low,0.00040070591379820204
Excellent,cat__Alcohol_Consumption_Unknown,0.0003555123458124755
Excellent,cat__Obesity_Risk_High,0.0003469878649949676
Excellent,cat__Obesity_Risk_Medium,0.0002967406536331643
Excellent,num__Exercise_Type_Missing,0.0
Excellent,num__Workout_Intensity_Missing,0.0
Excellent,cat__Gender_Non-binary,0.0
Excellent,cat__Country_Australia,0.0
Excellent,cat__Country_Brazil,0.0
Excellent,cat__Country_Canada,0.0
Excellent,cat__Country_Germany,0.0
Excellent,cat__Country_Italy,0.0
Excellent,cat__Country_Mexico,0.0
Excellent,cat__Country_Nigeria,0.0
Excellent,cat__Country_South Korea,0.0
Excellent,cat__Country_Spain,0.0
Excellent,cat__Country_UK,0.0
Excellent,cat__Occupation_Athlete,0.0
Excellent,cat__Occupation_Chef,0.0
Excellent,cat__Occupation_Doctor,0.0
Excellent,cat__Occupation_Entrepreneur,0.0
Excellent,cat__Occupation_Freelancer,0.0
Excellent,cat__Occupation_Laborer,0.0
Excellent,cat__Occupation_Lawyer,0.0
Excellent,cat__Occupation_Nurse,0.0
Excellent,cat__Occupation_Student,0.0
Excellent,cat__Occupation_Teacher,0.0
Excellent,cat__Marital_Status_Widowed,0.0
Excellent,cat__Exercise_Type_None,0.0
Excellent,cat__Exercise_Type_Swimming,0.0
Excellent,cat__Workout_Intensity_None,0.0
Excellent,cat__Hypertension_Risk_High,0.0
Excellent,cat__Hypertension_Risk_Low,0.0
Excellent,cat__Diabetes_Risk_High,0.0
Excellent,cat__Diabetes_Risk_Low,0.0
Excellent,cat__Cardiovascular_Risk_High,0.0
Excellent,cat__Sleep_Disorder_Risk_High,0.0
Good,num__BMI,0.6001642801859521
Good,num__Daily_Steps,0.28503799568292243
Good,num__Sleep_Quality_Score,0.23893245685213618
Good,num__Mood_Score,0.22800752180580613
Good,num__Fast_Food_Meals_Per_Week,0.20874892499490966
Good,num__Energy_Level_Score,0.16043566801613668
Good,cat__Smoking_Status_Current,0.15829626589867304
Good,num__Stress_Level,0.12939933010734658
Good,num__Energy_Fatigue_Gap,0.1283927672906729
Good,num__Weekly_Exercise_Minutes,0.11842545740443605
Good,num__Mental_Risk_Composite,0.11280558671926905
Good,num__Disease_Risk_Composite,0.10677722360167262
Good,num__Steps_Per_Sitting_Hour,0.09935309397623607
Good,num__Exercise_Frequency_Per_Week,0.09515128636277408
Good,num__Anxiety_Score,0.08634851507034827
Good,num__Productivity_Score,0.08157360951208513
Good,num__Water_Intake_Liters,0.06578392277043786
Good,num__Weight_kg,0.06513790239960042
Good,num__Vegetable_Intake_Per_Day,0.06373304383715005
Good,num__Life_Satisfaction_Score,0.06290782686337952
Good,num__Protein_Intake_Grams,0.06161345059662552
Good,num__Depression_Risk_Score,0.047725458371949095
Good,num__Immune_Health_Score,0.04684129482579499
Good,num__Blood_Sugar_Level,0.04303653333548715
Good,num__Social_Interaction_Score,0.037230058981661304
Good,num__Fruit_Vegetable_Intake,0.03666924861894739
Good,num__Fruit_Intake_Per_Day,0.03537170340590308
Good,num__Age,0.0334276734310674
Good,num__Weekend_Sleep_Difference_Hours,0.03188751832203297
Good,num__Unhealthy_Diet_Exposure,0.031766251234304974
Good,num__Wake_Time_Sin,0.02952333164157594
Good,num__Screen_Time_Before_Bed_Hours,0.029419206754473504
Good,num__Fatigue_Level_Score,0.02844062392936886
Good,num__Height_cm,0.028290577567006495
Good,cat__Smoking_Status_Never,0.02691439810921041
Good,num__Cholesterol_Level,0.02663736169597939
Good,num__Outdoor_Time_Hours,0.025466488940891156
Good,cat__Alcohol_Consumption_Heavy,0.025057248375298834
Good,num__Focus_Concentration_Score,0.024124613926288924
Good,num__Daily_Calorie_Intake,0.021810292686054805
Good,cat__Exercise_Type_Cycling,0.02169117568080146
Good,num__Sugary_Drinks_Per_Week,0.02042120856350145
Good,num__Sleep_Duration_Hours,0.01932030335924464
Good,num__Working_Hours_Per_Day,0.019186342772423783
Good,num__Resting_Heart_Rate,0.018914617101025506
Good,num__Nap_Frequency_Per_Week,0.018241044490167987
Good,num__Breakfast_Regularity_Score,0.01812894654394286
Good,cat__Cardiovascular_Risk_High,0.01807280844788141
Good,num__Wake_Time_Minutes,0.017651765502676782
Good,num__Systolic_BP,0.01583613473953942
Good,num__Mean_Arterial_Pressure,0.01577489615599045
Good,num__Sleep_Time_Sin,0.013997885907366576
Good,cat__Occupation_Doctor,0.013997603551546871
Good,num__Sleep_Time_Minutes,0.01397341288427796
Good,num__Exercise_Duration_Minutes,0.013884654008765984
Good,cat__Meditation_Practice_No,0.013679222379523164
Good,num__Number_of_Night_Awakenings,0.013310291897233654
Good,cat__Marital_Status_Single,0.011331528944173193
Good,num__Pulse_Pressure,0.010597331577006274
Good,cat__Obesity_Risk_Low,0.009108439981883947
Good,cat__Morning_Workout_No,0.009013221470900924
Good,cat__Country_Mexico,0.008090535132871304
Good,num__Diastolic_BP,0.00805318486237108
Good,num__Sleep_Time_Cos,0.007829846568758255
Good,cat__Occupation_Entrepreneur,0.007644790044098017
Good,cat__Morning_Workout_Yes,0.00763115435693479
Good,num__Disease_Risk_Count_High,0.00651087885770584
Good,cat__Alcohol_Consumption_Light,0.00645847519150156
Good,num__Wake_Time_Cos,0.0059937397450376285
Good,num__Sitting_Hours_Per_Day,0.005931934172703862
Good,cat__Gender_Female,0.0052596704781549385
Good,cat__Obesity_Risk_High,0.005160003982665208
Good,cat__Country_Nigeria,0.005049729895074527
Good,cat__Occupation_Manager,0.004895661980765658
Good,cat__Workout_Intensity_Moderate,0.004809175185371367
Good,cat__Exercise_Type_Swimming,0.004718762375548868
Good,cat__Workout_Intensity_High,0.0043930860762890255
Good,cat__Cardiovascular_Risk_Low,0.004249666819579218
Good,cat__Country_France,0.0038039512909047828
Good,cat__Gym_Member_Yes,0.003411835723767998
Good,cat__Gender_Non-binary,0.0028690024128280272
Good,cat__Meditation_Practice_Yes,0.0027627984526262476
Good,cat__Marital_Status_Married,0.002735391298662249
Good,cat__Gym_Member_No,0.00273209250677262
Good,cat__Exercise_Type_HIIT,0.002604558501063945
Good,cat__Country_USA,0.0026006713436463095
Good,cat__Occupation_Lawyer,0.0025684212474629967
Good,cat__Exercise_Type_Yoga,0.0025325769727552266
Good,cat__Country_Australia,0.0023830684108328724
Good,cat__Country_Spain,0.0020848385502145006
Good,cat__Workout_Intensity_Low,0.001739139357053492
Good,cat__Occupation_Nurse,0.001534337933695838
Good,cat__Cardiovascular_Risk_Medium,0.0012842202076287757
Good,cat__Occupation_Artist,0.0012668737888498509
Good,cat__Exercise_Type_Running,0.0011781857676094575
Good,cat__Country_South Korea,0.0011703532066806633
Good,cat__Obesity_Risk_Medium,0.0010624390718018163
Good,cat__Gender_Male,0.0009671029767681941
Good,cat__Country_Pakistan,0.0009576087402767458
Good,cat__Occupation_Freelancer,0.0008647000432294535
Good,cat__Country_UK,0.0008392623816564237
Good,num__Exercise_Type_Missing,0.0007305482949276262
Good,cat__Occupation_Retired,0.0005777241405426179
Good,cat__Country_India,0.0004921098202441798
Good,cat__Exercise_Type_Weight Training,0.00047450637735060045
Good,cat__Occupation_Student,0.00046193325309008
Good,num__Alcohol_Consumption_Missing,0.0004164969606826167
Good,cat__Smoking_Status_Former,0.0004028428406512012
Good,cat__Diabetes_Risk_Low,0.00035466746594088654
Good,cat__Sleep_Disorder_Risk_Low,0.00017047999188293092
Good,cat__Hypertension_Risk_Medium,0.00016838667259793923
Good,num__Workout_Intensity_Missing,0.0
Good,cat__Country_Brazil,0.0
Good,cat__Country_Canada,0.0
Good,cat__Country_Germany,0.0
Good,cat__Country_Italy,0.0
Good,cat__Country_Japan,0.0
Good,cat__Occupation_Accountant,0.0
Good,cat__Occupation_Athlete,0.0
Good,cat__Occupation_Chef,0.0
Good,cat__Occupation_Laborer,0.0
Good,cat__Occupation_Software Engineer,0.0
Good,cat__Occupation_Teacher,0.0
Good,cat__Marital_Status_Divorced,0.0
Good,cat__Marital_Status_Widowed,0.0
Good,cat__Exercise_Type_None,0.0
Good,cat__Exercise_Type_Sports,0.0
Good,cat__Exercise_Type_Walking,0.0
Good,cat__Workout_Intensity_None,0.0
Good,cat__Alcohol_Consumption_Moderate,0.0
Good,cat__Alcohol_Consumption_Unknown,0.0
Good,cat__Hypertension_Risk_High,0.0
Good,cat__Hypertension_Risk_Low,0.0
Good,cat__Diabetes_Risk_High,0.0
Good,cat__Diabetes_Risk_Medium,0.0
Good,cat__Sleep_Disorder_Risk_High,0.0
Good,cat__Sleep_Disorder_Risk_Medium,0.0
Poor,num__BMI,1.4027296422182989
Poor,num__Sleep_Quality_Score,0.8592212519465354
Poor,num__Fast_Food_Meals_Per_Week,0.6378728143457916
Poor,num__Daily_Steps,0.532301629697632
Poor,num__Exercise_Frequency_Per_Week,0.4895540153859601
Poor,num__Mood_Score,0.46985911914978506
Poor,num__Stress_Level,0.36519525675714476
Poor,cat__Smoking_Status_Current,0.3582225256629361
Poor,num__Mental_Risk_Composite,0.2866761284979084
Poor,num__Energy_Level_Score,0.20261241331074514
Poor,num__Immune_Health_Score,0.18638654919872139
Poor,cat__Cardiovascular_Risk_Low,0.18271825248055762
Poor,cat__Alcohol_Consumption_Heavy,0.17346689226202103
Poor,num__Fruit_Vegetable_Intake,0.16670126495904827
Poor,num__Disease_Risk_Composite,0.16308124707210395
Poor,num__Weekly_Exercise_Minutes,0.16145962294045102
Poor,num__Water_Intake_Liters,0.15344177507436932
Poor,num__Weight_kg,0.15142065371903227
Poor,num__Anxiety_Score,0.12650262542150006
Poor,num__Productivity_Score,0.11782351891095104
Poor,num__Steps_Per_Sitting_Hour,0.09913514266100248
Poor,num__Vegetable_Intake_Per_Day,0.09288510077276116
Poor,num__Energy_Fatigue_Gap,0.09134575568296209
Poor,cat__Obesity_Risk_Low,0.08361080251260107
Poor,num__Focus_Concentration_Score,0.07548533509313315
Poor,num__Age,0.07510167899652238
Poor,num__Life_Satisfaction_Score,0.07289289770642296
Poor,cat__Morning_Workout_No,0.07196940772014336
Poor,num__Protein_Intake_Grams,0.06735009146799949
Poor,num__Unhealthy_Diet_Exposure,0.06083801509639249
Poor,num__Depression_Risk_Score,0.050484746451403245
Poor,num__Height_cm,0.04739475357194104
Poor,num__Cholesterol_Level,0.04706993175617598
Poor,cat__Obesity_Risk_High,0.041338796202953554
Poor,num__Outdoor_Time_Hours,0.039764131732190955
Poor,num__Daily_Calorie_Intake,0.03913920009550962
Poor,num__Fatigue_Level_Score,0.03545933756151881
Poor,num__Resting_Heart_Rate,0.03196018578516813
Poor,num__Screen_Time_Before_Bed_Hours,0.028800001477440055
Poor,num__Blood_Sugar_Level,0.019916608905025224
Poor,num__Wake_Time_Minutes,0.018981902559498824
Poor,num__Working_Hours_Per_Day,0.018858300377176587
Poor,num__Weekend_Sleep_Difference_Hours,0.018723703519510797
Poor,num__Exercise_Duration_Minutes,0.018688305689420648
Poor,cat__Morning_Workout_Yes,0.018475977908356107
Poor,cat__Smoking_Status_Never,0.018145042025568443
Poor,num__Social_Interaction_Score,0.0177157980898165
Poor,num__Disease_Risk_Count_High,0.015542903991467984
Poor,num__Sleep_Duration_Hours,0.015302597568382025
Poor,num__Wake_Time_Sin,0.014014322181780798
Poor,cat__Alcohol_Consumption_Light,0.012590184851892582
Poor,num__Sleep_Time_Sin,0.012154513023424776
Poor,num__Breakfast_Regularity_Score,0.011722157674587445
Poor,num__Sleep_Time_Cos,0.011214414381929678
Poor,cat__Workout_Intensity_Moderate,0.010778930535469947
Poor,num__Sugary_Drinks_Per_Week,0.010669896827882932
Poor,num__Sitting_Hours_Per_Day,0.009676863807497839
Poor,cat__Occupation_Manager,0.009419438200589195
Poor,num__Sleep_Time_Minutes,0.009177855578891236
Poor,num__Systolic_BP,0.009060974979613882
Poor,cat__Meditation_Practice_No,0.008225177478779872
Poor,cat__Cardiovascular_Risk_High,0.008078088524380739
Poor,num__Mean_Arterial_Pressure,0.00796249090426923
Poor,num__Nap_Frequency_Per_Week,0.007591667679661315
Poor,num__Fruit_Intake_Per_Day,0.006702482486733685
Poor,cat__Gym_Member_No,0.0063625958418836665
Poor,num__Wake_Time_Cos,0.0061195625954449835
Poor,cat__Meditation_Practice_Yes,0.00555181512580571
Poor,cat__Diabetes_Risk_Medium,0.005250889071556179
Poor,num__Diastolic_BP,0.00493870002676494
Poor,num__Pulse_Pressure,0.0047358656414570035
Poor,cat__Occupation_Teacher,0.0043983060995673
Poor,cat__Sleep_Disorder_Risk_Medium,0.003201878472164035
Poor,cat__Hypertension_Risk_Medium,0.003192018020609903
Poor,cat__Occupation_Student,0.0031179310337886893
Poor,cat__Workout_Intensity_Low,0.002927570212130685
Poor,cat__Workout_Intensity_High,0.0028720179483098587
Poor,cat__Country_Canada,0.0028195771797362244
Poor,num__Number_of_Night_Awakenings,0.00263161336752449
Poor,cat__Gym_Member_Yes,0.0025761069116059486
Poor,cat__Marital_Status_Married,0.0024950537721212395
Poor,cat__Occupation_Laborer,0.002015843677112355
Poor,cat__Cardiovascular_Risk_Medium,0.00199500206243836
Poor,cat__Gender_Male,0.001817605038609045
Poor,cat__Exercise_Type_HIIT,0.0017785215144786864
Poor,cat__Marital_Status_Single,0.0011455341919326051
Poor,cat__Sleep_Disorder_Risk_Low,0.0010351514243707746
Poor,cat__Country_UK,0.0010152615587586604
Poor,cat__Smoking_Status_Former,0.0010041669382464104
Poor,cat__Exercise_Type_Sports,0.000915901994050736
Poor,cat__Exercise_Type_Cycling,0.0007656021664835475
Poor,cat__Obesity_Risk_Medium,0.0006531295204467221
Poor,cat__Gender_Female,0.0005844171905349326
Poor,cat__Country_South Korea,0.0005678561255549147
Poor,cat__Occupation_Freelancer,0.0005001618984813479
Poor,cat__Occupation_Lawyer,0.00046495694239125166
Poor,cat__Occupation_Accountant,0.0003986512633051051
Poor,cat__Hypertension_Risk_High,0.00016426645516200505
Poor,cat__Occupation_Software Engineer,0.00013976699156313004
Poor,num__Exercise_Type_Missing,0.0
Poor,num__Workout_Intensity_Missing,0.0
Poor,num__Alcohol_Consumption_Missing,0.0
Poor,cat__Gender_Non-binary,0.0
Poor,cat__Country_Australia,0.0
Poor,cat__Country_Brazil,0.0
Poor,cat__Country_France,0.0
Poor,cat__Country_Germany,0.0
Poor,cat__Country_India,0.0
Poor,cat__Country_Italy,0.0
Poor,cat__Country_Japan,0.0
Poor,cat__Country_Mexico,0.0
Poor,cat__Country_Nigeria,0.0
Poor,cat__Country_Pakistan,0.0
Poor,cat__Country_Spain,0.0
Poor,cat__Country_USA,0.0
Poor,cat__Occupation_Artist,0.0
Poor,cat__Occupation_Athlete,0.0
Poor,cat__Occupation_Chef,0.0
Poor,cat__Occupation_Doctor,0.0
Poor,cat__Occupation_Entrepreneur,0.0
Poor,cat__Occupation_Nurse,0.0
Poor,cat__Occupation_Retired,0.0
Poor,cat__Marital_Status_Divorced,0.0
Poor,cat__Marital_Status_Widowed,0.0
Poor,cat__Exercise_Type_None,0.0
Poor,cat__Exercise_Type_Running,0.0
Poor,cat__Exercise_Type_Swimming,0.0
Poor,cat__Exercise_Type_Walking,0.0
Poor,cat__Exercise_Type_Weight Training,0.0
Poor,cat__Exercise_Type_Yoga,0.0
Poor,cat__Workout_Intensity_None,0.0
Poor,cat__Alcohol_Consumption_Moderate,0.0
Poor,cat__Alcohol_Consumption_Unknown,0.0
Poor,cat__Hypertension_Risk_Low,0.0
Poor,cat__Diabetes_Risk_High,0.0
Poor,cat__Diabetes_Risk_Low,0.0
Poor,cat__Sleep_Disorder_Risk_High,0.0
