scope,threshold,feature,coefficient,odds_ratio,std_error_approx,ci95_lower_approx,ci95_upper_approx,note
strict_no_proxy,P(y>0),intercept,0.6986066903578583,2.0109488801596744,2.2654874000749916,-3.741748613789125,5.138961994504841,正则化 Hessian 近似区间；三个阈值分别估计，未强制比例优势假设
strict_no_proxy,P(y>0),num__Age,-0.47347770414063384,0.622832470450712,0.07987822808339816,-0.6300390311840942,-0.31691637709717346,正则化 Hessian 近似区间；三个阈值分别估计，未强制比例优势假设
strict_no_proxy,P(y>0),num__Height_cm,0.05861222480157293,1.0603639781545633,0.2507105994269933,-0.43278055007533395,0.5500049996784798,正则化 Hessian 近似区间；三个阈值分别估计，未强制比例优势假设
strict_no_proxy,P(y>0),num__Weight_kg,-0.01264120447234521,0.9874383599367097,0.44077959605983436,-0.8765692127496205,0.8512868038049302,正则化 Hessian 近似区间；三个阈值分别估计，未强制比例优势假设
strict_no_proxy,P(y>0),num__BMI,-2.5352233466738707,0.07924401840015671,0.39646854789504893,-3.3123017005481667,-1.7581449927995747,正则化 Hessian 近似区间；三个阈值分别估计，未强制比例优势假设
strict_no_proxy,P(y>0),num__Sleep_Duration_Hours,0.11130256748044229,1.1177330453683638,0.33007933172716564,-0.5356529227048024,0.758258057665687,正则化 Hessian 近似区间；三个阈值分别估计，未强制比例优势假设
strict_no_proxy,P(y>0),num__Sleep_Quality_Score,2.205940219821293,9.078783608532968,0.11877706669971481,1.9731371690898523,2.438743270552734,正则化 Hessian 近似区间；三个阈值分别估计，未强制比例优势假设
strict_no_proxy,P(y>0),num__Number_of_Night_Awakenings,0.06317558394847461,1.0652138572671712,0.05093218768379224,-0.036651503911758185,0.16300267180870742,正则化 Hessian 近似区间；三个阈值分别估计，未强制比例优势假设
strict_no_proxy,P(y>0),num__Weekend_Sleep_Difference_Hours,-0.09377139227280472,0.9104908837023286,0.051815361787184856,-0.19532950137568705,0.007786716830077603,正则化 Hessian 近似区间；三个阈值分别估计，未强制比例优势假设
strict_no_proxy,P(y>0),num__Nap_Frequency_Per_Week,-0.00852631651442901,0.9915099294342598,0.05132504188375663,-0.10912339860659201,0.092070765577734,正则化 Hessian 近似区间；三个阈值分别估计，未强制比例优势假设
strict_no_proxy,P(y>0),num__Screen_Time_Before_Bed_Hours,-0.0036763320187814395,0.9963304174161868,0.06541803637218886,-0.13189568330827162,0.12454301927070872,正则化 Hessian 近似区间；三个阈值分别估计，未强制比例优势假设
strict_no_proxy,P(y>0),num__Exercise_Frequency_Per_Week,2.2775497662927617,9.752754581549857,0.22278127873009482,1.840898459981776,2.7142010726037475,正则化 Hessian 近似区间；三个阈值分别估计，未强制比例优势假设
strict_no_proxy,P(y>0),num__Exercise_Duration_Minutes,0.05319844188583826,1.054638908889279,0.10157995839410085,-0.14589827656659937,0.2522951603382759,正则化 Hessian 近似区间；三个阈值分别估计，未强制比例优势假设
strict_no_proxy,P(y>0),num__Daily_Steps,1.2502921046397344,3.491362651755447,0.1239219682963277,1.0074050467789322,1.4931791625005366,正则化 Hessian 近似区间；三个阈值分别估计，未强制比例优势假设
strict_no_proxy,P(y>0),num__Daily_Calorie_Intake,0.09279255978678062,1.0972341011827658,0.06460454527909555,-0.03383234896024666,0.2194174685338079,正则化 Hessian 近似区间；三个阈值分别估计，未强制比例优势假设
strict_no_proxy,P(y>0),num__Water_Intake_Liters,0.3468841274588945,1.4146527964588747,0.06392684941874417,0.22158750259815593,0.4721807523196331,正则化 Hessian 近似区间；三个阈值分别估计，未强制比例优势假设
strict_no_proxy,P(y>0),num__Fruit_Intake_Per_Day,0.1372161367757812,1.1470760470478236,0.4769855802960943,-0.7976756006045636,1.072107874156126,正则化 Hessian 近似区间；三个阈值分别估计，未强制比例优势假设
strict_no_proxy,P(y>0),num__Vegetable_Intake_Per_Day,0.2862126081180161,1.331375486400402,0.5272004958948838,-0.7471003638359561,1.3195255800719883,正则化 Hessian 近似区间；三个阈值分别估计，未强制比例优势假设
strict_no_proxy,P(y>0),num__Protein_Intake_Grams,0.07559631496414751,1.078527101014761,0.06525854935570372,-0.05231044177303176,0.20350307170132678,正则化 Hessian 近似区间；三个阈值分别估计，未强制比例优势假设
strict_no_proxy,P(y>0),num__Sugary_Drinks_Per_Week,0.312452541146013,1.3667730741507917,0.49688765175461497,-0.6614472562930322,1.2863523385850584,正则化 Hessian 近似区间；三个阈值分别估计，未强制比例优势假设
strict_no_proxy,P(y>0),num__Fast_Food_Meals_Per_Week,-1.0926549615145797,0.3353250357722728,0.5066165233135101,-2.0856233472090597,-0.09968657582009988,正则化 Hessian 近似区间；三个阈值分别估计，未强制比例优势假设
strict_no_proxy,P(y>0),num__Breakfast_Regularity_Score,-0.07401964781928409,0.9286534476469219,0.05261565374986766,-0.1771463291690247,0.029107033530456516,正则化 Hessian 近似区间；三个阈值分别估计，未强制比例优势假设
strict_no_proxy,P(y>0),num__Stress_Level,-1.641549601151255,0.19367968337240382,0.12153862239126519,-1.8797653010381348,-1.403333901264375,正则化 Hessian 近似区间；三个阈值分别估计，未强制比例优势假设
strict_no_proxy,P(y>0),num__Working_Hours_Per_Day,-0.23129379190281374,0.7935063060591115,0.1061701569441112,-0.4393872995132717,-0.023200284292355794,正则化 Hessian 近似区间；三个阈值分别估计，未强制比例优势假设
strict_no_proxy,P(y>0),num__Sitting_Hours_Per_Day,0.05066067982087668,1.0519658794649813,0.1240433936690631,-0.19246437177048697,0.29378573141224035,正则化 Hessian 近似区间；三个阈值分别估计，未强制比例优势假设
strict_no_proxy,P(y>0),num__Outdoor_Time_Hours,0.003593731223981024,1.00360019641844,0.05629148167488046,-0.10673757285878469,0.11392503530674672,正则化 Hessian 近似区间；三个阈值分别估计，未强制比例优势假设
strict_no_proxy,P(y>0),num__Social_Interaction_Score,0.017206821309348305,1.0173557114083245,0.061221348284708176,-0.10278702132867971,0.13720066394737632,正则化 Hessian 近似区间；三个阈值分别估计，未强制比例优势假设
strict_no_proxy,P(y>0),num__Resting_Heart_Rate,0.009719294989937163,1.0097666807317338,0.06111653482946245,-0.11006911327580923,0.12950770325568356,正则化 Hessian 近似区间；三个阈值分别估计，未强制比例优势假设
strict_no_proxy,P(y>0),num__Systolic_BP,0.03602949652521037,1.0366864246872072,0.8083364760602074,-1.5483099965527962,1.620368989603217,正则化 Hessian 近似区间；三个阈值分别估计，未强制比例优势假设
strict_no_proxy,P(y>0),num__Diastolic_BP,0.00576572355665596,1.0057823773323595,0.7410807979522064,-1.4467526404296684,1.4582840875429803,正则化 Hessian 近似区间；三个阈值分别估计，未强制比例优势假设
strict_no_proxy,P(y>0),num__Cholesterol_Level,0.08077367557302763,1.084125504715102,0.06143319241613958,-0.039635381562605945,0.20118273270866122,正则化 Hessian 近似区间；三个阈值分别估计，未强制比例优势假设
strict_no_proxy,P(y>0),num__Blood_Sugar_Level,0.2878153432548667,1.3335110395787118,0.09537672235229891,0.10087696744436084,0.47475371906537256,正则化 Hessian 近似区间；三个阈值分别估计，未强制比例优势假设
strict_no_proxy,P(y>0),num__Energy_Level_Score,0.0930333319403502,1.0974983164068353,0.3748150267469223,-0.6416041204836175,0.827670784364318,正则化 Hessian 近似区间；三个阈值分别估计，未强制比例优势假设
strict_no_proxy,P(y>0),num__Fatigue_Level_Score,0.10958116354904662,1.115810630410862,0.491232778341564,-0.8532350820004189,1.072397409098512,正则化 Hessian 近似区间；三个阈值分别估计，未强制比例优势假设
strict_no_proxy,P(y>0),num__Immune_Health_Score,-0.048467777954697325,0.9526880363683383,0.07674051987645711,-0.19887919691255324,0.1019436410031586,正则化 Hessian 近似区间；三个阈值分别估计，未强制比例优势假设
strict_no_proxy,P(y>0),num__Mood_Score,0.6492018694399903,1.9140125872886513,0.09837531600613027,0.45638625006797495,0.8420174888120056,正则化 Hessian 近似区间；三个阈值分别估计，未强制比例优势假设
strict_no_proxy,P(y>0),num__Anxiety_Score,-0.07514960767052722,0.9276046991687872,0.4752190579058879,-1.0065789611660676,0.8562797458250131,正则化 Hessian 近似区间；三个阈值分别估计，未强制比例优势假设
strict_no_proxy,P(y>0),num__Depression_Risk_Score,-0.033797653975979065,0.9667671063273467,0.40890163862952583,-0.8352448656898497,0.7676495577378915,正则化 Hessian 近似区间；三个阈值分别估计，未强制比例优势假设
strict_no_proxy,P(y>0),num__Productivity_Score,0.01394123363354386,1.0140388658078847,0.07803929324874159,-0.13901578113398966,0.16689824840107736,正则化 Hessian 近似区间；三个阈值分别估计，未强制比例优势假设
strict_no_proxy,P(y>0),num__Focus_Concentration_Score,-0.006269207044499475,0.9937504034318709,0.06970731132312809,-0.14289553723783052,0.13035712314883155,正则化 Hessian 近似区间；三个阈值分别估计，未强制比例优势假设
strict_no_proxy,P(y>0),num__Life_Satisfaction_Score,-0.006651820577820695,0.9933702538086074,0.08282062524367939,-0.1689802460554323,0.15567660489979093,正则化 Hessian 近似区间；三个阈值分别估计，未强制比例优势假设
strict_no_proxy,P(y>0),num__Exercise_Type_Missing,0.049316107503566464,1.0505523857499095,0.7369057403500942,-1.395019143582618,1.4936513585897508,正则化 Hessian 近似区间；三个阈值分别估计，未强制比例优势假设
strict_no_proxy,P(y>0),num__Workout_Intensity_Missing,0.049316107503566464,1.0505523857499095,0.7369057403501129,-1.3950191435826549,1.4936513585897877,正则化 Hessian 近似区间；三个阈值分别估计，未强制比例优势假设
strict_no_proxy,P(y>0),num__Alcohol_Consumption_Missing,0.13483876193809963,1.1443522563353017,0.4702114987548495,-0.7867757756214054,1.0564532994976048,正则化 Hessian 近似区间；三个阈值分别估计，未强制比例优势假设
strict_no_proxy,P(y>0),num__Wake_Time_Minutes,0.024389243251483245,1.0246890935897601,0.6634569298276339,-1.2759863392106794,1.3247648257136457,正则化 Hessian 近似区间；三个阈值分别估计，未强制比例优势假设
strict_no_proxy,P(y>0),num__Wake_Time_Sin,0.009797101389106302,1.0098452500977226,0.1016620010983575,-0.1894604207636744,0.209054623541887,正则化 Hessian 近似区间；三个阈值分别估计，未强制比例优势假设
strict_no_proxy,P(y>0),num__Wake_Time_Cos,0.08356759314293788,1.0871586972826317,0.6497565160249873,-1.1899551782660374,1.357090364551913,正则化 Hessian 近似区间；三个阈值分别估计，未强制比例优势假设
strict_no_proxy,P(y>0),num__Sleep_Time_Minutes,0.018413100746718106,1.018583667163475,0.08658086185300849,-0.15128538848517853,0.18811158997861477,正则化 Hessian 近似区间；三个阈值分别估计，未强制比例优势假设
strict_no_proxy,P(y>0),num__Sleep_Time_Sin,0.15616433539151822,1.169018298385166,0.5550245361845993,-0.9316837555302965,1.244012426313333,正则化 Hessian 近似区间；三个阈值分别估计，未强制比例优势假设
strict_no_proxy,P(y>0),num__Sleep_Time_Cos,-0.01847403292764661,0.981695566020613,0.0654513661371352,-0.14675871055643158,0.10981064470113837,正则化 Hessian 近似区间；三个阈值分别估计，未强制比例优势假设
strict_no_proxy,P(y>0),num__Pulse_Pressure,0.05659344764116018,1.058225498856597,0.405900609163936,-0.7389717463201544,0.8521586416024747,正则化 Hessian 近似区间；三个阈值分别估计，未强制比例优势假设
strict_no_proxy,P(y>0),num__Mean_Arterial_Pressure,0.018307472862186754,1.0184760820075904,0.8001107190176429,-1.5499095364123932,1.5865244821367668,正则化 Hessian 近似区间；三个阈值分别估计，未强制比例优势假设
strict_no_proxy,P(y>0),num__Weekly_Exercise_Minutes,-0.21864817304321696,0.8036043981133413,0.22190570871841986,-0.6535833621313198,0.21628701604488595,正则化 Hessian 近似区间；三个阈值分别估计，未强制比例优势假设
strict_no_proxy,P(y>0),num__Steps_Per_Sitting_Hour,-0.10760663578954027,0.897980760457682,0.11905845244054188,-0.34096120257300233,0.1257479309939218,正则化 Hessian 近似区间；三个阈值分别估计，未强制比例优势假设
strict_no_proxy,P(y>0),num__Fruit_Vegetable_Intake,0.305546279937525,1.3573663024881935,0.7063358658882807,-1.0788720172035051,1.6899645770785552,正则化 Hessian 近似区间；三个阈值分别估计，未强制比例优势假设
strict_no_proxy,P(y>0),num__Unhealthy_Diet_Exposure,-0.5594904428221049,0.5715002016967684,0.708559755130676,-1.9482675628782298,0.82928667723402,正则化 Hessian 近似区间；三个阈值分别估计，未强制比例优势假设
strict_no_proxy,P(y>0),num__Energy_Fatigue_Gap,-0.024539254576114024,0.9757593851455599,0.8003996079194066,-1.593322486098151,1.5442439769459229,正则化 Hessian 近似区间；三个阈值分别估计，未强制比例优势假设
strict_no_proxy,P(y>0),num__Mental_Risk_Composite,-0.06220238306433507,0.9396926896593324,0.7870180108273384,-1.6047576842859181,1.4803529181572481,正则化 Hessian 近似区间；三个阈值分别估计，未强制比例优势假设
strict_no_proxy,P(y>0),num__Disease_Risk_Count_High,-0.23302848015754327,0.7921310131870041,0.5767361282695461,-1.3634312915658537,0.8973743312507672,正则化 Hessian 近似区间；三个阈值分别估计，未强制比例优势假设
strict_no_proxy,P(y>0),num__Disease_Risk_Composite,-0.3183066585793451,0.7273796969853714,0.6979184567800332,-1.68622683386821,1.04961351670952,正则化 Hessian 近似区间；三个阈值分别估计，未强制比例优势假设
strict_no_proxy,P(y>0),cat__Gender_Female,0.26434773723695487,1.302581073498606,0.5872564370556776,-0.8866748793921733,1.4153703538660831,正则化 Hessian 近似区间；三个阈值分别估计，未强制比例优势假设
strict_no_proxy,P(y>0),cat__Gender_Male,0.043887315130070485,1.0448646078219856,0.5870854063149481,-1.1068000812472278,1.1945747115073688,正则化 Hessian 近似区间；三个阈值分别估计，未强制比例优势假设
strict_no_proxy,P(y>0),cat__Gender_Non-binary,0.11822897549354862,1.1255017941935057,0.6002407366724299,-1.058242868384414,1.2947008193715113,正则化 Hessian 近似区间；三个阈值分别估计，未强制比例优势假设
strict_no_proxy,P(y>0),cat__Country_Australia,0.06772981125211325,1.0700761468821591,0.3296564877507598,-0.578396904739376,0.7138565272436024,正则化 Hessian 近似区间；三个阈值分别估计，未强制比例优势假设
strict_no_proxy,P(y>0),cat__Country_Brazil,0.21270688209564673,1.2370220047994287,0.332580644418394,-0.43915118096440553,0.8645649451556989,正则化 Hessian 近似区间；三个阈值分别估计，未强制比例优势假设
strict_no_proxy,P(y>0),cat__Country_Canada,-0.24337279278007415,0.783979197503687,0.3127886120217731,-0.8564384723427495,0.36969288678260115,正则化 Hessian 近似区间；三个阈值分别估计，未强制比例优势假设
strict_no_proxy,P(y>0),cat__Country_France,0.10087274703981859,1.1061358737427431,0.3388542679089475,-0.5632816180617185,0.7650271121413558,正则化 Hessian 近似区间；三个阈值分别估计，未强制比例优势假设
strict_no_proxy,P(y>0),cat__Country_Germany,0.0541308931189071,1.0556227668688225,0.32506704176162404,-0.5830005087338761,0.6912622949716902,正则化 Hessian 近似区间；三个阈值分别估计，未强制比例优势假设
strict_no_proxy,P(y>0),cat__Country_India,0.14620593710735974,1.1574345222264941,0.29813572905770097,-0.4381400918457341,0.7305519660604536,正则化 Hessian 近似区间；三个阈值分别估计，未强制比例优势假设
strict_no_proxy,P(y>0),cat__Country_Italy,0.2040046652210948,1.2263038744215695,0.35398566247716146,-0.48980723323414155,0.8978165636763312,正则化 Hessian 近似区间；三个阈值分别估计，未强制比例优势假设
strict_no_proxy,P(y>0),cat__Country_Japan,0.04158821091009984,1.0424651145923018,0.3174905409108862,-0.580693249275237,0.6638696710954368,正则化 Hessian 近似区间；三个阈值分别估计，未强制比例优势假设
strict_no_proxy,P(y>0),cat__Country_Mexico,0.15505608179057845,1.167723447290641,0.3328542632308399,-0.49733827414186776,0.8074504377230247,正则化 Hessian 近似区间；三个阈值分别估计，未强制比例优势假设
strict_no_proxy,P(y>0),cat__Country_Nigeria,0.17641752160377344,1.1929360312512431,0.332092492250041,-0.4744837632063069,0.8273188064138538,正则化 Hessian 近似区间；三个阈值分别估计，未强制比例优势假设
strict_no_proxy,P(y>0),cat__Country_Pakistan,-0.04764641091348281,0.9534708643725206,0.3231255011293843,-0.680972393127076,0.5856795713001105,正则化 Hessian 近似区间；三个阈值分别估计，未强制比例优势假设
strict_no_proxy,P(y>0),cat__Country_South Korea,-0.5711301295494685,0.564886682696788,0.3347255135451137,-1.2271921360978912,0.08493187699895433,正则化 Hessian 近似区间；三个阈值分别估计，未强制比例优势假设
strict_no_proxy,P(y>0),cat__Country_Spain,0.2598013603062446,1.2966724904557976,0.35400396580520965,-0.43404641267196625,0.9536491332844554,正则化 Hessian 近似区间；三个阈值分别估计，未强制比例优势假设
strict_no_proxy,P(y>0),cat__Country_UK,-0.15749484059336827,0.8542812211813071,0.3123935753910346,-0.769786248359796,0.4547965671730595,正则化 Hessian 近似区间；三个阈值分别估计，未强制比例优势假设
strict_no_proxy,P(y>0),cat__Country_USA,0.0275940912513291,1.027978334324781,0.2919264146734795,-0.5445816815086908,0.5997698640113489,正则化 Hessian 近似区间；三个阈值分别估计，未强制比例优势假设
strict_no_proxy,P(y>0),cat__Occupation_Accountant,0.051191715562900815,1.0525246592992679,0.3162343559173722,-0.5686276220351487,0.6710110531609503,正则化 Hessian 近似区间；三个阈值分别估计，未强制比例优势假设
strict_no_proxy,P(y>0),cat__Occupation_Artist,0.12958227340602374,1.1383527637693167,0.38088241750828716,-0.616947264910219,0.8761118117222666,正则化 Hessian 近似区间；三个阈值分别估计，未强制比例优势假设
strict_no_proxy,P(y>0),cat__Occupation_Athlete,0.06145536082628955,1.0633830269296458,0.3660644343069397,-0.6560309304153122,0.7789416520678913,正则化 Hessian 近似区间；三个阈值分别估计，未强制比例优势假设
strict_no_proxy,P(y>0),cat__Occupation_Chef,0.3179190567712666,1.3742650192776849,0.3438815068899266,-0.35608869673298954,0.9919268102755228,正则化 Hessian 近似区间；三个阈值分别估计，未强制比例优势假设
strict_no_proxy,P(y>0),cat__Occupation_Doctor,-0.0708944173918794,0.9315602434955335,0.31986454601885206,-0.6978289275888294,0.5560400928050706,正则化 Hessian 近似区间；三个阈值分别估计，未强制比例优势假设
strict_no_proxy,P(y>0),cat__Occupation_Entrepreneur,-0.10313205891012381,0.9020078474426058,0.3254451446043581,-0.7410045423346656,0.5347404245144181,正则化 Hessian 近似区间；三个阈值分别估计，未强制比例优势假设
strict_no_proxy,P(y>0),cat__Occupation_Freelancer,-0.056876822509916845,0.944710429259448,0.31344969748263346,-0.6712382295758784,0.5574845845560447,正则化 Hessian 近似区间；三个阈值分别估计，未强制比例优势假设
strict_no_proxy,P(y>0),cat__Occupation_Laborer,-0.14232180009358983,0.8673421008029478,0.33117204585627613,-0.7914190099718911,0.5067754097847114,正则化 Hessian 近似区间；三个阈值分别估计，未强制比例优势假设
strict_no_proxy,P(y>0),cat__Occupation_Lawyer,-0.04884884824113169,0.9523250644287398,0.34706438136497675,-0.729095035716486,0.6313973392342227,正则化 Hessian 近似区间；三个阈值分别估计，未强制比例优势假设
strict_no_proxy,P(y>0),cat__Occupation_Manager,-0.5775044971705179,0.5612973393676691,0.30899654316999176,-1.1831377217837016,0.028128727442665924,正则化 Hessian 近似区间；三个阈值分别估计，未强制比例优势假设
strict_no_proxy,P(y>0),cat__Occupation_Nurse,0.437144408421923,1.5482796455336731,0.3149578687036496,-0.18017301423723026,1.0544618310810763,正则化 Hessian 近似区间；三个阈值分别估计，未强制比例优势假设
strict_no_proxy,P(y>0),cat__Occupation_Retired,0.1962987322954698,1.2168903754966824,0.3113509439868557,-0.4139491179187673,0.8065465825097069,正则化 Hessian 近似区间；三个阈值分别估计，未强制比例优势假设
strict_no_proxy,P(y>0),cat__Occupation_Software Engineer,0.04679200467148259,1.047904027268436,0.30581535482643163,-0.5526060907883233,0.6461901001312885,正则化 Hessian 近似区间；三个阈值分别估计，未强制比例优势假设
strict_no_proxy,P(y>0),cat__Occupation_Student,0.25937224107867146,1.2961161827279857,0.30443038460209343,-0.3373113127414316,0.8560557948987746,正则化 Hessian 近似区间；三个阈值分别估计，未强制比例优势假设
strict_no_proxy,P(y>0),cat__Occupation_Teacher,-0.07371332085629052,0.9289379628123215,0.3053718543183032,-0.6722421553201648,0.5248155136075837,正则化 Hessian 近似区间；三个阈值分别估计，未强制比例优势假设
strict_no_proxy,P(y>0),cat__Marital_Status_Divorced,0.3000901720228971,1.3499805325633194,0.5138714885441739,-0.7070979455236835,1.307278289569478,正则化 Hessian 近似区间；三个阈值分别估计，未强制比例优势假设
strict_no_proxy,P(y>0),cat__Marital_Status_Married,0.17473002340887198,1.190924651429092,0.507264530278276,-0.819508455936549,1.1689685027542929,正则化 Hessian 近似区间；三个阈值分别估计，未强制比例优势假设
strict_no_proxy,P(y>0),cat__Marital_Status_Single,0.076593400211595,1.0796030207788792,0.5081143632046567,-0.9193107516695322,1.0724975520927222,正则化 Hessian 近似区间；三个阈值分别估计，未强制比例优势假设
strict_no_proxy,P(y>0),cat__Marital_Status_Widowed,-0.12494956778278461,0.8825414099823724,0.5220293888153124,-1.1481271698607967,0.8982280342952275,正则化 Hessian 近似区间；三个阈值分别估计，未强制比例优势假设
strict_no_proxy,P(y>0),cat__Exercise_Type_Cycling,-0.09346347198261,0.910771285487942,0.3828735859159465,-0.8438957003778651,0.6569687564126452,正则化 Hessian 近似区间；三个阈值分别估计，未强制比例优势假设
strict_no_proxy,P(y>0),cat__Exercise_Type_HIIT,-0.06282276948002606,0.9391098978764884,0.3804216187906284,-0.8084491423096577,0.6828036033496055,正则化 Hessian 近似区间；三个阈值分别估计，未强制比例优势假设
strict_no_proxy,P(y>0),cat__Exercise_Type_None,0.04837523214833635,1.0495644117538547,0.9826986653279715,-1.8777141518944875,1.9744646161911603,正则化 Hessian 近似区间；三个阈值分别估计，未强制比例优势假设
strict_no_proxy,P(y>0),cat__Exercise_Type_Running,0.15461660975464792,1.1672103782378647,0.37564175652138493,-0.5816412330272664,0.8908744525365624,正则化 Hessian 近似区间；三个阈值分别估计，未强制比例优势假设
strict_no_proxy,P(y>0),cat__Exercise_Type_Sports,0.11963807159329383,1.1270888522780396,0.3909876545814799,-0.6466977313864067,0.8859738745729945,正则化 Hessian 近似区间；三个阈值分别估计，未强制比例优势假设
strict_no_proxy,P(y>0),cat__Exercise_Type_Swimming,0.3674168756826191,1.4439997620461253,0.39253347174657416,-0.4019487289406662,1.1367824803059043,正则化 Hessian 近似区间；三个阈值分别估计，未强制比例优势假设
strict_no_proxy,P(y>0),cat__Exercise_Type_Walking,-0.1556257825120791,0.8558794154951905,0.3753456297929504,-0.8913032169062618,0.5800516518821037,正则化 Hessian 近似区间；三个阈值分别估计，未强制比例优势假设
strict_no_proxy,P(y>0),cat__Exercise_Type_Weight Training,0.010041191595383591,1.0100917735188795,0.37487275920418206,-0.7247094164448132,0.7447917996355805,正则化 Hessian 近似区间；三个阈值分别估计，未强制比例优势假设
strict_no_proxy,P(y>0),cat__Exercise_Type_Yoga,0.03828807106101059,1.0390305043905192,0.3846767075266929,-0.7156782756913075,0.7922544178133287,正则化 Hessian 近似区间；三个阈值分别估计，未强制比例优势假设
strict_no_proxy,P(y>0),cat__Morning_Workout_No,-0.30140864199152684,0.7397754076755078,0.7101445258856598,-1.6932919127274202,1.0904746287443663,正则化 Hessian 近似区间；三个阈值分别估计，未强制比例优势假设
strict_no_proxy,P(y>0),cat__Morning_Workout_Yes,0.7278726698520981,2.070670918233752,0.710144525885659,-0.6640106008837936,2.1197559405879898,正则化 Hessian 近似区间；三个阈值分别估计，未强制比例优势假设
strict_no_proxy,P(y>0),cat__Workout_Intensity_High,0.14486476982194915,1.155883249400988,0.5803507823354296,-0.9926227635554927,1.282352303199391,正则化 Hessian 近似区间；三个阈值分别估计，未强制比例优势假设
strict_no_proxy,P(y>0),cat__Workout_Intensity_Low,0.2820870169541488,1.3258940902323915,0.5802440490795181,-0.8551913192417067,1.4193653531500041,正则化 Hessian 近似区间；三个阈值分别估计，未强制比例优势假设
strict_no_proxy,P(y>0),cat__Workout_Intensity_Moderate,-0.0488629910638649,0.9523115959594105,0.5785437551461813,-1.1828087511503802,1.0850827690226503,正则化 Hessian 近似区间；三个阈值分别估计，未强制比例优势假设
strict_no_proxy,P(y>0),cat__Workout_Intensity_None,0.04837523214833635,1.0495644117538547,0.9826986653279685,-1.8777141518944818,1.9744646161911545,正则化 Hessian 近似区间；三个阈值分别估计，未强制比例优势假设
strict_no_proxy,P(y>0),cat__Gym_Member_No,0.23959073167282846,1.2707289747611858,0.7090493753274654,-1.1501460439690037,1.6293275073146607,正则化 Hessian 近似区间；三个阈值分别估计，未强制比例优势假设
strict_no_proxy,P(y>0),cat__Gym_Member_Yes,0.18687329618774462,1.2054745371538245,0.709049375327465,-1.202863479454087,1.5766100718295761,正则化 Hessian 近似区间；三个阈值分别估计，未强制比例优势假设
strict_no_proxy,P(y>0),cat__Smoking_Status_Current,-1.634041720091136,0.19513927978080212,0.5926751483040988,-2.7956850107671696,-0.47239842941510224,正则化 Hessian 近似区间；三个阈值分别估计，未强制比例优势假设
strict_no_proxy,P(y>0),cat__Smoking_Status_Former,0.9543242157349499,2.5969150354820143,0.5856552346629776,-0.19356004420448625,2.102208475674386,正则化 Hessian 近似区间；三个阈值分别估计，未强制比例优势假设
strict_no_proxy,P(y>0),cat__Smoking_Status_Never,1.106181532216766,3.0227938880627874,0.5838577571440233,-0.03817967178551962,2.2505427362190518,正则化 Hessian 近似区间；三个阈值分别估计，未强制比例优势假设
strict_no_proxy,P(y>0),cat__Alcohol_Consumption_Heavy,-0.9425349242006078,0.3896388774015428,0.5731192777991985,-2.065848708687037,0.18077886028582113,正则化 Hessian 近似区间；三个阈值分别估计，未强制比例优势假设
strict_no_proxy,P(y>0),cat__Alcohol_Consumption_Light,0.6968655353595655,2.0074505529144573,0.5677530255026025,-0.4159303946255354,1.8096614653446665,正则化 Hessian 近似区间；三个阈值分别估计，未强制比例优势假设
strict_no_proxy,P(y>0),cat__Alcohol_Consumption_Moderate,0.4814333992965194,1.6183925431179944,0.5686933210934134,-0.6332055100465708,1.5960723086396096,正则化 Hessian 近似区间；三个阈值分别估计，未强制比例优势假设
strict_no_proxy,P(y>0),cat__Alcohol_Consumption_Unknown,0.19070001740508855,1.2100963897727384,0.9142268613070319,-1.601184630756694,1.982584665566871,正则化 Hessian 近似区间；三个阈值分别估计，未强制比例优势假设
strict_no_proxy,P(y>0),cat__Meditation_Practice_No,-0.1786989819284396,0.8363576202668569,0.7106126238769435,-1.5714997247272489,1.2141017608703695,正则化 Hessian 近似区间；三个阈值分别估计，未强制比例优势假设
strict_no_proxy,P(y>0),cat__Meditation_Practice_Yes,0.6051630097890193,1.831550745253499,0.7106126238769419,-0.7876377330097868,1.9979637525878253,正则化 Hessian 近似区间；三个阈值分别估计，未强制比例优势假设
strict_no_proxy,P(y>0),cat__Obesity_Risk_High,-0.7928749568217326,0.45254188489512426,0.690652827652967,-2.1465544990215477,0.5608045853780828,正则化 Hessian 近似区间；三个阈值分别估计，未强制比例优势假设
strict_no_proxy,P(y>0),cat__Obesity_Risk_Low,0.9437522979870719,2.5696052759512193,0.6565400650071253,-0.34306622942689347,2.2305708254010375,正则化 Hessian 近似区间；三个阈值分别估计，未强制比例优势假设
strict_no_proxy,P(y>0),cat__Obesity_Risk_Medium,0.2755866866952318,1.3173032925185177,0.6246633228851846,-0.94875342615973,1.4999267995501935,正则化 Hessian 近似区间；三个阈值分别估计，未强制比例优势假设
strict_no_proxy,P(y>0),cat__Hypertension_Risk_High,0.47593354634994883,1.6095160541878593,0.6874594373823277,-0.8714869509194136,1.8233540436193112,正则化 Hessian 近似区间；三个阈值分别估计，未强制比例优势假设
strict_no_proxy,P(y>0),cat__Hypertension_Risk_Low,-0.2520376547779574,0.7772154716419295,0.6538984881436165,-1.5336786915394458,1.0296033819835309,正则化 Hessian 近似区间；三个阈值分别估计，未强制比例优势假设
strict_no_proxy,P(y>0),cat__Hypertension_Risk_Medium,0.20256813628858325,1.2245435181300088,0.6256702830991567,-1.023745618585764,1.4288818911629304,正则化 Hessian 近似区间；三个阈值分别估计，未强制比例优势假设
strict_no_proxy,P(y>0),cat__Diabetes_Risk_High,0.3198200238231618,1.376879936448141,0.6971624094894197,-1.0466182987761006,1.6862583464224243,正则化 Hessian 近似区间；三个阈值分别估计，未强制比例优势假设
strict_no_proxy,P(y>0),cat__Diabetes_Risk_Low,0.10584271772276942,1.1116470203811644,0.6590477997144102,-1.1858909697174744,1.3975764051630133,正则化 Hessian 近似区间；三个阈值分别估计，未强制比例优势假设
strict_no_proxy,P(y>0),cat__Diabetes_Risk_Medium,0.0008012863146407394,1.0008016074302826,0.6256490744311688,-1.2254708995704502,1.2270734721997316,正则化 Hessian 近似区间；三个阈值分别估计，未强制比例优势假设
strict_no_proxy,P(y>0),cat__Cardiovascular_Risk_High,-0.22524016726243457,0.7983244643325976,0.6961351922932798,-1.5896651441572631,1.1391848096323938,正则化 Hessian 近似区间；三个阈值分别估计，未强制比例优势假设
strict_no_proxy,P(y>0),cat__Cardiovascular_Risk_Low,0.46616622457735396,1.5938719180158065,0.6560870999862266,-0.8197644913956503,1.7520969405503581,正则化 Hessian 近似区间；三个阈值分别估计，未强制比例优势假设
strict_no_proxy,P(y>0),cat__Cardiovascular_Risk_Medium,0.18553797054565713,1.2038659103528153,0.6266047944653521,-1.0426074266064331,1.4136833676977472,正则化 Hessian 近似区间；三个阈值分别估计，未强制比例优势假设
strict_no_proxy,P(y>0),cat__Sleep_Disorder_Risk_High,0.34410348981102906,1.4107246235781175,0.7939755516848017,-1.2120885914911823,1.9002955711132405,正则化 Hessian 近似区间；三个阈值分别估计，未强制比例优势假设
strict_no_proxy,P(y>0),cat__Sleep_Disorder_Risk_Low,0.04798965829258548,1.04915980516463,0.6772172385922335,-1.2793561293481923,1.375335445933363,正则化 Hessian 近似区间；三个阈值分别估计，未强制比例优势假设
strict_no_proxy,P(y>0),cat__Sleep_Disorder_Risk_Medium,0.03437087975696003,1.0349683843788977,0.6600175986055201,-1.2592636135098594,1.3280053730237793,正则化 Hessian 近似区间；三个阈值分别估计，未强制比例优势假设
strict_no_proxy,P(y>1),intercept,-0.18083295222158596,0.8345747609117808,2.26506889251214,-4.62036798154538,4.258702077102209,正则化 Hessian 近似区间；三个阈值分别估计，未强制比例优势假设
strict_no_proxy,P(y>1),num__Age,-0.5667888126402847,0.5673443657346156,0.07699113719314368,-0.7176914415388463,-0.41588618374172304,正则化 Hessian 近似区间；三个阈值分别估计，未强制比例优势假设
strict_no_proxy,P(y>1),num__Height_cm,-0.19095745609594858,0.8261677358044118,0.23026602244710262,-0.6422788600922698,0.26036394790037254,正则化 Hessian 近似区间；三个阈值分别估计，未强制比例优势假设
strict_no_proxy,P(y>1),num__Weight_kg,0.11140894282121522,1.1178519509261555,0.4205974749044529,-0.7129621079915125,0.9357799936339428,正则化 Hessian 近似区间；三个阈值分别估计，未强制比例优势假设
strict_no_proxy,P(y>1),num__BMI,-2.348907363400595,0.09547342300184372,0.3783462011279271,-3.0904659176113323,-1.6073488091898578,正则化 Hessian 近似区间；三个阈值分别估计，未强制比例优势假设
strict_no_proxy,P(y>1),num__Sleep_Duration_Hours,-0.15753088922063638,0.8542504260710467,0.3324344561634863,-0.8091024233010696,0.4940406448597968,正则化 Hessian 近似区间；三个阈值分别估计，未强制比例优势假设
strict_no_proxy,P(y>1),num__Sleep_Quality_Score,2.2777521881285354,9.754728951857192,0.10928456203288434,2.063554446544082,2.491949929712989,正则化 Hessian 近似区间；三个阈值分别估计，未强制比例优势假设
strict_no_proxy,P(y>1),num__Number_of_Night_Awakenings,0.006554826801751268,1.006576356694818,0.04886157047028256,-0.08921385132000256,0.10232350492350509,正则化 Hessian 近似区间；三个阈值分别估计，未强制比例优势假设
strict_no_proxy,P(y>1),num__Weekend_Sleep_Difference_Hours,-0.018928813778263744,0.9812492111805612,0.047758802339315023,-0.1125360663633212,0.0746784388067937,正则化 Hessian 近似区间；三个阈值分别估计，未强制比例优势假设
strict_no_proxy,P(y>1),num__Nap_Frequency_Per_Week,0.08054057817309031,1.083872827329112,0.048236086135457074,-0.014002150652405551,0.17508330699858615,正则化 Hessian 近似区间；三个阈值分别估计，未强制比例优势假设
strict_no_proxy,P(y>1),num__Screen_Time_Before_Bed_Hours,-0.008033639877471892,0.9919985435663032,0.06375389540489294,-0.13299127487106205,0.11692399511611827,正则化 Hessian 近似区间；三个阈值分别估计，未强制比例优势假设
strict_no_proxy,P(y>1),num__Exercise_Frequency_Per_Week,2.0763404610703424,7.975229782195759,0.20181825838248915,1.6807766746406636,2.4719042475000212,正则化 Hessian 近似区间；三个阈值分别估计，未强制比例优势假设
strict_no_proxy,P(y>1),num__Exercise_Duration_Minutes,-0.041828986243925136,0.9590337745174575,0.10498481761700516,-0.24759922877325527,0.16394125628540498,正则化 Hessian 近似区间；三个阈值分别估计，未强制比例优势假设
strict_no_proxy,P(y>1),num__Daily_Steps,1.3789505110955378,3.9707322006066854,0.11645071972889619,1.1507071004269012,1.6071939217641744,正则化 Hessian 近似区间；三个阈值分别估计，未强制比例优势假设
strict_no_proxy,P(y>1),num__Daily_Calorie_Intake,-0.05496916250287123,0.9465143356365515,0.058652361889449056,-0.1699277918061914,0.05998946680044892,正则化 Hessian 近似区间；三个阈值分别估计，未强制比例优势假设
strict_no_proxy,P(y>1),num__Water_Intake_Liters,0.44181314091042356,1.5555250492812893,0.06072199692731811,0.32279802693288007,0.5608282548879671,正则化 Hessian 近似区间；三个阈值分别估计，未强制比例优势假设
strict_no_proxy,P(y>1),num__Fruit_Intake_Per_Day,0.2110089199712381,1.2349233704932117,0.4767834514370031,-0.7234866448452879,1.1455044847877642,正则化 Hessian 近似区间；三个阈值分别估计，未强制比例优势假设
strict_no_proxy,P(y>1),num__Vegetable_Intake_Per_Day,0.34240845807052966,1.4083354260189371,0.5269919586406985,-0.6904957808652393,1.3753126970062985,正则化 Hessian 近似区间；三个阈值分别估计，未强制比例优势假设
strict_no_proxy,P(y>1),num__Protein_Intake_Grams,0.0688052191609978,1.0712275342281887,0.06012989118413822,-0.04904936755991311,0.18665980588190872,正则化 Hessian 近似区间；三个阈值分别估计，未强制比例优势假设
strict_no_proxy,P(y>1),num__Sugary_Drinks_Per_Week,0.38465667014829263,1.4691098455798637,0.49666165181924155,-0.5888001674174208,1.358113507714006,正则化 Hessian 近似区间；三个阈值分别估计，未强制比例优势假设
strict_no_proxy,P(y>1),num__Fast_Food_Meals_Per_Week,-1.0186194608821328,0.3610930993787077,0.506307943445112,-2.010983030034552,-0.02625589172971332,正则化 Hessian 近似区间；三个阈值分别估计，未强制比例优势假设
strict_no_proxy,P(y>1),num__Breakfast_Regularity_Score,-0.02603063243990571,0.9743052438047961,0.04880220196921476,-0.12168294829956663,0.06962168341975522,正则化 Hessian 近似区间；三个阈值分别估计，未强制比例优势假设
strict_no_proxy,P(y>1),num__Stress_Level,-1.750739535718998,0.17364547892014168,0.1149706201945226,-1.9760819513002623,-1.5253971201377339,正则化 Hessian 近似区间；三个阈值分别估计，未强制比例优势假设
strict_no_proxy,P(y>1),num__Working_Hours_Per_Day,0.04279095212602547,1.0437196846621153,0.09800717524341516,-0.14930311135106825,0.23488501560311917,正则化 Hessian 近似区间；三个阈值分别估计，未强制比例优势假设
strict_no_proxy,P(y>1),num__Sitting_Hours_Per_Day,-0.17292491780802127,0.8412007716714484,0.11848388676694,-0.40515333587122365,0.05930350025518111,正则化 Hessian 近似区间；三个阈值分别估计，未强制比例优势假设
strict_no_proxy,P(y>1),num__Outdoor_Time_Hours,-0.05173044057031382,0.9495848018841225,0.054180600023083635,-0.15792441661555773,0.054463535474930096,正则化 Hessian 近似区间；三个阈值分别估计，未强制比例优势假设
strict_no_proxy,P(y>1),num__Social_Interaction_Score,-0.03359099242204011,0.9669669205660868,0.05747209015274091,-0.1462362891214123,0.07905430427733207,正则化 Hessian 近似区间；三个阈值分别估计，未强制比例优势假设
strict_no_proxy,P(y>1),num__Resting_Heart_Rate,-0.004807375318924061,0.9952041616149434,0.056222646277694396,-0.11500376202320507,0.10538901138535696,正则化 Hessian 近似区间；三个阈值分别估计，未强制比例优势假设
strict_no_proxy,P(y>1),num__Systolic_BP,-0.014631145193771986,0.985475369899043,0.8082960723995387,-1.5988914470968678,1.569629156709324,正则化 Hessian 近似区间；三个阈值分别估计，未强制比例优势假设
strict_no_proxy,P(y>1),num__Diastolic_BP,0.0018312161543251636,1.001832893854548,0.7409543363744456,-1.4504392831395883,1.4541017154482387,正则化 Hessian 近似区间；三个阈值分别估计，未强制比例优势假设
strict_no_proxy,P(y>1),num__Cholesterol_Level,0.08845516896939709,1.0924852742718487,0.05808531059706308,-0.025392039800846547,0.20230237773964072,正则化 Hessian 近似区间；三个阈值分别估计，未强制比例优势假设
strict_no_proxy,P(y>1),num__Blood_Sugar_Level,-0.07525997529059328,0.9275023272951518,0.08927406129410456,-0.2502371354270382,0.09971718484585165,正则化 Hessian 近似区间；三个阈值分别估计，未强制比例优势假设
strict_no_proxy,P(y>1),num__Energy_Level_Score,-0.10083894652961096,0.9040786261616461,0.37335041965266647,-0.8326057690488373,0.6309278759896153,正则化 Hessian 近似区间；三个阈值分别估计，未强制比例优势假设
strict_no_proxy,P(y>1),num__Fatigue_Level_Score,-0.08581799995924376,0.9177612486057553,0.49087961792690654,-1.0479420510959805,0.876306051177493,正则化 Hessian 近似区间；三个阈值分别估计，未强制比例优势假设
strict_no_proxy,P(y>1),num__Immune_Health_Score,-0.02108085953430372,0.9791397885811131,0.07259123513345611,-0.1633596803958777,0.12119796132727026,正则化 Hessian 近似区间；三个阈值分别估计，未强制比例优势假设
strict_no_proxy,P(y>1),num__Mood_Score,0.6678322831999984,1.9500056757257287,0.09305199356386186,0.4854503758148292,0.8502141905851677,正则化 Hessian 近似区间；三个阈值分别估计，未强制比例优势假设
strict_no_proxy,P(y>1),num__Anxiety_Score,0.03094168626022809,1.0314253558630158,0.4744708627768824,-0.8990212047824614,0.9609045773029176,正则化 Hessian 近似区间；三个阈值分别估计，未强制比例优势假设
strict_no_proxy,P(y>1),num__Depression_Risk_Score,-0.013185123207917664,0.9869014197516681,0.40944867936051804,-0.815704534754533,0.7893342883386977,正则化 Hessian 近似区间；三个阈值分别估计，未强制比例优势假设
strict_no_proxy,P(y>1),num__Productivity_Score,-0.06373459306018661,0.9382539856070393,0.07554444980689655,-0.21180171468170383,0.08433252856133061,正则化 Hessian 近似区间；三个阈值分别估计，未强制比例优势假设
strict_no_proxy,P(y>1),num__Focus_Concentration_Score,-0.07684476740156264,0.9260335930505725,0.06406909601184407,-0.20242019558477703,0.04873066078165174,正则化 Hessian 近似区间；三个阈值分别估计，未强制比例优势假设
strict_no_proxy,P(y>1),num__Life_Satisfaction_Score,0.023833103807377947,1.0241193820010972,0.07765458998874698,-0.12836989257056614,0.176036100185322,正则化 Hessian 近似区间；三个阈值分别估计，未强制比例优势假设
strict_no_proxy,P(y>1),num__Exercise_Type_Missing,-0.023449111514395868,0.9768236824819592,0.7371614184678879,-1.4682854917114558,1.4213872686826643,正则化 Hessian 近似区间；三个阈值分别估计，未强制比例优势假设
strict_no_proxy,P(y>1),num__Workout_Intensity_Missing,-0.023449111514395868,0.9768236824819592,0.7371614184678918,-1.4682854917114638,1.4213872686826723,正则化 Hessian 近似区间；三个阈值分别估计，未强制比例优势假设
strict_no_proxy,P(y>1),num__Alcohol_Consumption_Missing,0.1611710668923293,1.1748859357098536,0.47007296647559976,-0.7601719473998462,1.0825140811845047,正则化 Hessian 近似区间；三个阈值分别估计，未强制比例优势假设
strict_no_proxy,P(y>1),num__Wake_Time_Minutes,0.27847624561754375,1.321115222746982,0.6504851604666602,-0.99647466889711,1.5534271601321976,正则化 Hessian 近似区间；三个阈值分别估计，未强制比例优势假设
strict_no_proxy,P(y>1),num__Wake_Time_Sin,0.14769539978287835,1.1591597622680778,0.09525042679052453,-0.03899543672654973,0.33438623629230646,正则化 Hessian 近似区间；三个阈值分别估计，未强制比例优势假设
strict_no_proxy,P(y>1),num__Wake_Time_Cos,-0.1105712330990233,0.8953225513179738,0.6320123187922382,-1.3493153779318101,1.1281729117337633,正则化 Hessian 近似区间；三个阈值分别估计，未强制比例优势假设
strict_no_proxy,P(y>1),num__Sleep_Time_Minutes,-0.020156479657472852,0.9800453041539902,0.0802922342215709,-0.17752925873175182,0.1372162994168061,正则化 Hessian 近似区间；三个阈值分别估计，未强制比例优势假设
strict_no_proxy,P(y>1),num__Sleep_Time_Sin,-0.33573559378525714,0.7148120815885173,0.5533174403885911,-1.4202377769468957,0.7487665893763815,正则化 Hessian 近似区间；三个阈值分别估计，未强制比例优势假设
strict_no_proxy,P(y>1),num__Sleep_Time_Cos,-0.09853530658178229,0.9061636985067434,0.06385874480747074,-0.22369844640442493,0.026627833240860363,正则化 Hessian 近似区间；三个阈值分别估计，未强制比例优势假设
strict_no_proxy,P(y>1),num__Pulse_Pressure,-0.02884796149872821,0.9715641683980307,0.40558991279644485,-0.8238041905797602,0.7661082675823037,正则化 Hessian 近似区间；三个阈值分别估计，未强制比例优势假设
strict_no_proxy,P(y>1),num__Mean_Arterial_Pressure,-0.004779850038545934,0.9952315552655325,0.8000355257114492,-1.5728494804329862,1.5632897803558945,正则化 Hessian 近似区间；三个阈值分别估计，未强制比例优势假设
strict_no_proxy,P(y>1),num__Weekly_Exercise_Minutes,0.025437846039426726,1.0257641489846077,0.19656851386001387,-0.35983644112620045,0.4107121332050539,正则化 Hessian 近似区间；三个阈值分别估计，未强制比例优势假设
strict_no_proxy,P(y>1),num__Steps_Per_Sitting_Hour,-0.09252195978826412,0.9116291915606295,0.11088948237575937,-0.30986534524475245,0.12482142566822423,正则化 Hessian 近似区间；三个阈值分别估计，未强制比例优势假设
strict_no_proxy,P(y>1),num__Fruit_Vegetable_Intake,0.3970785421378549,1.4874727547535749,0.7062864904287428,-0.987242979102481,1.7814000633781908,正则化 Hessian 近似区间；三个阈值分别估计，未强制比例优势假设
strict_no_proxy,P(y>1),num__Unhealthy_Diet_Exposure,-0.45627844219775315,0.6336373811483123,0.7084259091436432,-1.844793224119294,0.9322363397237875,正则化 Hessian 近似区间；三个阈值分别估计，未强制比例优势假设
strict_no_proxy,P(y>1),num__Energy_Fatigue_Gap,0.006714515730361548,1.0067371086295938,0.8003487755710259,-1.5619690843888492,1.5753981158495725,正则化 Hessian 近似区间；三个阈值分别估计，未强制比例优势假设
strict_no_proxy,P(y>1),num__Mental_Risk_Composite,0.011711174344511828,1.0117800186334471,0.7869306387296722,-1.5306728775656457,1.5540952262546692,正则化 Hessian 近似区间；三个阈值分别估计，未强制比例优势假设
strict_no_proxy,P(y>1),num__Disease_Risk_Count_High,-0.3561368134887167,0.7003767926877276,0.5798599547305837,-1.4926623247606607,0.7803886977832275,正则化 Hessian 近似区间；三个阈值分别估计，未强制比例优势假设
strict_no_proxy,P(y>1),num__Disease_Risk_Composite,-0.3080338844461091,0.7348904162324748,0.69790637927348,-1.6759303878221297,1.0598626189299116,正则化 Hessian 近似区间；三个阈值分别估计，未强制比例优势假设
strict_no_proxy,P(y>1),cat__Gender_Female,-0.11273221225281266,0.8933898669460865,0.5860511274204705,-1.2613924219969348,1.0359279974913094,正则化 Hessian 近似区间；三个阈值分别估计，未强制比例优势假设
strict_no_proxy,P(y>1),cat__Gender_Male,-0.024745094132518786,0.9755585559365705,0.5862688554742798,-1.173832050862107,1.1243418625970696,正则化 Hessian 近似区间；三个阈值分别估计，未强制比例优势假设
strict_no_proxy,P(y>1),cat__Gender_Non-binary,0.02791090559813571,1.0283040642045265,0.5985414542047416,-1.1452303446431578,1.2010521558394291,正则化 Hessian 近似区间；三个阈值分别估计，未强制比例优势假设
strict_no_proxy,P(y>1),cat__Country_Australia,-0.28345070525598015,0.753180249052554,0.3156820984853287,-0.9021876182872244,0.3352862077752641,正则化 Hessian 近似区间；三个阈值分别估计，未强制比例优势假设
strict_no_proxy,P(y>1),cat__Country_Brazil,0.29800923800673945,1.3471742330267138,0.3226197199863022,-0.3343254131664128,0.9303438891798916,正则化 Hessian 近似区间；三个阈值分别估计，未强制比例优势假设
strict_no_proxy,P(y>1),cat__Country_Canada,0.1146428909999298,1.1214728779964134,0.3068574450138211,-0.48679770122715954,0.7160834832270191,正则化 Hessian 近似区间；三个阈值分别估计，未强制比例优势假设
strict_no_proxy,P(y>1),cat__Country_France,-0.12113020557850952,0.8859186005389469,0.3253606923932237,-0.758837162669228,0.5165767515122089,正则化 Hessian 近似区间；三个阈值分别估计，未强制比例优势假设
strict_no_proxy,P(y>1),cat__Country_Germany,0.10799027134208164,1.1140369072497684,0.31859418339067597,-0.5164543281036432,0.7324348707878064,正则化 Hessian 近似区间；三个阈值分别估计，未强制比例优势假设
strict_no_proxy,P(y>1),cat__Country_India,0.012421949994779564,1.0124994228713398,0.2914353748695019,-0.5587913847494441,0.5836352847390032,正则化 Hessian 近似区间；三个阈值分别估计，未强制比例优势假设
strict_no_proxy,P(y>1),cat__Country_Italy,-0.20260018973337343,0.8166046630959751,0.3341833485612326,-0.8575995529133894,0.4523991734466425,正则化 Hessian 近似区间；三个阈值分别估计，未强制比例优势假设
strict_no_proxy,P(y>1),cat__Country_Japan,0.15003193295745848,1.1618713441241055,0.3167074763424272,-0.47071472067369874,0.7707785865886156,正则化 Hessian 近似区间；三个阈值分别估计，未强制比例优势假设
strict_no_proxy,P(y>1),cat__Country_Mexico,-0.13142018822841162,0.8768492552376183,0.3289786921074848,-0.7762184247590819,0.5133780483022586,正则化 Hessian 近似区间；三个阈值分别估计，未强制比例优势假设
strict_no_proxy,P(y>1),cat__Country_Nigeria,-0.0406450110223514,0.9601699191939908,0.33526840317483014,-0.6977710812450185,0.6164810592003157,正则化 Hessian 近似区间；三个阈值分别估计，未强制比例优势假设
strict_no_proxy,P(y>1),cat__Country_Pakistan,-0.16392382499558222,0.848806677270004,0.31726411145927547,-0.7857614834557621,0.4579138334645977,正则化 Hessian 近似区间；三个阈值分别估计，未强制比例优势假设
strict_no_proxy,P(y>1),cat__Country_South Korea,-0.22696631686227467,0.7969476255346856,0.34324370112995345,-0.8997239710769834,0.44579133735243415,正则化 Hessian 近似区间；三个阈值分别估计，未强制比例优势假设
strict_no_proxy,P(y>1),cat__Country_Spain,0.19057915371773682,1.2099501418992262,0.33449055880409817,-0.4650223415382956,0.8461806489737692,正则化 Hessian 近似区间；三个阈值分别估计，未强制比例优势假设
strict_no_proxy,P(y>1),cat__Country_UK,0.08067763741211224,1.0840213922948903,0.309138267907627,-0.5252333676868367,0.6865886425110611,正则化 Hessian 近似区间；三个阈值分别估计，未强制比例优势假设
strict_no_proxy,P(y>1),cat__Country_USA,0.10621696645844203,1.112063130732586,0.28749846835475423,-0.45728003151687624,0.6697139644337603,正则化 Hessian 近似区间；三个阈值分别估计，未强制比例优势假设
strict_no_proxy,P(y>1),cat__Occupation_Accountant,-0.11862823951391191,0.8881379139792372,0.3098885937786104,-0.7260098833199883,0.4887534042921645,正则化 Hessian 近似区间；三个阈值分别估计，未强制比例优势假设
strict_no_proxy,P(y>1),cat__Occupation_Artist,0.02412187841742133,1.0244151643814379,0.38091849489207164,-0.7224783715710391,0.7707221284058817,正则化 Hessian 近似区间；三个阈值分别估计，未强制比例优势假设
strict_no_proxy,P(y>1),cat__Occupation_Athlete,-0.29378750687357913,0.7454348744020525,0.358426190620896,-0.9963028404905352,0.40872782674337693,正则化 Hessian 近似区间；三个阈值分别估计，未强制比例优势假设
strict_no_proxy,P(y>1),cat__Occupation_Chef,0.03743165672217015,1.038141044695449,0.3257469122162428,-0.6010322912216657,0.6758956046660061,正则化 Hessian 近似区间；三个阈值分别估计，未强制比例优势假设
strict_no_proxy,P(y>1),cat__Occupation_Doctor,0.31063113660076036,1.3642858932301263,0.3172062445757986,-0.3110931027678049,0.9323553759693256,正则化 Hessian 近似区间；三个阈值分别估计，未强制比例优势假设
strict_no_proxy,P(y>1),cat__Occupation_Entrepreneur,-0.24097883681491286,0.7858582574761167,0.31932789783321697,-0.8668615165680181,0.38490384293819246,正则化 Hessian 近似区间；三个阈值分别估计，未强制比例优势假设
strict_no_proxy,P(y>1),cat__Occupation_Freelancer,-0.007670632146138931,0.9923587120751103,0.3085675767216258,-0.6124630825205255,0.5971218182282476,正则化 Hessian 近似区间；三个阈值分别估计，未强制比例优势假设
strict_no_proxy,P(y>1),cat__Occupation_Laborer,-0.12285894196166032,0.8843884038561112,0.324038169053059,-0.757973753305656,0.5122558693823352,正则化 Hessian 近似区间；三个阈值分别估计，未强制比例优势假设
strict_no_proxy,P(y>1),cat__Occupation_Lawyer,0.3195811335104613,1.376551052454736,0.3322037971506176,-0.33153830890474917,0.9707005759256717,正则化 Hessian 近似区间；三个阈值分别估计，未强制比例优势假设
strict_no_proxy,P(y>1),cat__Occupation_Manager,-0.17275859423640114,0.8413406948241791,0.3056269916697747,-0.7717874979091596,0.42627030943635724,正则化 Hessian 近似区间；三个阈值分别估计，未强制比例优势假设
strict_no_proxy,P(y>1),cat__Occupation_Nurse,0.3135331785481311,1.3682508585856832,0.3103338950236715,-0.294721255698265,0.9217876127945273,正则化 Hessian 近似区间；三个阈值分别估计，未强制比例优势假设
strict_no_proxy,P(y>1),cat__Occupation_Retired,0.033588513827273986,1.0341589770443045,0.306393992042918,-0.5669437105768452,0.6341207382313933,正则化 Hessian 近似区间；三个阈值分别估计，未强制比例优势假设
strict_no_proxy,P(y>1),cat__Occupation_Software Engineer,-0.14919078989724507,0.861404751895956,0.29839431734750704,-0.7340436518983589,0.43566207210386865,正则化 Hessian 近似区间；三个阈值分别估计，未强制比例优势假设
strict_no_proxy,P(y>1),cat__Occupation_Student,0.02138691714419682,1.0216172564081594,0.29847603704647185,-0.563626115466888,0.6063999497552817,正则化 Hessian 近似区间；三个阈值分别估计，未强制比例优势假设
strict_no_proxy,P(y>1),cat__Occupation_Teacher,-0.06396727411376292,0.9380356970779334,0.2989904174925652,-0.6499884923991908,0.522053944171665,正则化 Hessian 近似区间；三个阈值分别估计，未强制比例优势假设
strict_no_proxy,P(y>1),cat__Marital_Status_Divorced,0.10411035294979898,1.1097229093553609,0.5132026661391621,-0.9017668726829587,1.1099875785825568,正则化 Hessian 近似区间；三个阈值分别估计，未强制比例优势假设
strict_no_proxy,P(y>1),cat__Marital_Status_Married,-0.11310349739476114,0.893058226132985,0.5064558400669772,-1.1057569439260364,0.8795499491365142,正则化 Hessian 近似区间；三个阈值分别估计，未强制比例优势假设
strict_no_proxy,P(y>1),cat__Marital_Status_Single,-0.19216673524754893,0.8251692722180537,0.5071270794846069,-1.1861358110373785,0.8018023405422806,正则化 Hessian 近似区间；三个阈值分别估计，未强制比例优势假设
strict_no_proxy,P(y>1),cat__Marital_Status_Widowed,0.09159347890531788,1.0959192172331957,0.5195706450868669,-0.9267649854649411,1.109951943275577,正则化 Hessian 近似区间；三个阈值分别估计，未强制比例优势假设
strict_no_proxy,P(y>1),cat__Exercise_Type_Cycling,-0.37676089264374035,0.6860801010843376,0.3800090504243781,-1.1215786314755214,0.3680568461880407,正则化 Hessian 近似区间；三个阈值分别估计，未强制比例优势假设
strict_no_proxy,P(y>1),cat__Exercise_Type_HIIT,-0.04419358786204488,0.9567687207327148,0.3743458737000231,-0.7779115003140901,0.6895243245900003,正则化 Hessian 近似区间；三个阈值分别估计，未强制比例优势假设
strict_no_proxy,P(y>1),cat__Exercise_Type_None,-0.015381722020053008,0.9847359724455357,0.982713060139628,-1.9414993198937238,1.910735875853618,正则化 Hessian 近似区间；三个阈值分别估计，未强制比例优势假设
strict_no_proxy,P(y>1),cat__Exercise_Type_Running,0.038465900365620476,1.039215290892324,0.3709577428392481,-0.6886112755993058,0.7655430763305467,正则化 Hessian 近似区间；三个阈值分别估计，未强制比例优势假设
strict_no_proxy,P(y>1),cat__Exercise_Type_Sports,0.26830560065764053,1.3077467272146348,0.3840778946533153,-0.4844870728628575,1.0210982741781387,正则化 Hessian 近似区间；三个阈值分别估计，未强制比例优势假设
strict_no_proxy,P(y>1),cat__Exercise_Type_Swimming,0.011008924156055012,1.0110697453486486,0.3861087000059557,-0.7457641278556182,0.7677819761677283,正则化 Hessian 近似区间；三个阈值分别估计，未强制比例优势假设
strict_no_proxy,P(y>1),cat__Exercise_Type_Walking,-0.15580163566020333,0.8557289196385339,0.37206235059717074,-0.885043842830658,0.5734405715102513,正则化 Hessian 近似区间；三个阈值分别估计，未强制比例优势假设
strict_no_proxy,P(y>1),cat__Exercise_Type_Weight Training,0.15268634671548506,1.1649595282509662,0.37147595072353773,-0.5754065167026489,0.880779210133619,正则化 Hessian 近似区间；三个阈值分别估计，未强制比例优势假设
strict_no_proxy,P(y>1),cat__Exercise_Type_Yoga,0.01210466550404132,1.0121782234660706,0.37874704255619684,-0.7302395379061045,0.7544488689141872,正则化 Hessian 近似区间；三个阈值分别估计，未强制比例优势假设
strict_no_proxy,P(y>1),cat__Morning_Workout_No,-0.6300530380187038,0.5325635541420793,0.7096795663539219,-2.0210249880723907,0.7609189120349832,正则化 Hessian 近似区间；三个阈值分别估计，未强制比例优势假设
strict_no_proxy,P(y>1),cat__Morning_Workout_Yes,0.520486637231507,1.6828463861753227,0.7096795663539218,-0.8704853128221798,1.911458587285194,正则化 Hessian 近似区间；三个阈值分别估计，未强制比例优势假设
strict_no_proxy,P(y>1),cat__Workout_Intensity_High,0.010955570871837482,1.0110158028961775,0.5791693681320362,-1.1242163906669536,1.1461275324106284,正则化 Hessian 近似区间；三个阈值分别估计，未强制比例优势假设
strict_no_proxy,P(y>1),cat__Workout_Intensity_Low,0.02497127236913626,1.0252856660732077,0.5794677242671915,-1.1107854671945592,1.1607280119328316,正则化 Hessian 近似区间；三个阈值分别估计，未强制比例优势假设
strict_no_proxy,P(y>1),cat__Workout_Intensity_Moderate,-0.13011152200811854,0.8779975094150883,0.5778345312152717,-1.2626672031900512,1.002444159173814,正则化 Hessian 近似区间；三个阈值分别估计，未强制比例优势假设
strict_no_proxy,P(y>1),cat__Workout_Intensity_None,-0.015381722020053008,0.9847359724455357,0.9827130601396308,-1.9414993198937291,1.9107358758536233,正则化 Hessian 近似区间；三个阈值分别估计，未强制比例优势假设
strict_no_proxy,P(y>1),cat__Gym_Member_No,-0.021125621379947564,0.9790959614579317,0.7088075573084192,-1.410388433704449,1.3681371909445539,正则化 Hessian 近似区间；三个阈值分别估计，未强制比例优势假设
strict_no_proxy,P(y>1),cat__Gym_Member_Yes,-0.08844077940724945,0.9153573171338134,0.7088075573084194,-1.4777035917317514,1.3008220329172524,正则化 Hessian 近似区间；三个阈值分别估计，未强制比例优势假设
strict_no_proxy,P(y>1),cat__Smoking_Status_Current,-1.829766946543331,0.16045095706832213,0.5915995616534562,-2.989302087384105,-0.6702318057025569,正则化 Hessian 近似区间；三个阈值分别估计，未强制比例优势假设
strict_no_proxy,P(y>1),cat__Smoking_Status_Former,0.923158110314872,2.5172275323886266,0.5854099651142133,-0.22424542130898595,2.0705616419387303,正则化 Hessian 近似区间；三个阈值分别估计，未强制比例优势假设
strict_no_proxy,P(y>1),cat__Smoking_Status_Never,0.7970424354412645,2.2189684715420888,0.5828533637978133,-0.34535015760244947,1.9394350284849784,正则化 Hessian 近似区间；三个阈值分别估计，未强制比例优势假设
strict_no_proxy,P(y>1),cat__Alcohol_Consumption_Heavy,-1.0495471669829846,0.3500962483619915,0.5733841507712939,-2.1733801024947206,0.07428576852875146,正则化 Hessian 近似区间；三个阈值分别估计，未强制比例优势假设
strict_no_proxy,P(y>1),cat__Alcohol_Consumption_Light,0.4111762399261066,1.5085912071334973,0.567085997176673,-0.7003123145401724,1.5226647943923854,正则化 Hessian 近似区间；三个阈值分别估计，未强制比例优势假设
strict_no_proxy,P(y>1),cat__Alcohol_Consumption_Moderate,0.4878958720830213,1.6288852287157098,0.5679628097439986,-0.6253112350152159,1.6011029791812585,正则化 Hessian 近似区间；三个阈值分别估计，未强制比例优势假设
strict_no_proxy,P(y>1),cat__Alcohol_Consumption_Unknown,0.040908654186654896,1.0417569410640177,0.9142118439951142,-1.750946560043769,1.8327638684170786,正则化 Hessian 近似区间；三个阈值分别估计，未强制比例优势假设
strict_no_proxy,P(y>1),cat__Meditation_Practice_No,-0.49216139953668125,0.611303693736867,0.7100689704242837,-1.8838965815682776,0.8995737824949149,正则化 Hessian 近似区间；三个阈值分别估计，未强制比例优势假设
strict_no_proxy,P(y>1),cat__Meditation_Practice_Yes,0.38259499874948477,1.4660841439025551,0.7100689704242846,-1.009140183282113,1.7743301807810825,正则化 Hessian 近似区间；三个阈值分别估计，未强制比例优势假设
strict_no_proxy,P(y>1),cat__Obesity_Risk_High,-1.1383850701181035,0.32033592437979175,0.6926182421102738,-2.4959168246542403,0.21914668441803298,正则化 Hessian 近似区间；三个阈值分别估计，未强制比例优势假设
strict_no_proxy,P(y>1),cat__Obesity_Risk_Low,0.877668177905403,2.4052844666283875,0.6562486208761974,-0.4085791190119439,2.16391547482275,正则化 Hessian 近似区间；三个阈值分别估计，未强制比例优势假设
strict_no_proxy,P(y>1),cat__Obesity_Risk_Medium,0.1511504914255045,1.1631716922769944,0.6249279299223144,-1.0737082512222318,1.3760092340732406,正则化 Hessian 近似区间；三个阈值分别估计，未强制比例优势假设
strict_no_proxy,P(y>1),cat__Hypertension_Risk_High,0.5529566921694866,1.738385297039005,0.6886621546853505,-0.7968211310138005,1.9027345153527737,正则化 Hessian 近似区间；三个阈值分别估计，未强制比例优势假设
strict_no_proxy,P(y>1),cat__Hypertension_Risk_Low,-0.41768942259401265,0.6585667326134778,0.6531365783607076,-1.6978371161809995,0.8624582709929742,正则化 Hessian 近似区间；三个阈值分别估计，未强制比例优势假设
strict_no_proxy,P(y>1),cat__Hypertension_Risk_Medium,-0.24483367036266943,0.7828347360314263,0.6252278033210636,-1.4702801648719541,0.9806128241466152,正则化 Hessian 近似区间；三个阈值分别估计，未强制比例优势假设
strict_no_proxy,P(y>1),cat__Diabetes_Risk_High,0.09599075789558355,1.1007488907107834,0.698285866613852,-1.2726495406675662,1.4646310564587335,正则化 Hessian 近似区间；三个阈值分别估计，未强制比例优势假设
strict_no_proxy,P(y>1),cat__Diabetes_Risk_Low,-0.21204105788566183,0.8089314838682895,0.6574765642104892,-1.5006951237382204,1.076613007966897,正则化 Hessian 近似区间；三个阈值分别估计，未强制比例优势假设
strict_no_proxy,P(y>1),cat__Diabetes_Risk_Medium,0.006483899202882808,1.0065049651826041,0.6262027626320466,-1.2208735155559283,1.233841313961694,正则化 Hessian 近似区间；三个阈值分别估计，未强制比例优势假设
strict_no_proxy,P(y>1),cat__Cardiovascular_Risk_High,-0.13490140428978253,0.8738020605757613,0.7039798294472686,-1.5147018700064288,1.2448990614268638,正则化 Hessian 近似区间；三个阈值分别估计，未强制比例优势假设
strict_no_proxy,P(y>1),cat__Cardiovascular_Risk_Low,0.10881527760251032,1.114956373903319,0.6568811829628208,-1.1786718410046184,1.3963023962096393,正则化 Hessian 近似区间；三个阈值分别估计，未强制比例优势假设
strict_no_proxy,P(y>1),cat__Cardiovascular_Risk_Medium,-0.0834802740999225,0.9199092325298655,0.6294192629873046,-1.3171420295550393,1.1501814813551943,正则化 Hessian 近似区间；三个阈值分别估计，未强制比例优势假设
strict_no_proxy,P(y>1),cat__Sleep_Disorder_Risk_High,0.24358653135592542,1.2758167112142846,0.8347526626563003,-1.3925286874504232,1.879701750162274,正则化 Hessian 近似区间；三个阈值分别估计，未强制比例优势假设
strict_no_proxy,P(y>1),cat__Sleep_Disorder_Risk_Low,-0.3103227673151573,0.7332102617200982,0.6875138627967848,-1.6578499383968555,1.037204403766541,正则化 Hessian 近似区间；三个阈值分别估计，未强制比例优势假设
strict_no_proxy,P(y>1),cat__Sleep_Disorder_Risk_Medium,-0.042830164827963535,0.9580740909285317,0.6740944429864748,-1.364055273081454,1.278394943425527,正则化 Hessian 近似区间；三个阈值分别估计，未强制比例优势假设
strict_no_proxy,P(y>2),intercept,-0.9124896821758459,0.4015233131397329,2.2712987654730883,-5.364235262503099,3.539255898151407,正则化 Hessian 近似区间；三个阈值分别估计，未强制比例优势假设
strict_no_proxy,P(y>2),num__Age,-0.5684051186852419,0.5664281042856393,0.0824262086734033,-0.7299604876851123,-0.40684974968537146,正则化 Hessian 近似区间；三个阈值分别估计，未强制比例优势假设
strict_no_proxy,P(y>2),num__Height_cm,0.28384001010489773,1.3282204119084404,0.23012630001344203,-0.16720753792144866,0.7348875581312442,正则化 Hessian 近似区间；三个阈值分别估计，未强制比例优势假设
strict_no_proxy,P(y>2),num__Weight_kg,-0.5350123407095942,0.5856620626147624,0.440024690095995,-1.3974607332977445,0.32743605187855596,正则化 Hessian 近似区间；三个阈值分别估计，未强制比例优势假设
strict_no_proxy,P(y>2),num__BMI,-1.3516329653926697,0.25881727572573165,0.3918289758115135,-2.119617757983236,-0.5836481728021033,正则化 Hessian 近似区间；三个阈值分别估计，未强制比例优势假设
strict_no_proxy,P(y>2),num__Sleep_Duration_Hours,0.10728275491807503,1.1132489866072055,0.35576130841438747,-0.5900094095741244,0.8045749194102745,正则化 Hessian 近似区间；三个阈值分别估计，未强制比例优势假设
strict_no_proxy,P(y>2),num__Sleep_Quality_Score,2.4408704939571186,11.483032303596929,0.11622673075844359,2.2130661016705693,2.668674886243668,正则化 Hessian 近似区间；三个阈值分别估计，未强制比例优势假设
strict_no_proxy,P(y>2),num__Number_of_Night_Awakenings,-0.0045242501743546675,0.9954859688285483,0.052626076010734026,-0.10767135915539335,0.09862285880668402,正则化 Hessian 近似区间；三个阈值分别估计，未强制比例优势假设
strict_no_proxy,P(y>2),num__Weekend_Sleep_Difference_Hours,-0.034417325400056785,0.9661682139552261,0.051189543956770965,-0.13474883155532788,0.0659141807552143,正则化 Hessian 近似区间；三个阈值分别估计，未强制比例优势假设
strict_no_proxy,P(y>2),num__Nap_Frequency_Per_Week,-0.0474955169982306,0.9536147481796472,0.05126076659190444,-0.14796661951836332,0.05297558552190211,正则化 Hessian 近似区间；三个阈值分别估计，未强制比例优势假设
strict_no_proxy,P(y>2),num__Screen_Time_Before_Bed_Hours,-0.10172121295388999,0.9032813397061275,0.06992436046617859,-0.23877295946760002,0.035330533559820035,正则化 Hessian 近似区间；三个阈值分别估计，未强制比例优势假设
strict_no_proxy,P(y>2),num__Exercise_Frequency_Per_Week,2.1742022689266247,8.795166145602124,0.2213628629518852,1.7403310575409296,2.60807348031232,正则化 Hessian 近似区间；三个阈值分别估计，未强制比例优势假设
strict_no_proxy,P(y>2),num__Exercise_Duration_Minutes,0.11687921640441243,1.1239836627033264,0.13242916327759688,-0.14268194361967743,0.37644037642850225,正则化 Hessian 近似区间；三个阈值分别估计，未强制比例优势假设
strict_no_proxy,P(y>2),num__Daily_Steps,1.351150426488716,3.861865768799788,0.12277048788278601,1.1105202702384553,1.5917805827389766,正则化 Hessian 近似区间；三个阈值分别估计，未强制比例优势假设
strict_no_proxy,P(y>2),num__Daily_Calorie_Intake,0.07153968679877715,1.0741607798581254,0.0632379671817901,-0.05240672887753145,0.19548610247508574,正则化 Hessian 近似区间；三个阈值分别估计，未强制比例优势假设
strict_no_proxy,P(y>2),num__Water_Intake_Liters,0.4513178414164358,1.5703803346891296,0.06457847965182364,0.3247440212988615,0.5778916615340102,正则化 Hessian 近似区间；三个阈值分别估计，未强制比例优势假设
strict_no_proxy,P(y>2),num__Fruit_Intake_Per_Day,0.08763624922276947,1.0915909827343255,0.4768870410584935,-0.8470623512518778,1.0223348496974167,正则化 Hessian 近似区间；三个阈值分别估计，未强制比例优势假设
strict_no_proxy,P(y>2),num__Vegetable_Intake_Per_Day,0.4048915496591521,1.4991399090062885,0.5272551216827646,-0.6285284888390665,1.4383115881573707,正则化 Hessian 近似区间；三个阈值分别估计，未强制比例优势假设
strict_no_proxy,P(y>2),num__Protein_Intake_Grams,-0.05195735560353697,0.9493693512626717,0.06321197708938175,-0.1758528306987252,0.07193811949165127,正则化 Hessian 近似区间；三个阈值分别估计，未强制比例优势假设
strict_no_proxy,P(y>2),num__Sugary_Drinks_Per_Week,0.4317039864546909,1.5398792225812423,0.4968216709516384,-0.5420664886105204,1.4054744615199022,正则化 Hessian 近似区间；三个阈值分别估计，未强制比例优势假设
strict_no_proxy,P(y>2),num__Fast_Food_Meals_Per_Week,-1.1272987227332858,0.3239070384466535,0.5069002059363286,-2.1208231263684896,-0.1337743190980818,正则化 Hessian 近似区间；三个阈值分别估计，未强制比例优势假设
strict_no_proxy,P(y>2),num__Breakfast_Regularity_Score,-0.01745533179867613,0.9826961299532994,0.05120912934814691,-0.11782522532104407,0.08291456172369181,正则化 Hessian 近似区间；三个阈值分别估计，未强制比例优势假设
strict_no_proxy,P(y>2),num__Stress_Level,-1.79304082718486,0.16645324377196252,0.12181797961984829,-2.0318040672397624,-1.5542775871299572,正则化 Hessian 近似区间；三个阈值分别估计，未强制比例优势假设
strict_no_proxy,P(y>2),num__Working_Hours_Per_Day,0.19140954523112041,1.2109552915047692,0.10447740494170708,-0.01336616845462546,0.3961852589168663,正则化 Hessian 近似区间；三个阈值分别估计，未强制比例优势假设
strict_no_proxy,P(y>2),num__Sitting_Hours_Per_Day,-0.24920772034723918,0.7794180555793218,0.12667974879981445,-0.49750002799487547,-0.00091541269960288,正则化 Hessian 近似区间；三个阈值分别估计，未强制比例优势假设
strict_no_proxy,P(y>2),num__Outdoor_Time_Hours,-0.0761930057061033,0.9266373430044059,0.0595225547151299,-0.1928572129477579,0.04047120153555131,正则化 Hessian 近似区间；三个阈值分别估计，未强制比例优势假设
strict_no_proxy,P(y>2),num__Social_Interaction_Score,0.04085655634983998,1.0417026691946372,0.05989435588860715,-0.07653638119183004,0.15824949389151,正则化 Hessian 近似区间；三个阈值分别估计，未强制比例优势假设
strict_no_proxy,P(y>2),num__Resting_Heart_Rate,-0.16335736893113287,0.8492876251649544,0.0603816118507404,-0.28170532815858407,-0.04500940970368168,正则化 Hessian 近似区间；三个阈值分别估计，未强制比例优势假设
strict_no_proxy,P(y>2),num__Systolic_BP,0.011104761457586855,1.0111666481880826,0.8085664805735369,-1.5736855404665455,1.595895063381719,正则化 Hessian 近似区间；三个阈值分别估计，未强制比例优势假设
strict_no_proxy,P(y>2),num__Diastolic_BP,-0.004274922885208896,0.9957342015908539,0.74110038212262,-1.4568316718455439,1.4482818260751262,正则化 Hessian 近似区间；三个阈值分别估计，未强制比例优势假设
strict_no_proxy,P(y>2),num__Cholesterol_Level,0.044685727994031706,1.045699174285935,0.060291241773750524,-0.07348510588251933,0.16285656187058273,正则化 Hessian 近似区间；三个阈值分别估计，未强制比例优势假设
strict_no_proxy,P(y>2),num__Blood_Sugar_Level,0.11659511008689813,1.1236643772016313,0.09613061449608568,-0.07182089432542979,0.305011114499226,正则化 Hessian 近似区间；三个阈值分别估计，未强制比例优势假设
strict_no_proxy,P(y>2),num__Energy_Level_Score,0.08095991332348038,1.0843274286126512,0.37586289679412843,-0.6557313643930113,0.8176511910399721,正则化 Hessian 近似区间；三个阈值分别估计，未强制比例优势假设
strict_no_proxy,P(y>2),num__Fatigue_Level_Score,0.06128650426266519,1.0632034828849237,0.4925854015743189,-0.9041808828229998,1.0267538913483303,正则化 Hessian 近似区间；三个阈值分别估计，未强制比例优势假设
strict_no_proxy,P(y>2),num__Immune_Health_Score,0.13973696979828157,1.1499712818951753,0.07735249512557547,-0.01187392064784637,0.2913478602444095,正则化 Hessian 近似区间；三个阈值分别估计，未强制比例优势假设
strict_no_proxy,P(y>2),num__Mood_Score,0.7116395188567495,2.0373287608710746,0.09930862055655593,0.5169946225658999,0.906284415147599,正则化 Hessian 近似区间；三个阈值分别估计，未强制比例优势假设
strict_no_proxy,P(y>2),num__Anxiety_Score,0.1356368842871577,1.1452659540190466,0.47494226452824484,-0.7952499541882022,1.0665237227625175,正则化 Hessian 近似区间；三个阈值分别估计，未强制比例优势假设
strict_no_proxy,P(y>2),num__Depression_Risk_Score,-0.1418744814173049,0.8677301659112796,0.4116484818085082,-0.9487055057619811,0.6649565429273712,正则化 Hessian 近似区间；三个阈值分别估计，未强制比例优势假设
strict_no_proxy,P(y>2),num__Productivity_Score,0.001808049951441001,1.0018096854592993,0.08039156237916276,-0.155759412311718,0.15937551221459997,正则化 Hessian 近似区间；三个阈值分别估计，未强制比例优势假设
strict_no_proxy,P(y>2),num__Focus_Concentration_Score,-0.1535265212619506,0.8576780171938263,0.07000306384336823,-0.2907325263949523,-0.016320516128948886,正则化 Hessian 近似区间；三个阈值分别估计，未强制比例优势假设
strict_no_proxy,P(y>2),num__Life_Satisfaction_Score,-0.11855312829729314,0.8882046256038457,0.08366733957536272,-0.2825411138650041,0.045434857270417794,正则化 Hessian 近似区间；三个阈值分别估计，未强制比例优势假设
strict_no_proxy,P(y>2),num__Exercise_Type_Missing,-0.02638265494443019,0.9739623267934944,0.7382065913882365,-1.4732675740653738,1.4205022641765135,正则化 Hessian 近似区间；三个阈值分别估计，未强制比例优势假设
strict_no_proxy,P(y>2),num__Workout_Intensity_Missing,-0.02638265494443019,0.9739623267934944,0.7382065913882342,-1.4732675740653691,1.4205022641765088,正则化 Hessian 近似区间；三个阈值分别估计，未强制比例优势假设
strict_no_proxy,P(y>2),num__Alcohol_Consumption_Missing,0.19092764579014643,1.2103718734124653,0.47037673710634137,-0.7310107589382826,1.1128660505185755,正则化 Hessian 近似区间；三个阈值分别估计，未强制比例优势假设
strict_no_proxy,P(y>2),num__Wake_Time_Minutes,0.01242065278026175,1.012498109443241,0.6776344954297163,-1.3157429582619822,1.3405842638225056,正则化 Hessian 近似区间；三个阈值分别估计，未强制比例优势假设
strict_no_proxy,P(y>2),num__Wake_Time_Sin,0.12025394056611383,1.1277832051250092,0.1016462804875519,-0.07897276918948787,0.3194806503217155,正则化 Hessian 近似区间；三个阈值分别估计，未强制比例优势假设
strict_no_proxy,P(y>2),num__Wake_Time_Cos,0.11432798109791571,1.1211197706837046,0.6613612841601281,-1.1819401358559354,1.4105960980517667,正则化 Hessian 近似区间；三个阈值分别估计，未强制比例优势假设
strict_no_proxy,P(y>2),num__Sleep_Time_Minutes,-0.022448934393444114,0.9778011679281852,0.08478085390382041,-0.18861940804493213,0.1437215392580439,正则化 Hessian 近似区间；三个阈值分别估计，未强制比例优势假设
strict_no_proxy,P(y>2),num__Sleep_Time_Sin,0.21332366402981995,1.2377852129664735,0.5885686871382358,-0.9402709627611223,1.3669182908207622,正则化 Hessian 近似区间；三个阈值分别估计，未强制比例优势假设
strict_no_proxy,P(y>2),num__Sleep_Time_Cos,-0.10262187327439481,0.9024681563011852,0.07035783939337772,-0.24052323848541515,0.03527949193662552,正则化 Hessian 近似区间；三个阈值分别估计，未强制比例优势假设
strict_no_proxy,P(y>2),num__Pulse_Pressure,0.02595101168132308,1.026290670987502,0.40634103110520087,-0.7704774092848706,0.8223794326475168,正则化 Hessian 近似区间；三个阈值分别估计，未强制比例优势假设
strict_no_proxy,P(y>2),num__Mean_Arterial_Pressure,0.0017923499144382616,1.0017939571336358,0.8002139384275309,-1.5666269694035222,1.5702116692323989,正则化 Hessian 近似区间；三个阈值分别估计，未强制比例优势假设
strict_no_proxy,P(y>2),num__Weekly_Exercise_Minutes,-0.04712525786831777,0.9539678981210408,0.2185514891075389,-0.47548617651909403,0.38123566078245846,正则化 Hessian 近似区间；三个阈值分别估计，未强制比例优势假设
strict_no_proxy,P(y>2),num__Steps_Per_Sitting_Hour,-0.15945806850848077,0.8526057176763068,0.10755232951958625,-0.37026063436686985,0.051344497349908286,正则化 Hessian 近似区间；三个阈值分别估计，未强制比例优势假设
strict_no_proxy,P(y>2),num__Fruit_Vegetable_Intake,0.360561568343861,1.434134553034863,0.7063462968624543,-1.0238771735065495,1.7450003101942715,正则化 Hessian 近似区间；三个阈值分别估计，未强制比例优势假设
strict_no_proxy,P(y>2),num__Unhealthy_Diet_Exposure,-0.5007588158034711,0.6060705892392024,0.7085389626479135,-1.8894951825933815,0.8879775509864393,正则化 Hessian 近似区间；三个阈值分别估计，未强制比例优势假设
strict_no_proxy,P(y>2),num__Energy_Fatigue_Gap,-0.0007974028052745398,0.9992029150358543,0.8004798593505724,-1.5697379271323966,1.5681431215218473,正则化 Hessian 近似区间；三个阈值分别估计，未强制比例优势假设
strict_no_proxy,P(y>2),num__Mental_Risk_Composite,0.00821590340803935,1.0082497465629834,0.7871415365701868,-1.5345815082695269,1.5510133150856056,正则化 Hessian 近似区间；三个阈值分别估计，未强制比例优势假设
strict_no_proxy,P(y>2),num__Disease_Risk_Count_High,-0.40289483489251793,0.6683823861331124,0.5842439418517738,-1.5480129609219944,0.7422232911369586,正则化 Hessian 近似区间；三个阈值分别估计，未强制比例优势假设
strict_no_proxy,P(y>2),num__Disease_Risk_Composite,-0.5038634570115348,0.60419187538812,0.6989171125548226,-1.873740997618987,0.8660140835959174,正则化 Hessian 近似区间；三个阈值分别估计，未强制比例优势假设
strict_no_proxy,P(y>2),cat__Gender_Female,0.024859769977523833,1.025171350642695,0.5879773454272724,-1.12757582705993,1.177295367014978,正则化 Hessian 近似区间；三个阈值分别估计，未强制比例优势假设
strict_no_proxy,P(y>2),cat__Gender_Male,-0.14816769604592994,0.8622865007801331,0.5881930995374859,-1.3010261711394022,1.0046907790475423,正则化 Hessian 近似区间；三个阈值分别估计，未强制比例优势假设
strict_no_proxy,P(y>2),cat__Gender_Non-binary,-0.5956493557322086,0.5512045218155719,0.604404692296682,-1.7802825526337052,0.5889838411692881,正则化 Hessian 近似区间；三个阈值分别估计，未强制比例优势假设
strict_no_proxy,P(y>2),cat__Country_Australia,-0.04049953450087828,0.9603096115345897,0.32713812528774383,-0.6816902600648562,0.6006911910630996,正则化 Hessian 近似区间；三个阈值分别估计，未强制比例优势假设
strict_no_proxy,P(y>2),cat__Country_Brazil,0.03705320332289287,1.037748231023678,0.3379472005787732,-0.6253233098115026,0.6994297164572884,正则化 Hessian 近似区间；三个阈值分别估计，未强制比例优势假设
strict_no_proxy,P(y>2),cat__Country_Canada,-0.05397883453475746,0.9474521595553335,0.31409112570272213,-0.6695974409120928,0.5616397718425779,正则化 Hessian 近似区间；三个阈值分别估计，未强制比例优势假设
strict_no_proxy,P(y>2),cat__Country_France,-0.11804784243437928,0.8886535362490884,0.32887687276746624,-0.7626465130586131,0.5265508281898545,正则化 Hessian 近似区间；三个阈值分别估计，未强制比例优势假设
strict_no_proxy,P(y>2),cat__Country_Germany,0.1368624636252637,1.1466704287807543,0.3204852191798613,-0.49128856596726445,0.7650134932177918,正则化 Hessian 近似区间；三个阈值分别估计，未强制比例优势假设
strict_no_proxy,P(y>2),cat__Country_India,0.10656855739067753,1.1124541907879812,0.29464354497362877,-0.47093279075763483,0.6840699055389898,正则化 Hessian 近似区间；三个阈值分别估计，未强制比例优势假设
strict_no_proxy,P(y>2),cat__Country_Italy,-0.449573529143757,0.6379001394388764,0.3537275015642128,-1.142879432209614,0.24373237392210007,正则化 Hessian 近似区间；三个阈值分别估计，未强制比例优势假设
strict_no_proxy,P(y>2),cat__Country_Japan,-0.13652088183418803,0.8723881030057034,0.31716656865044723,-0.7581673563890645,0.4851255927206885,正则化 Hessian 近似区间；三个阈值分别估计，未强制比例优势假设
strict_no_proxy,P(y>2),cat__Country_Mexico,0.28641915207682356,1.3316505023644878,0.3417970961330791,-0.38350315634401155,0.9563414604976587,正则化 Hessian 近似区间；三个阈值分别估计，未强制比例优势假设
strict_no_proxy,P(y>2),cat__Country_Nigeria,0.223328344854023,1.250231013268989,0.3397219972803744,-0.44252676981551087,0.8891834595235568,正则化 Hessian 近似区间；三个阈值分别估计，未强制比例优势假设
strict_no_proxy,P(y>2),cat__Country_Pakistan,-0.12744328831242288,0.8803433401750296,0.3280025272510656,-0.7703282417245114,0.5154416650996656,正则化 Hessian 近似区间；三个阈值分别估计，未强制比例优势假设
strict_no_proxy,P(y>2),cat__Country_South Korea,-0.31970787472531687,0.7263611945473784,0.3505295107588874,-1.0067457158127362,0.3673299663621024,正则化 Hessian 近似区间；三个阈值分别估计，未强制比例优势假设
strict_no_proxy,P(y>2),cat__Country_Spain,-0.018378658796157844,0.9817891988476124,0.3403193802208276,-0.6854046440289799,0.6486473264366642,正则化 Hessian 近似区间；三个阈值分别估计，未强制比例优势假设
strict_no_proxy,P(y>2),cat__Country_UK,-0.21768474049333258,0.8043789898212312,0.31058404786433425,-0.8264294743074276,0.3910599933207625,正则化 Hessian 近似区间；三个阈值分别估计，未强制比例优势假设
strict_no_proxy,P(y>2),cat__Country_USA,-0.027353818295105654,0.9730169094284284,0.29135775747742515,-0.5984150229508589,0.5437073863606476,正则化 Hessian 近似区间；三个阈值分别估计，未强制比例优势假设
strict_no_proxy,P(y>2),cat__Occupation_Accountant,0.32896371252536727,1.3895274322312994,0.31292231664003456,-0.28436402808910044,0.942291453139835,正则化 Hessian 近似区间；三个阈值分别估计，未强制比例优势假设
strict_no_proxy,P(y>2),cat__Occupation_Artist,0.46002324629583335,1.5841108092749714,0.38439935038944023,-0.29339948046746944,1.213445973059136,正则化 Hessian 近似区间；三个阈值分别估计，未强制比例优势假设
strict_no_proxy,P(y>2),cat__Occupation_Athlete,-0.32365250009612107,0.7235016154430779,0.36720605787739213,-1.0433763735358097,0.3960713733435675,正则化 Hessian 近似区间；三个阈值分别估计，未强制比例优势假设
strict_no_proxy,P(y>2),cat__Occupation_Chef,0.09981636842288244,1.1049679924293254,0.33640504035406615,-0.5595375106710873,0.7591702475168521,正则化 Hessian 近似区间；三个阈值分别估计，未强制比例优势假设
strict_no_proxy,P(y>2),cat__Occupation_Doctor,-0.31101701941173976,0.7327014056163101,0.32238587439492683,-0.9428933332257964,0.32085929440231686,正则化 Hessian 近似区间；三个阈值分别估计，未强制比例优势假设
strict_no_proxy,P(y>2),cat__Occupation_Entrepreneur,0.2337998382029205,1.2633915841674561,0.3263083443228564,-0.405764516669878,0.873364193075719,正则化 Hessian 近似区间；三个阈值分别估计，未强制比例优势假设
strict_no_proxy,P(y>2),cat__Occupation_Freelancer,-0.2591147466859708,0.7717344639906794,0.3156708431005839,-0.8778295991631152,0.35960010579117363,正则化 Hessian 近似区间；三个阈值分别估计，未强制比例优势假设
strict_no_proxy,P(y>2),cat__Occupation_Laborer,-0.11083651844881065,0.895085066863741,0.33153981388473824,-0.7606545536628977,0.5389815167652763,正则化 Hessian 近似区间；三个阈值分别估计，未强制比例优势假设
strict_no_proxy,P(y>2),cat__Occupation_Lawyer,-0.18583197704521395,0.830413111725322,0.33817335234887763,-0.8486517476490141,0.4769877935585862,正则化 Hessian 近似区间；三个阈值分别估计，未强制比例优势假设
strict_no_proxy,P(y>2),cat__Occupation_Manager,-0.08618634127090548,0.9174232614747844,0.30789780295446634,-0.6896660350616596,0.5172933525198485,正则化 Hessian 近似区间；三个阈值分别估计，未强制比例优势假设
strict_no_proxy,P(y>2),cat__Occupation_Nurse,0.10990494780007809,1.1161719708151316,0.3206014072688234,-0.5184738104468158,0.738283706046972,正则化 Hessian 近似区间；三个阈值分别估计，未强制比例优势假设
strict_no_proxy,P(y>2),cat__Occupation_Retired,-0.21183629081117164,0.8090971433619303,0.3130053854746319,-0.8253268463414501,0.4016542647191069,正则化 Hessian 近似区间；三个阈值分别估计，未强制比例优势假设
strict_no_proxy,P(y>2),cat__Occupation_Software Engineer,-0.23391257789709732,0.7914310014338148,0.3021992651828436,-0.8262231376554708,0.35839798186127625,正则化 Hessian 近似区间；三个阈值分别估计，未强制比例优势假设
strict_no_proxy,P(y>2),cat__Occupation_Student,-0.14392675102523345,0.8659511757719924,0.30223974338194093,-0.7363166480538377,0.4484631460033708,正则化 Hessian 近似区间；三个阈值分别估计，未强制比例优势假设
strict_no_proxy,P(y>2),cat__Occupation_Teacher,-0.08515067235543074,0.9183739004176568,0.30718652240603506,-0.6872362562712594,0.516934911560398,正则化 Hessian 近似区间；三个阈值分别估计，未强制比例优势假设
strict_no_proxy,P(y>2),cat__Marital_Status_Divorced,-0.21615712022346562,0.8056087145077732,0.5147489498514677,-1.2250650619323422,0.7927508214854111,正则化 Hessian 近似区间；三个阈值分别估计，未强制比例优势假设
strict_no_proxy,P(y>2),cat__Marital_Status_Married,-0.22937035491436358,0.7950340342121732,0.5074545518858238,-1.2239812766105782,0.7652405667818509,正则化 Hessian 近似区间；三个阈值分别估计，未强制比例优势假设
strict_no_proxy,P(y>2),cat__Marital_Status_Single,-0.02922843317846943,0.971194586059169,0.5082026461690209,-1.0253056196697503,0.9668487533128115,正则化 Hessian 近似区间；三个阈值分别估计，未强制比例优势假设
strict_no_proxy,P(y>2),cat__Marital_Status_Widowed,-0.24420137348431525,0.7833298765126802,0.5240929962912982,-1.27142364621526,0.7830208992466293,正则化 Hessian 近似区间；三个阈值分别估计，未强制比例优势假设
strict_no_proxy,P(y>2),cat__Exercise_Type_Cycling,-0.05625610116328796,0.9452970132230322,0.3837659674207163,-0.8084373973078919,0.695925194981316,正则化 Hessian 近似区间；三个阈值分别估计，未强制比例优势假设
strict_no_proxy,P(y>2),cat__Exercise_Type_HIIT,0.03427422988928474,1.0348683596552652,0.37508636723546696,-0.7008950498922305,0.7694435096708,正则化 Hessian 近似区间；三个阈值分别估计，未强制比例优势假设
strict_no_proxy,P(y>2),cat__Exercise_Type_None,-0.0660031689280569,0.9361278977649584,0.9827719536542927,-1.9922361980904706,1.8602298602343568,正则化 Hessian 近似区间；三个阈值分别估计，未强制比例优势假设
strict_no_proxy,P(y>2),cat__Exercise_Type_Running,-0.17669155876527587,0.8380382302097634,0.3734515389651292,-0.9086565751369291,0.5552734576063774,正则化 Hessian 近似区间；三个阈值分别估计，未强制比例优势假设
strict_no_proxy,P(y>2),cat__Exercise_Type_Sports,0.24573133172133177,1.2785560199477681,0.3858933392340892,-0.5106196131774831,1.0020822766201465,正则化 Hessian 近似区间；三个阈值分别估计，未强制比例优势假设
strict_no_proxy,P(y>2),cat__Exercise_Type_Swimming,-0.06329513169277179,0.9386664026005672,0.3856783102896602,-0.8192246198605058,0.6926343564749622,正则化 Hessian 近似区间；三个阈值分别估计，未强制比例优势假设
strict_no_proxy,P(y>2),cat__Exercise_Type_Walking,-0.35956349615079464,0.6979809309486248,0.3745970404878742,-1.093773695507028,0.3746467032054387,正则化 Hessian 近似区间；三个阈值分别估计，未强制比例优势假设
strict_no_proxy,P(y>2),cat__Exercise_Type_Weight Training,-0.12117852312933215,0.8858757961560504,0.3737272535053262,-0.8536839399997715,0.6113268937411072,正则化 Hessian 近似区间；三个阈值分别估计，未强制比例优势假设
strict_no_proxy,P(y>2),cat__Exercise_Type_Yoga,-0.15597486358170942,0.8555806963349903,0.38104490095850513,-0.9028228694603795,0.5908731422969606,正则化 Hessian 近似区间；三个阈值分别估计，未强制比例优势假设
strict_no_proxy,P(y>2),cat__Morning_Workout_No,-0.8926294186373775,0.4095773852236563,0.7100213589830545,-2.2842712822441644,0.49901244496940933,正则化 Hessian 近似区间；三个阈值分别估计，未强制比例优势假设
strict_no_proxy,P(y>2),cat__Morning_Workout_Yes,0.17367213683676513,1.1896654543932053,0.7100213589830568,-1.2179697267700262,1.5653140004435564,正则化 Hessian 近似区间；三个阈值分别估计，未强制比例优势假设
strict_no_proxy,P(y>2),cat__Workout_Intensity_High,-0.1943680189674103,0.8233548383075802,0.5793629339301808,-1.3299193694705647,0.941183331535744,正则化 Hessian 近似区间；三个阈值分别估计，未强制比例优势假设
strict_no_proxy,P(y>2),cat__Workout_Intensity_Low,-0.20216442130284637,0.8169605911738511,0.5808297311559747,-1.3405906943685568,0.936261851762864,正则化 Hessian 近似区间；三个阈值分别估计，未强制比例优势假设
strict_no_proxy,P(y>2),cat__Workout_Intensity_Moderate,-0.25642167260229803,0.7738156031482807,0.5783948581384076,-1.390075594553577,0.8772322493489808,正则化 Hessian 近似区间；三个阈值分别估计，未强制比例优势假设
strict_no_proxy,P(y>2),cat__Workout_Intensity_None,-0.0660031689280569,0.9361278977649584,0.9827719536542933,-1.9922361980904717,1.8602298602343579,正则化 Hessian 近似区间；三个阈值分别估计，未强制比例优势假设
strict_no_proxy,P(y>2),cat__Gym_Member_No,-0.3450944871738401,0.7081534388894792,0.7090063188604052,-1.7347468721402344,1.044557897792554,正则化 Hessian 近似区间；三个阈值分别估计，未强制比例优势假设
strict_no_proxy,P(y>2),cat__Gym_Member_Yes,-0.37386279462677624,0.6880713124339233,0.7090063188604049,-1.7635151795931698,1.0157895903396172,正则化 Hessian 近似区间；三个阈值分别估计，未强制比例优势假设
strict_no_proxy,P(y>2),cat__Smoking_Status_Current,-1.9330472420444416,0.1447065700066961,0.5940345077481171,-3.097354877230751,-0.7687396068581323,正则化 Hessian 近似区间；三个阈值分别估计，未强制比例优势假设
strict_no_proxy,P(y>2),cat__Smoking_Status_Former,0.6743164668972139,1.9626909531265788,0.5863020475985806,-0.4748355463960041,1.823468480190432,正则化 Hessian 近似区间；三个阈值分别估计，未强制比例优势假设
strict_no_proxy,P(y>2),cat__Smoking_Status_Never,0.5397734933466144,1.7156182192300873,0.5838902510467783,-0.6046513987050709,1.6841983853982998,正则化 Hessian 近似区间；三个阈值分别估计，未强制比例优势假设
strict_no_proxy,P(y>2),cat__Alcohol_Consumption_Heavy,-1.438125605218472,0.2373722713025184,0.5767202485730503,-2.5684972924216507,-0.3077539180152935,正则化 Hessian 近似区间；三个阈值分别估计，未强制比例优势假设
strict_no_proxy,P(y>2),cat__Alcohol_Consumption_Light,0.3055859037066213,1.3574200875227183,0.5681012822065092,-0.8078926094181367,1.4190644168313793,正则化 Hessian 近似区间；三个阈值分别估计，未强制比例优势假设
strict_no_proxy,P(y>2),cat__Alcohol_Consumption_Moderate,0.5430478147090826,1.721244911387253,0.5692050900145381,-0.572594161719412,1.658689791137577,正则化 Hessian 近似区间；三个阈值分别估计，未强制比例优势假设
strict_no_proxy,P(y>2),cat__Alcohol_Consumption_Unknown,-0.12946539499784251,0.8785649906336054,0.914244779100817,-1.9213851620354438,1.6624543720397587,正则化 Hessian 近似区间；三个阈值分别估计，未强制比例优势假设
strict_no_proxy,P(y>2),cat__Meditation_Practice_No,-0.781237553607882,0.4578390601806218,0.7102145061597208,-2.1732579856809346,0.6107828784651707,正则化 Hessian 近似区间；三个阈值分别估计，未强制比例优势假设
strict_no_proxy,P(y>2),cat__Meditation_Practice_Yes,0.06228027180726811,1.0642605851694973,0.7102145061597201,-1.3297401602657832,1.4543007038803195,正则化 Hessian 近似区间；三个阈值分别估计，未强制比例优势假设
strict_no_proxy,P(y>2),cat__Obesity_Risk_High,-1.7806388458825768,0.16853044788788343,0.6990932098280446,-3.150861537145544,-0.41041615461960945,正则化 Hessian 近似区间；三个阈值分别估计，未强制比例优势假设
strict_no_proxy,P(y>2),cat__Obesity_Risk_Low,1.354623775263371,3.875302697597058,0.6586471355784977,0.06367538952951546,2.6455721609972267,正则化 Hessian 近似区间；三个阈值分别估计，未强制比例优势假设
strict_no_proxy,P(y>2),cat__Obesity_Risk_Medium,-0.2929422111814087,0.7460652536810876,0.6268488806673412,-1.5215660172893974,0.9356815949265802,正则化 Hessian 近似区间；三个阈值分别估计，未强制比例优势假设
strict_no_proxy,P(y>2),cat__Hypertension_Risk_High,0.3727347640957174,1.4516992460024178,0.6938316768858068,-0.9871753226004639,1.7326448507918988,正则化 Hessian 近似区间；三个阈值分别估计，未强制比例优势假设
strict_no_proxy,P(y>2),cat__Hypertension_Risk_Low,-0.8517526358387224,0.4266664852897928,0.6560415475181429,-2.1375940689742823,0.4340887972968377,正则化 Hessian 近似区间；三个阈值分别估计，未强制比例优势假设
strict_no_proxy,P(y>2),cat__Hypertension_Risk_Medium,-0.23993941005760647,0.7866755242472807,0.6262958382596344,-1.46747925304649,0.9876004329312771,正则化 Hessian 近似区间；三个阈值分别估计，未强制比例优势假设
strict_no_proxy,P(y>2),cat__Diabetes_Risk_High,0.1040799924530792,1.1096892181280553,0.7037852704308015,-1.275339137591292,1.48349912249745,正则化 Hessian 近似区间；三个阈值分别估计，未强制比例优势假设
strict_no_proxy,P(y>2),cat__Diabetes_Risk_Low,-0.471023648089431,0.6243628132491829,0.6602338783132866,-1.7650820495834727,0.8230347534046107,正则化 Hessian 近似区间；三个阈值分别估计，未强制比例优势假设
strict_no_proxy,P(y>2),cat__Diabetes_Risk_Medium,-0.352013626164261,0.7032705390311669,0.6275001309365363,-1.5819138827998722,0.8778866304713502,正则化 Hessian 近似区间；三个阈值分别估计，未强制比例优势假设
strict_no_proxy,P(y>2),cat__Cardiovascular_Risk_High,0.4413912969298767,1.5548689987878648,0.7183741888233109,-0.9666221131638126,1.8494047070235662,正则化 Hessian 近似区间；三个阈值分别估计，未强制比例优势假设
strict_no_proxy,P(y>2),cat__Cardiovascular_Risk_Low,-0.52993482316529,0.5886433343374033,0.6625104123836639,-1.828455231437271,0.7685855851066913,正则化 Hessian 近似区间；三个阈值分别估计，未强制比例优势假设
strict_no_proxy,P(y>2),cat__Cardiovascular_Risk_Medium,-0.6304137555651993,0.5323714837671362,0.6345026434805807,-1.8740389367871373,0.6132114256567388,正则化 Hessian 近似区间；三个阈值分别估计，未强制比例优势假设
strict_no_proxy,P(y>2),cat__Sleep_Disorder_Risk_High,-0.011291282235904056,0.9887722250404277,0.8793819864262984,-1.734879975631449,1.7122974111596407,正则化 Hessian 近似区间；三个阈值分别估计，未强制比例优势假设
strict_no_proxy,P(y>2),cat__Sleep_Disorder_Risk_Low,-0.42548933906028374,0.6534499482982594,0.6999404446509626,-1.7973726105761703,0.9463939324556029,正则化 Hessian 近似区间；三个阈值分别估计，未强制比例优势假设
strict_no_proxy,P(y>2),cat__Sleep_Disorder_Risk_Medium,-0.2821766605044242,0.7541404459328511,0.6906155353722037,-1.6357831098339435,1.071429788825095,正则化 Hessian 近似区间；三个阈值分别估计，未强制比例优势假设
