scope,model,true_label,predicted_label,count,row_rate
strict_no_proxy,Dummy_Most_Frequent,Poor,Poor,0,0.0
strict_no_proxy,Dummy_Most_Frequent,Poor,Average,0,0.0
strict_no_proxy,Dummy_Most_Frequent,Poor,Good,487,1.0
strict_no_proxy,Dummy_Most_Frequent,Poor,Excellent,0,0.0
strict_no_proxy,Dummy_Most_Frequent,Average,Poor,0,0.0
strict_no_proxy,Dummy_Most_Frequent,Average,Average,0,0.0
strict_no_proxy,Dummy_Most_Frequent,Average,Good,464,1.0
strict_no_proxy,Dummy_Most_Frequent,Average,Excellent,0,0.0
strict_no_proxy,Dummy_Most_Frequent,Good,Poor,0,0.0
strict_no_proxy,Dummy_Most_Frequent,Good,Average,0,0.0
strict_no_proxy,Dummy_Most_Frequent,Good,Good,518,1.0
strict_no_proxy,Dummy_Most_Frequent,Good,Excellent,0,0.0
strict_no_proxy,Dummy_Most_Frequent,Excellent,Poor,0,0.0
strict_no_proxy,Dummy_Most_Frequent,Excellent,Average,0,0.0
strict_no_proxy,Dummy_Most_Frequent,Excellent,Good,531,1.0
strict_no_proxy,Dummy_Most_Frequent,Excellent,Excellent,0,0.0
strict_no_proxy,Multinomial_Logistic,Poor,Poor,412,0.8459958932238193
strict_no_proxy,Multinomial_Logistic,Poor,Average,75,0.1540041067761807
strict_no_proxy,Multinomial_Logistic,Poor,Good,0,0.0
strict_no_proxy,Multinomial_Logistic,Poor,Excellent,0,0.0
strict_no_proxy,Multinomial_Logistic,Average,Poor,57,0.12284482758620689
strict_no_proxy,Multinomial_Logistic,Average,Average,315,0.6788793103448276
strict_no_proxy,Multinomial_Logistic,Average,Good,92,0.19827586206896552
strict_no_proxy,Multinomial_Logistic,Average,Excellent,0,0.0
strict_no_proxy,Multinomial_Logistic,Good,Poor,0,0.0
strict_no_proxy,Multinomial_Logistic,Good,Average,98,0.1891891891891892
strict_no_proxy,Multinomial_Logistic,Good,Good,363,0.7007722007722008
strict_no_proxy,Multinomial_Logistic,Good,Excellent,57,0.11003861003861004
strict_no_proxy,Multinomial_Logistic,Excellent,Poor,0,0.0
strict_no_proxy,Multinomial_Logistic,Excellent,Average,1,0.0018832391713747645
strict_no_proxy,Multinomial_Logistic,Excellent,Good,85,0.160075329566855
strict_no_proxy,Multinomial_Logistic,Excellent,Excellent,445,0.8380414312617702
strict_no_proxy,Ordinal_Cumulative,Poor,Poor,447,0.917864476386037
strict_no_proxy,Ordinal_Cumulative,Poor,Average,40,0.08213552361396304
strict_no_proxy,Ordinal_Cumulative,Poor,Good,0,0.0
strict_no_proxy,Ordinal_Cumulative,Poor,Excellent,0,0.0
strict_no_proxy,Ordinal_Cumulative,Average,Poor,120,0.25862068965517243
strict_no_proxy,Ordinal_Cumulative,Average,Average,249,0.5366379310344828
strict_no_proxy,Ordinal_Cumulative,Average,Good,93,0.20043103448275862
strict_no_proxy,Ordinal_Cumulative,Average,Excellent,2,0.004310344827586207
strict_no_proxy,Ordinal_Cumulative,Good,Poor,4,0.007722007722007722
strict_no_proxy,Ordinal_Cumulative,Good,Average,95,0.1833976833976834
strict_no_proxy,Ordinal_Cumulative,Good,Good,284,0.5482625482625483
strict_no_proxy,Ordinal_Cumulative,Good,Excellent,135,0.2606177606177606
strict_no_proxy,Ordinal_Cumulative,Excellent,Poor,0,0.0
strict_no_proxy,Ordinal_Cumulative,Excellent,Average,1,0.0018832391713747645
strict_no_proxy,Ordinal_Cumulative,Excellent,Good,32,0.060263653483992465
strict_no_proxy,Ordinal_Cumulative,Excellent,Excellent,498,0.9378531073446328
strict_no_proxy,LightGBM_Tuned,Poor,Poor,396,0.813141683778234
strict_no_proxy,LightGBM_Tuned,Poor,Average,90,0.18480492813141683
strict_no_proxy,LightGBM_Tuned,Poor,Good,1,0.002053388090349076
strict_no_proxy,LightGBM_Tuned,Poor,Excellent,0,0.0
strict_no_proxy,LightGBM_Tuned,Average,Poor,71,0.15301724137931033
strict_no_proxy,LightGBM_Tuned,Average,Average,290,0.625
strict_no_proxy,LightGBM_Tuned,Average,Good,99,0.21336206896551724
strict_no_proxy,LightGBM_Tuned,Average,Excellent,4,0.008620689655172414
strict_no_proxy,LightGBM_Tuned,Good,Poor,3,0.005791505791505791
strict_no_proxy,LightGBM_Tuned,Good,Average,105,0.20270270270270271
strict_no_proxy,LightGBM_Tuned,Good,Good,343,0.6621621621621622
strict_no_proxy,LightGBM_Tuned,Good,Excellent,67,0.12934362934362933
strict_no_proxy,LightGBM_Tuned,Excellent,Poor,0,0.0
strict_no_proxy,LightGBM_Tuned,Excellent,Average,3,0.005649717514124294
strict_no_proxy,LightGBM_Tuned,Excellent,Good,94,0.17702448210922786
strict_no_proxy,LightGBM_Tuned,Excellent,Excellent,434,0.8173258003766478
strict_no_proxy,Stacking,Poor,Poor,418,0.8583162217659137
strict_no_proxy,Stacking,Poor,Average,69,0.14168377823408623
strict_no_proxy,Stacking,Poor,Good,0,0.0
strict_no_proxy,Stacking,Poor,Excellent,0,0.0
strict_no_proxy,Stacking,Average,Poor,62,0.1336206896551724
strict_no_proxy,Stacking,Average,Average,304,0.6551724137931034
strict_no_proxy,Stacking,Average,Good,98,0.21120689655172414
strict_no_proxy,Stacking,Average,Excellent,0,0.0
strict_no_proxy,Stacking,Good,Poor,0,0.0
strict_no_proxy,Stacking,Good,Average,82,0.1583011583011583
strict_no_proxy,Stacking,Good,Good,378,0.7297297297297297
strict_no_proxy,Stacking,Good,Excellent,58,0.11196911196911197
strict_no_proxy,Stacking,Excellent,Poor,0,0.0
strict_no_proxy,Stacking,Excellent,Average,0,0.0
strict_no_proxy,Stacking,Excellent,Good,73,0.1374764595103578
strict_no_proxy,Stacking,Excellent,Excellent,458,0.8625235404896422
