scope,fold,strategy,train_rows_after_sampling,accuracy,macro_f1,weighted_f1,quadratic_weighted_kappa,grade_mae,severe_error_rate,log_loss
strict_no_proxy,1,none,6000,0.7195,0.7210664360860968,0.7217799642334141,0.8815367418351477,0.2845,0.004,0.6129023502870803
strict_no_proxy,1,class_weight_balanced,6000,0.716,0.716814724370459,0.7175515782778478,0.8807431394569986,0.288,0.004,0.6121745905000875
strict_no_proxy,1,SMOTE_after_onehot,6032,0.723,0.7242049537292367,0.7249261964046735,0.8809111708349439,0.283,0.006,0.6143849826261699
strict_no_proxy,2,none,6000,0.7095,0.7153798491383925,0.7112750830378854,0.8728931781663675,0.2945,0.004,0.6192901429840975
strict_no_proxy,2,class_weight_balanced,6000,0.7135,0.7191020657811016,0.7152118946276719,0.8745739295294568,0.2905,0.004,0.6160187018615487
strict_no_proxy,2,SMOTE_after_onehot,6088,0.715,0.7204576461720207,0.7166508734967559,0.8739991331140358,0.29,0.005,0.6126553258410259
strict_no_proxy,3,none,6000,0.7215,0.720902739700246,0.7230096228710838,0.878842153445217,0.287,0.0085,0.6198733523366209
strict_no_proxy,3,class_weight_balanced,6000,0.726,0.7260123067037267,0.7279138755187919,0.8789125748790627,0.2835,0.0095,0.6178639233079743
strict_no_proxy,3,SMOTE_after_onehot,6040,0.718,0.717351998517446,0.7193837177764487,0.8775445349619313,0.2905,0.0085,0.6202400459837585
strict_no_proxy,4,none,6000,0.722,0.7232248042513649,0.7243231702090137,0.8812400885632786,0.283,0.005,0.611846285694199
strict_no_proxy,4,class_weight_balanced,6000,0.719,0.7194306826082495,0.7205745033537931,0.8818530522134911,0.285,0.004,0.6122829820725249
strict_no_proxy,4,SMOTE_after_onehot,6028,0.722,0.7227449839657869,0.7237157173922344,0.8840878226584075,0.281,0.003,0.6111205653480465
