scope,trial_number,state,objective,n_estimators,learning_rate,num_leaves,max_depth,min_child_samples,subsample,colsample_bytree,reg_alpha,reg_lambda,mean_accuracy,mean_kappa,mean_macro_f1,mean_best_iteration,model,C,mean_weighted_f1,mean_quadratic_weighted_kappa,mean_grade_mae,mean_severe_error_rate,mean_log_loss
strict_no_proxy,0.0,COMPLETE,0.7487682818501364,260.0,0.044675086802700666,94.0,3.0,54.0,0.9956426729831844,0.7193493811566214,1.9236333241562764,0.054594708116741233,0.7051249999999999,0.8728656370027302,0.7058619620680665,260.0,,,,,,,
strict_no_proxy,1.0,COMPLETE,0.7624505573985931,540.0,0.03602901330984934,47.0,5.0,91.0,0.6668612859494985,0.8057736749672549,0.043684013332598956,0.006071913301068969,0.7184999999999999,0.8790111479718646,0.720246347376764,506.0,,,,,,,
strict_no_proxy,2.0,COMPLETE,0.7597664238663778,500.0,0.1206053440760537,17.0,4.0,32.0,0.87501393242131,0.7325767602705197,3.493600565414103,0.0005387408120492192,0.715875,0.877828477327555,0.7171579697733292,229.0,,,,,,,
strict_no_proxy,3.0,COMPLETE,0.7518237939943726,180.0,0.04995826387646486,70.0,10.0,72.0,0.8321003182017273,0.8134519454810658,0.001620010013608882,0.03096765900707762,0.7081249999999999,0.8739758798874548,0.7099912080398594,177.5,,,,,,,
strict_no_proxy,4.0,COMPLETE,0.756657020337079,420.0,0.05190963110494489,31.0,7.0,95.0,0.7591138035548811,0.6580508989386677,0.0014807914142983363,0.0010826069147103334,0.712875,0.8756404067415805,0.7151644534551997,262.0,,,,,,,
strict_no_proxy,5.0,COMPLETE,0.741278663923135,260.0,0.0738054667875952,75.0,10.0,19.0,0.7094858391705166,0.99156932670254,0.00010262761664491211,0.017538403780360964,0.698,0.8655732784627,0.6999347172350932,94.25,,,,,,,
strict_no_proxy,6.0,COMPLETE,0.7489148572378685,180.0,0.07110209843760099,95.0,7.0,45.0,0.8816553938079797,0.885769668426843,0.06426415935393132,0.075963279692866,0.7053750000000001,0.870797144757369,0.7079738759552182,138.25,,,,,,,
strict_no_proxy,7.0,COMPLETE,0.7607907841129435,220.0,0.13929306109925385,66.0,5.0,93.0,0.7088725989263677,0.7694445775162981,0.03231733905472048,0.00643469841771401,0.7168749999999999,0.8783156822588732,0.7183510688191372,131.75,,,,,,,
strict_no_proxy,8.0,COMPLETE,0.7560333961010621,420.0,0.0497372795323061,36.0,9.0,21.0,0.7081835061271177,0.9367973765445934,0.3395441537659814,0.0023396528812378472,0.71225,0.8756679220212421,0.7141884280546915,214.25,,,,,,,
strict_no_proxy,9.0,COMPLETE,0.754580989564655,580.0,0.08444150054196185,89.0,5.0,26.0,0.7313572844870236,0.9375520105864663,1.0152762774228468,0.00028734021019249684,0.71075,0.8766197912931003,0.7122774534323772,194.25,,,,,,,
strict_no_proxy,10.0,COMPLETE,0.7516912999665253,620.0,0.022311610043518847,50.0,7.0,75.0,0.9844076987004606,0.8214455480883442,0.0069893744729416,3.2090666472751557,0.708,0.8738259993305065,0.710219488723256,600.5,,,,,,,
strict_no_proxy,11.0,COMPLETE,0.7541053094703518,380.0,0.02129480763934122,57.0,5.0,100.0,0.6681231686100145,0.7928043640903971,0.043718119741782385,0.004759442219075727,0.710375,0.8746061894070376,0.7117764310921445,380.0,,,,,,,
strict_no_proxy,,,,,,,,,,,,,0.714,,0.6966542989057611,,Ordinal_Cumulative,0.03,0.696552247207161,0.8895533976364562,0.292625,0.006625,0.6155885320336014
strict_no_proxy,,,,,,,,,,,,,0.729625,,0.7162225045895407,,Ordinal_Cumulative,0.1,0.7160409393986157,0.8962321184464309,0.2745,0.004125,0.5827916659718891
strict_no_proxy,,,,,,,,,,,,,0.7348750000000001,,0.7232827230982382,,Ordinal_Cumulative,0.3,0.7230585378530879,0.8979842763078383,0.268625,0.0035,0.5764222256430737
strict_no_proxy,,,,,,,,,,,,,0.7386250000000001,,0.7277216341148629,,Ordinal_Cumulative,1.0,0.7275613546858076,0.8994426327659965,0.26450000000000007,0.003125,0.5790197080176006
strict_no_proxy,,,,,,,,,,,,,0.7384999999999999,,0.7277383633191331,,Ordinal_Cumulative,3.0,0.7275396760489747,0.8993141121471355,0.264625,0.003125,0.58113975461234
