feature_x,feature_y,pearson_r,rows
Age,Age,1.0,8000
Age,Height_cm,-0.01021976711684588,8000
Age,Weight_kg,0.07066340271066947,8000
Age,BMI,0.08840802002849912,8000
Age,Exercise_Frequency_Per_Week,0.012666890119283482,8000
Age,Exercise_Duration_Minutes,-0.018463255788868028,8000
Age,Daily_Steps,0.0204700566744616,8000
Age,Daily_Calorie_Intake,0.0309124210040905,8000
Age,Water_Intake_Liters,0.0211228642174937,8000
Age,Fruit_Intake_Per_Day,-0.004154102443629799,8000
Age,Vegetable_Intake_Per_Day,0.019907971043805844,8000
Age,Protein_Intake_Grams,0.013214972156116302,8000
Age,Sugary_Drinks_Per_Week,0.0012142370578343317,8000
Age,Fast_Food_Meals_Per_Week,-0.007742431905512761,8000
Age,Breakfast_Regularity_Score,-0.0012949558491424191,8000
Age,Stress_Level,0.009364203256707048,8000
Age,Working_Hours_Per_Day,0.015150528927720496,8000
Age,Sitting_Hours_Per_Day,0.004722698886409668,8000
Age,Outdoor_Time_Hours,0.004713240486847929,8000
Age,Social_Interaction_Score,-0.015814364679612187,8000
Age,Resting_Heart_Rate,0.23064902070929888,8000
Age,Systolic_BP,0.63370431467983,8000
Age,Diastolic_BP,0.5303642706805872,8000
Age,Cholesterol_Level,0.37943012667201814,8000
Age,Blood_Sugar_Level,0.2334511272845873,8000
Age,Energy_Level_Score,0.0073116397483078644,8000
Age,Fatigue_Level_Score,-0.004942369314936958,8000
Age,Immune_Health_Score,0.020149337403684183,8000
Age,Mood_Score,0.004456535129006078,8000
Age,Anxiety_Score,0.003492768743095143,8000
Age,Depression_Risk_Score,0.01123423904836319,8000
Age,Productivity_Score,-0.006204234818978639,8000
Age,Focus_Concentration_Score,0.004745913391894934,8000
Age,Life_Satisfaction_Score,0.005886652830202375,8000
Age,Sleep_Quality_Score,-0.0025347232391914254,8000
Height_cm,Age,-0.01021976711684588,8000
Height_cm,Height_cm,1.0,8000
Height_cm,Weight_kg,0.5125494496238266,8000
Height_cm,BMI,-0.019264891324473746,8000
Height_cm,Exercise_Frequency_Per_Week,0.025401893936319846,8000
Height_cm,Exercise_Duration_Minutes,0.014889691343174617,8000
Height_cm,Daily_Steps,0.023289344540860703,8000
Height_cm,Daily_Calorie_Intake,0.002080527135599759,8000
Height_cm,Water_Intake_Liters,0.020071662660973037,8000
Height_cm,Fruit_Intake_Per_Day,-0.0013197013980215408,8000
Height_cm,Vegetable_Intake_Per_Day,-0.003952184405431844,8000
Height_cm,Protein_Intake_Grams,0.00823791849198858,8000
Height_cm,Sugary_Drinks_Per_Week,-0.006252603081428436,8000
Height_cm,Fast_Food_Meals_Per_Week,0.0039025176265418474,8000
Height_cm,Breakfast_Regularity_Score,0.007643565710919951,8000
Height_cm,Stress_Level,-0.016860294976499757,8000
Height_cm,Working_Hours_Per_Day,0.004019931249755035,8000
Height_cm,Sitting_Hours_Per_Day,0.004178560906654232,8000
Height_cm,Outdoor_Time_Hours,0.013003409174878916,8000
Height_cm,Social_Interaction_Score,0.00539724862846797,8000
Height_cm,Resting_Heart_Rate,-0.02151403657799653,8000
Height_cm,Systolic_BP,-0.008230799241908006,8000
Height_cm,Diastolic_BP,0.0003497149049692054,8000
Height_cm,Cholesterol_Level,-0.01839791226648712,8000
Height_cm,Blood_Sugar_Level,-0.01408638194745641,8000
Height_cm,Energy_Level_Score,0.010465961864308938,8000
Height_cm,Fatigue_Level_Score,-0.00510970015542155,8000
Height_cm,Immune_Health_Score,0.014519188427567326,8000
Height_cm,Mood_Score,0.03002438669875159,8000
Height_cm,Anxiety_Score,-0.01853818670046589,8000
Height_cm,Depression_Risk_Score,-0.016747609234544054,8000
Height_cm,Productivity_Score,0.006382518266014532,8000
Height_cm,Focus_Concentration_Score,0.019108541381208072,8000
Height_cm,Life_Satisfaction_Score,0.022296929771452968,8000
Height_cm,Sleep_Quality_Score,0.003680606377447063,8000
Weight_kg,Age,0.07066340271066947,8000
Weight_kg,Height_cm,0.5125494496238266,8000
Weight_kg,Weight_kg,1.0,8000
Weight_kg,BMI,0.842520880247494,8000
Weight_kg,Exercise_Frequency_Per_Week,0.016749384709716077,8000
Weight_kg,Exercise_Duration_Minutes,-0.0014458743700970897,8000
Weight_kg,Daily_Steps,0.01686634537584851,8000
Weight_kg,Daily_Calorie_Intake,0.27679323612620016,8000
Weight_kg,Water_Intake_Liters,0.0007858336293835317,8000
Weight_kg,Fruit_Intake_Per_Day,0.0031852843947704325,8000
Weight_kg,Vegetable_Intake_Per_Day,-0.0020115532585540065,8000
Weight_kg,Protein_Intake_Grams,0.0032164894341851578,8000
Weight_kg,Sugary_Drinks_Per_Week,-0.01565820351299212,8000
Weight_kg,Fast_Food_Meals_Per_Week,0.00298331009424555,8000
Weight_kg,Breakfast_Regularity_Score,-0.014077316484602642,8000
Weight_kg,Stress_Level,-0.0016353590842172186,8000
Weight_kg,Working_Hours_Per_Day,0.010614576401318045,8000
Weight_kg,Sitting_Hours_Per_Day,0.010038611592876808,8000
Weight_kg,Outdoor_Time_Hours,0.008265200405560457,8000
Weight_kg,Social_Interaction_Score,-0.004931122029700551,8000
Weight_kg,Resting_Heart_Rate,0.0042520283535812066,8000
Weight_kg,Systolic_BP,0.22295388556591347,8000
Weight_kg,Diastolic_BP,0.18315268092538398,8000
Weight_kg,Cholesterol_Level,0.16790628064217245,8000
Weight_kg,Blood_Sugar_Level,0.1459579967013622,8000
Weight_kg,Energy_Level_Score,0.006354736480850518,8000
Weight_kg,Fatigue_Level_Score,0.002426148872220855,8000
Weight_kg,Immune_Health_Score,0.012735878949458579,8000
Weight_kg,Mood_Score,0.015240915830705394,8000
Weight_kg,Anxiety_Score,-0.0021701659990963117,8000
Weight_kg,Depression_Risk_Score,-0.0038182047957533985,8000
Weight_kg,Productivity_Score,0.006211533876627067,8000
Weight_kg,Focus_Concentration_Score,0.005233385139478089,8000
Weight_kg,Life_Satisfaction_Score,0.01143662438195613,8000
Weight_kg,Sleep_Quality_Score,0.0037196646761091918,8000
BMI,Age,0.08840802002849912,8000
BMI,Height_cm,-0.019264891324473746,8000
BMI,Weight_kg,0.842520880247494,8000
BMI,BMI,1.0,8000
BMI,Exercise_Frequency_Per_Week,0.0039828368799235845,8000
BMI,Exercise_Duration_Minutes,-0.010040687132372517,8000
BMI,Daily_Steps,0.005426719580117578,8000
BMI,Daily_Calorie_Intake,0.3229688816062354,8000
BMI,Water_Intake_Liters,-0.01137790804066505,8000
BMI,Fruit_Intake_Per_Day,0.0034243425735962646,8000
BMI,Vegetable_Intake_Per_Day,-0.0006799364876195422,8000
BMI,Protein_Intake_Grams,0.0003297504996698048,8000
BMI,Sugary_Drinks_Per_Week,-0.014071604907547058,8000
BMI,Fast_Food_Meals_Per_Week,0.0007598155526528108,8000
BMI,Breakfast_Regularity_Score,-0.021080130183545025,8000
BMI,Stress_Level,0.007912397512207053,8000
BMI,Working_Hours_Per_Day,0.012489241240872154,8000
BMI,Sitting_Hours_Per_Day,0.011552513414430102,8000
BMI,Outdoor_Time_Hours,0.0004013308341297686,8000
BMI,Social_Interaction_Score,-0.007661749366914961,8000
BMI,Resting_Heart_Rate,0.018096920227037606,8000
BMI,Systolic_BP,0.2669669051421347,8000
BMI,Diastolic_BP,0.2143680154354436,8000
BMI,Cholesterol_Level,0.20610945867420444,8000
BMI,Blood_Sugar_Level,0.18088231500270135,8000
BMI,Energy_Level_Score,0.0016423016897910807,8000
BMI,Fatigue_Level_Score,0.005407999581316818,8000
BMI,Immune_Health_Score,0.0072088988158832456,8000
BMI,Mood_Score,0.00020584476536271125,8000
BMI,Anxiety_Score,0.008243511240517141,8000
BMI,Depression_Risk_Score,0.003133661351506084,8000
BMI,Productivity_Score,0.002554337780373589,8000
BMI,Focus_Concentration_Score,-0.00688761089423423,8000
BMI,Life_Satisfaction_Score,0.0023786435574600787,8000
BMI,Sleep_Quality_Score,0.002303272313978922,8000
Exercise_Frequency_Per_Week,Age,0.012666890119283482,8000
Exercise_Frequency_Per_Week,Height_cm,0.025401893936319846,8000
Exercise_Frequency_Per_Week,Weight_kg,0.016749384709716077,8000
Exercise_Frequency_Per_Week,BMI,0.0039828368799235845,8000
Exercise_Frequency_Per_Week,Exercise_Frequency_Per_Week,1.0,8000
Exercise_Frequency_Per_Week,Exercise_Duration_Minutes,0.29040354918073713,8000
Exercise_Frequency_Per_Week,Daily_Steps,0.836286537317149,8000
Exercise_Frequency_Per_Week,Daily_Calorie_Intake,0.4904619815408936,8000
Exercise_Frequency_Per_Week,Water_Intake_Liters,0.5870532274873499,8000
Exercise_Frequency_Per_Week,Fruit_Intake_Per_Day,-0.0005041082865022585,8000
Exercise_Frequency_Per_Week,Vegetable_Intake_Per_Day,0.008261794134051977,8000
Exercise_Frequency_Per_Week,Protein_Intake_Grams,0.5959390704142611,8000
Exercise_Frequency_Per_Week,Sugary_Drinks_Per_Week,0.0002910457287832704,8000
Exercise_Frequency_Per_Week,Fast_Food_Meals_Per_Week,-0.009211851172515823,8000
Exercise_Frequency_Per_Week,Breakfast_Regularity_Score,-0.0012844911313748505,8000
Exercise_Frequency_Per_Week,Stress_Level,-0.009191982867043843,8000
Exercise_Frequency_Per_Week,Working_Hours_Per_Day,-0.022034398837923654,8000
Exercise_Frequency_Per_Week,Sitting_Hours_Per_Day,-0.02623363197145715,8000
Exercise_Frequency_Per_Week,Outdoor_Time_Hours,0.47532964026699553,8000
Exercise_Frequency_Per_Week,Social_Interaction_Score,0.006755004496554292,8000
Exercise_Frequency_Per_Week,Resting_Heart_Rate,-0.39609595235480644,8000
Exercise_Frequency_Per_Week,Systolic_BP,0.010612012715415849,8000
Exercise_Frequency_Per_Week,Diastolic_BP,0.007444915063529169,8000
Exercise_Frequency_Per_Week,Cholesterol_Level,-0.11251285798258935,8000
Exercise_Frequency_Per_Week,Blood_Sugar_Level,0.003574841949018796,8000
Exercise_Frequency_Per_Week,Energy_Level_Score,0.5353443148073386,8000
Exercise_Frequency_Per_Week,Fatigue_Level_Score,-0.36312493893432823,8000
Exercise_Frequency_Per_Week,Immune_Health_Score,0.4196831277623502,8000
Exercise_Frequency_Per_Week,Mood_Score,0.31526635324465974,8000
Exercise_Frequency_Per_Week,Anxiety_Score,-0.26597215379499467,8000
Exercise_Frequency_Per_Week,Depression_Risk_Score,-0.2548319421572789,8000
Exercise_Frequency_Per_Week,Productivity_Score,0.3673852870738812,8000
Exercise_Frequency_Per_Week,Focus_Concentration_Score,0.2883191725938691,8000
Exercise_Frequency_Per_Week,Life_Satisfaction_Score,0.3477125272710953,8000
Exercise_Frequency_Per_Week,Sleep_Quality_Score,0.011120008074608449,8000
Exercise_Duration_Minutes,Age,-0.018463255788868028,8000
Exercise_Duration_Minutes,Height_cm,0.014889691343174617,8000
Exercise_Duration_Minutes,Weight_kg,-0.0014458743700970897,8000
Exercise_Duration_Minutes,BMI,-0.010040687132372517,8000
Exercise_Duration_Minutes,Exercise_Frequency_Per_Week,0.29040354918073713,8000
Exercise_Duration_Minutes,Exercise_Duration_Minutes,1.0,8000
Exercise_Duration_Minutes,Daily_Steps,0.23537598470060056,8000
Exercise_Duration_Minutes,Daily_Calorie_Intake,0.12329898657849667,8000
Exercise_Duration_Minutes,Water_Intake_Liters,0.16614706450054587,8000
Exercise_Duration_Minutes,Fruit_Intake_Per_Day,0.004883316061114795,8000
Exercise_Duration_Minutes,Vegetable_Intake_Per_Day,0.012393041325070084,8000
Exercise_Duration_Minutes,Protein_Intake_Grams,0.16958689878904604,8000
Exercise_Duration_Minutes,Sugary_Drinks_Per_Week,-0.015169152454754477,8000
Exercise_Duration_Minutes,Fast_Food_Meals_Per_Week,0.004678962973291655,8000
Exercise_Duration_Minutes,Breakfast_Regularity_Score,-0.004309084523060829,8000
Exercise_Duration_Minutes,Stress_Level,0.016347278271035978,8000
Exercise_Duration_Minutes,Working_Hours_Per_Day,0.0011036170451676226,8000
Exercise_Duration_Minutes,Sitting_Hours_Per_Day,-0.000412060897477827,8000
Exercise_Duration_Minutes,Outdoor_Time_Hours,0.13736741521001114,8000
Exercise_Duration_Minutes,Social_Interaction_Score,-0.013833456680444894,8000
Exercise_Duration_Minutes,Resting_Heart_Rate,-0.12174212146483253,8000
Exercise_Duration_Minutes,Systolic_BP,-0.014088793489400217,8000
Exercise_Duration_Minutes,Diastolic_BP,-0.00817899352279516,8000
Exercise_Duration_Minutes,Cholesterol_Level,-0.03280059918272227,8000
Exercise_Duration_Minutes,Blood_Sugar_Level,-0.0084922987106429,8000
Exercise_Duration_Minutes,Energy_Level_Score,0.14544798714325566,8000
Exercise_Duration_Minutes,Fatigue_Level_Score,-0.090660257100043,8000
Exercise_Duration_Minutes,Immune_Health_Score,0.14198268509370388,8000
Exercise_Duration_Minutes,Mood_Score,0.08281010902794689,8000
Exercise_Duration_Minutes,Anxiety_Score,-0.06050752842487266,8000
Exercise_Duration_Minutes,Depression_Risk_Score,-0.053422843224694753,8000
Exercise_Duration_Minutes,Productivity_Score,0.10664416324946265,8000
Exercise_Duration_Minutes,Focus_Concentration_Score,0.06416446968584133,8000
Exercise_Duration_Minutes,Life_Satisfaction_Score,0.10181691029531854,8000
Exercise_Duration_Minutes,Sleep_Quality_Score,-0.0057929604406904275,8000
Daily_Steps,Age,0.0204700566744616,8000
Daily_Steps,Height_cm,0.023289344540860703,8000
Daily_Steps,Weight_kg,0.01686634537584851,8000
Daily_Steps,BMI,0.005426719580117578,8000
Daily_Steps,Exercise_Frequency_Per_Week,0.836286537317149,8000
Daily_Steps,Exercise_Duration_Minutes,0.23537598470060056,8000
Daily_Steps,Daily_Steps,1.0,8000
Daily_Steps,Daily_Calorie_Intake,0.40879124523336485,8000
Daily_Steps,Water_Intake_Liters,0.4962657954989767,8000
Daily_Steps,Fruit_Intake_Per_Day,-0.007110787591457658,8000
Daily_Steps,Vegetable_Intake_Per_Day,0.0028224939943082288,8000
Daily_Steps,Protein_Intake_Grams,0.5043475553400683,8000
Daily_Steps,Sugary_Drinks_Per_Week,-0.006826160773262797,8000
Daily_Steps,Fast_Food_Meals_Per_Week,-0.003570691083756831,8000
Daily_Steps,Breakfast_Regularity_Score,0.0007589636017806354,8000
Daily_Steps,Stress_Level,-0.0033351830576475354,8000
Daily_Steps,Working_Hours_Per_Day,-0.015969856395566966,8000
Daily_Steps,Sitting_Hours_Per_Day,-0.02000224774462297,8000
Daily_Steps,Outdoor_Time_Hours,0.3843767288072097,8000
Daily_Steps,Social_Interaction_Score,0.016818626539794934,8000
Daily_Steps,Resting_Heart_Rate,-0.3256805223162257,8000
Daily_Steps,Systolic_BP,0.014127173404048404,8000
Daily_Steps,Diastolic_BP,0.004028088650607539,8000
Daily_Steps,Cholesterol_Level,-0.09912083385822555,8000
Daily_Steps,Blood_Sugar_Level,0.011891767512714028,8000
Daily_Steps,Energy_Level_Score,0.4471524956846141,8000
Daily_Steps,Fatigue_Level_Score,-0.30173022163069235,8000
Daily_Steps,Immune_Health_Score,0.3488176979722594,8000
Daily_Steps,Mood_Score,0.26085753146806423,8000
Daily_Steps,Anxiety_Score,-0.2253293452565553,8000
Daily_Steps,Depression_Risk_Score,-0.21277363957489423,8000
Daily_Steps,Productivity_Score,0.29492964845097686,8000
Daily_Steps,Focus_Concentration_Score,0.24284991716654555,8000
Daily_Steps,Life_Satisfaction_Score,0.28821957159135,8000
Daily_Steps,Sleep_Quality_Score,0.012101385417989004,8000
Daily_Calorie_Intake,Age,0.0309124210040905,8000
Daily_Calorie_Intake,Height_cm,0.002080527135599759,8000
Daily_Calorie_Intake,Weight_kg,0.27679323612620016,8000
Daily_Calorie_Intake,BMI,0.3229688816062354,8000
Daily_Calorie_Intake,Exercise_Frequency_Per_Week,0.4904619815408936,8000
Daily_Calorie_Intake,Exercise_Duration_Minutes,0.12329898657849667,8000
Daily_Calorie_Intake,Daily_Steps,0.40879124523336485,8000
Daily_Calorie_Intake,Daily_Calorie_Intake,1.0,8000
Daily_Calorie_Intake,Water_Intake_Liters,0.28975585860873454,8000
Daily_Calorie_Intake,Fruit_Intake_Per_Day,0.00672512169352718,8000
Daily_Calorie_Intake,Vegetable_Intake_Per_Day,-0.008143330836838419,8000
Daily_Calorie_Intake,Protein_Intake_Grams,0.28047289819554083,8000
Daily_Calorie_Intake,Sugary_Drinks_Per_Week,0.0022532256637651945,8000
Daily_Calorie_Intake,Fast_Food_Meals_Per_Week,-0.016376798796269805,8000
Daily_Calorie_Intake,Breakfast_Regularity_Score,-0.009606554082957968,8000
Daily_Calorie_Intake,Stress_Level,-0.00730323738836773,8000
Daily_Calorie_Intake,Working_Hours_Per_Day,-0.021582723585587677,8000
Daily_Calorie_Intake,Sitting_Hours_Per_Day,-0.021068497126093988,8000
Daily_Calorie_Intake,Outdoor_Time_Hours,0.2320461487875107,8000
Daily_Calorie_Intake,Social_Interaction_Score,-0.003963208443608461,8000
Daily_Calorie_Intake,Resting_Heart_Rate,-0.19019871057777535,8000
Daily_Calorie_Intake,Systolic_BP,0.08657752927080412,8000
Daily_Calorie_Intake,Diastolic_BP,0.06622458347970434,8000
Daily_Calorie_Intake,Cholesterol_Level,0.0006909015294477387,8000
Daily_Calorie_Intake,Blood_Sugar_Level,0.05734151013330351,8000
Daily_Calorie_Intake,Energy_Level_Score,0.27596192961572935,8000
Daily_Calorie_Intake,Fatigue_Level_Score,-0.18636017895016835,8000
Daily_Calorie_Intake,Immune_Health_Score,0.20474170672136555,8000
Daily_Calorie_Intake,Mood_Score,0.1564026816919833,8000
Daily_Calorie_Intake,Anxiety_Score,-0.12203779632323179,8000
Daily_Calorie_Intake,Depression_Risk_Score,-0.11351979423867298,8000
Daily_Calorie_Intake,Productivity_Score,0.18240311392221267,8000
Daily_Calorie_Intake,Focus_Concentration_Score,0.12651014693040868,8000
Daily_Calorie_Intake,Life_Satisfaction_Score,0.17292047062430785,8000
Daily_Calorie_Intake,Sleep_Quality_Score,0.01224024414557158,8000
Water_Intake_Liters,Age,0.0211228642174937,8000
Water_Intake_Liters,Height_cm,0.020071662660973037,8000
Water_Intake_Liters,Weight_kg,0.0007858336293835317,8000
Water_Intake_Liters,BMI,-0.01137790804066505,8000
Water_Intake_Liters,Exercise_Frequency_Per_Week,0.5870532274873499,8000
Water_Intake_Liters,Exercise_Duration_Minutes,0.16614706450054587,8000
Water_Intake_Liters,Daily_Steps,0.4962657954989767,8000
Water_Intake_Liters,Daily_Calorie_Intake,0.28975585860873454,8000
Water_Intake_Liters,Water_Intake_Liters,1.0,8000
Water_Intake_Liters,Fruit_Intake_Per_Day,0.011880231213698406,8000
Water_Intake_Liters,Vegetable_Intake_Per_Day,0.01084586402369763,8000
Water_Intake_Liters,Protein_Intake_Grams,0.3456622223823254,8000
Water_Intake_Liters,Sugary_Drinks_Per_Week,0.0025948518482830705,8000
Water_Intake_Liters,Fast_Food_Meals_Per_Week,-0.01416908832622981,8000
Water_Intake_Liters,Breakfast_Regularity_Score,-0.005496761813266354,8000
Water_Intake_Liters,Stress_Level,-0.008490822186122054,8000
Water_Intake_Liters,Working_Hours_Per_Day,-0.014400664903427667,8000
Water_Intake_Liters,Sitting_Hours_Per_Day,-0.018332283978784777,8000
Water_Intake_Liters,Outdoor_Time_Hours,0.2695955966050399,8000
Water_Intake_Liters,Social_Interaction_Score,-0.0006634322564134494,8000
Water_Intake_Liters,Resting_Heart_Rate,-0.22832393783296867,8000
Water_Intake_Liters,Systolic_BP,0.0025398383808568873,8000
Water_Intake_Liters,Diastolic_BP,-0.0009417514185705544,8000
Water_Intake_Liters,Cholesterol_Level,-0.06113472580267124,8000
Water_Intake_Liters,Blood_Sugar_Level,-0.012114089417868772,8000
Water_Intake_Liters,Energy_Level_Score,0.3633882049437618,8000
Water_Intake_Liters,Fatigue_Level_Score,-0.24866154064518745,8000
Water_Intake_Liters,Immune_Health_Score,0.31679555548264293,8000
Water_Intake_Liters,Mood_Score,0.18746686017793318,8000
Water_Intake_Liters,Anxiety_Score,-0.15782192477057727,8000
Water_Intake_Liters,Depression_Risk_Score,-0.14946871617525637,8000
Water_Intake_Liters,Productivity_Score,0.21880790208727824,8000
Water_Intake_Liters,Focus_Concentration_Score,0.19244639184204948,8000
Water_Intake_Liters,Life_Satisfaction_Score,0.20788027933800052,8000
Water_Intake_Liters,Sleep_Quality_Score,0.02038830949810107,8000
Fruit_Intake_Per_Day,Age,-0.004154102443629799,8000
Fruit_Intake_Per_Day,Height_cm,-0.0013197013980215408,8000
Fruit_Intake_Per_Day,Weight_kg,0.0031852843947704325,8000
Fruit_Intake_Per_Day,BMI,0.0034243425735962646,8000
Fruit_Intake_Per_Day,Exercise_Frequency_Per_Week,-0.0005041082865022585,8000
Fruit_Intake_Per_Day,Exercise_Duration_Minutes,0.004883316061114795,8000
Fruit_Intake_Per_Day,Daily_Steps,-0.007110787591457658,8000
Fruit_Intake_Per_Day,Daily_Calorie_Intake,0.00672512169352718,8000
Fruit_Intake_Per_Day,Water_Intake_Liters,0.011880231213698406,8000
Fruit_Intake_Per_Day,Fruit_Intake_Per_Day,1.0,8000
Fruit_Intake_Per_Day,Vegetable_Intake_Per_Day,-0.007142439476063779,8000
Fruit_Intake_Per_Day,Protein_Intake_Grams,0.022042548094488898,8000
Fruit_Intake_Per_Day,Sugary_Drinks_Per_Week,0.01020157340043654,8000
Fruit_Intake_Per_Day,Fast_Food_Meals_Per_Week,-0.012229331887859334,8000
Fruit_Intake_Per_Day,Breakfast_Regularity_Score,-0.010412013985886669,8000
Fruit_Intake_Per_Day,Stress_Level,0.015800665495100664,8000
Fruit_Intake_Per_Day,Working_Hours_Per_Day,0.012670033869665847,8000
Fruit_Intake_Per_Day,Sitting_Hours_Per_Day,0.0176484767289278,8000
Fruit_Intake_Per_Day,Outdoor_Time_Hours,-0.005339521291660627,8000
Fruit_Intake_Per_Day,Social_Interaction_Score,0.0005755483322540455,8000
Fruit_Intake_Per_Day,Resting_Heart_Rate,-0.008610926808043406,8000
Fruit_Intake_Per_Day,Systolic_BP,-0.0038468634417841486,8000
Fruit_Intake_Per_Day,Diastolic_BP,0.00360019348160297,8000
Fruit_Intake_Per_Day,Cholesterol_Level,0.007461250557170107,8000
Fruit_Intake_Per_Day,Blood_Sugar_Level,-0.008823234406755006,8000
Fruit_Intake_Per_Day,Energy_Level_Score,0.009423591110444836,8000
Fruit_Intake_Per_Day,Fatigue_Level_Score,-0.0018002617680937018,8000
Fruit_Intake_Per_Day,Immune_Health_Score,0.16781603032827833,8000
Fruit_Intake_Per_Day,Mood_Score,-0.011501487826769042,8000
Fruit_Intake_Per_Day,Anxiety_Score,0.02368805325967962,8000
Fruit_Intake_Per_Day,Depression_Risk_Score,0.010864628001148062,8000
Fruit_Intake_Per_Day,Productivity_Score,-0.008500984589857949,8000
Fruit_Intake_Per_Day,Focus_Concentration_Score,-0.009148778760555329,8000
Fruit_Intake_Per_Day,Life_Satisfaction_Score,-0.019351503109706056,8000
Fruit_Intake_Per_Day,Sleep_Quality_Score,-0.0004386115916066149,8000
Vegetable_Intake_Per_Day,Age,0.019907971043805844,8000
Vegetable_Intake_Per_Day,Height_cm,-0.003952184405431844,8000
Vegetable_Intake_Per_Day,Weight_kg,-0.0020115532585540065,8000
Vegetable_Intake_Per_Day,BMI,-0.0006799364876195422,8000
Vegetable_Intake_Per_Day,Exercise_Frequency_Per_Week,0.008261794134051977,8000
Vegetable_Intake_Per_Day,Exercise_Duration_Minutes,0.012393041325070084,8000
Vegetable_Intake_Per_Day,Daily_Steps,0.0028224939943082288,8000
Vegetable_Intake_Per_Day,Daily_Calorie_Intake,-0.008143330836838419,8000
Vegetable_Intake_Per_Day,Water_Intake_Liters,0.01084586402369763,8000
Vegetable_Intake_Per_Day,Fruit_Intake_Per_Day,-0.007142439476063779,8000
Vegetable_Intake_Per_Day,Vegetable_Intake_Per_Day,1.0,8000
Vegetable_Intake_Per_Day,Protein_Intake_Grams,0.006483674761628211,8000
Vegetable_Intake_Per_Day,Sugary_Drinks_Per_Week,-0.016097324028975565,8000
Vegetable_Intake_Per_Day,Fast_Food_Meals_Per_Week,0.007392977673859009,8000
Vegetable_Intake_Per_Day,Breakfast_Regularity_Score,-0.007300884202292162,8000
Vegetable_Intake_Per_Day,Stress_Level,-0.007966534261703073,8000
Vegetable_Intake_Per_Day,Working_Hours_Per_Day,0.011791060013927867,8000
Vegetable_Intake_Per_Day,Sitting_Hours_Per_Day,0.014212270032452269,8000
Vegetable_Intake_Per_Day,Outdoor_Time_Hours,-0.011266041238634127,8000
Vegetable_Intake_Per_Day,Social_Interaction_Score,0.014585454059510972,8000
Vegetable_Intake_Per_Day,Resting_Heart_Rate,-0.005513262421563834,8000
Vegetable_Intake_Per_Day,Systolic_BP,0.004005533199123796,8000
Vegetable_Intake_Per_Day,Diastolic_BP,-0.0016276352548359118,8000
Vegetable_Intake_Per_Day,Cholesterol_Level,0.0031930125411239693,8000
Vegetable_Intake_Per_Day,Blood_Sugar_Level,-0.00952170913223438,8000
Vegetable_Intake_Per_Day,Energy_Level_Score,0.00915807507720326,8000
Vegetable_Intake_Per_Day,Fatigue_Level_Score,-0.0008991419436366829,8000
Vegetable_Intake_Per_Day,Immune_Health_Score,0.24639460834982743,8000
Vegetable_Intake_Per_Day,Mood_Score,0.0050990941899350046,8000
Vegetable_Intake_Per_Day,Anxiety_Score,-0.01039553199834747,8000
Vegetable_Intake_Per_Day,Depression_Risk_Score,-0.00375995729939439,8000
Vegetable_Intake_Per_Day,Productivity_Score,-0.009277166695449441,8000
Vegetable_Intake_Per_Day,Focus_Concentration_Score,0.004261315448322291,8000
Vegetable_Intake_Per_Day,Life_Satisfaction_Score,0.008115880036593508,8000
Vegetable_Intake_Per_Day,Sleep_Quality_Score,-0.0027271033362146037,8000
Protein_Intake_Grams,Age,0.013214972156116302,8000
Protein_Intake_Grams,Height_cm,0.00823791849198858,8000
Protein_Intake_Grams,Weight_kg,0.0032164894341851578,8000
Protein_Intake_Grams,BMI,0.0003297504996698048,8000
Protein_Intake_Grams,Exercise_Frequency_Per_Week,0.5959390704142611,8000
Protein_Intake_Grams,Exercise_Duration_Minutes,0.16958689878904604,8000
Protein_Intake_Grams,Daily_Steps,0.5043475553400683,8000
Protein_Intake_Grams,Daily_Calorie_Intake,0.28047289819554083,8000
Protein_Intake_Grams,Water_Intake_Liters,0.3456622223823254,8000
Protein_Intake_Grams,Fruit_Intake_Per_Day,0.022042548094488898,8000
Protein_Intake_Grams,Vegetable_Intake_Per_Day,0.006483674761628211,8000
Protein_Intake_Grams,Protein_Intake_Grams,1.0,8000
Protein_Intake_Grams,Sugary_Drinks_Per_Week,-0.010002236931093226,8000
Protein_Intake_Grams,Fast_Food_Meals_Per_Week,0.01610240803108535,8000
Protein_Intake_Grams,Breakfast_Regularity_Score,0.0040183747279524985,8000
Protein_Intake_Grams,Stress_Level,0.0036953848782741074,8000
Protein_Intake_Grams,Working_Hours_Per_Day,-0.008682514140009385,8000
Protein_Intake_Grams,Sitting_Hours_Per_Day,-0.008348884079209591,8000
Protein_Intake_Grams,Outdoor_Time_Hours,0.2741533171664546,8000
Protein_Intake_Grams,Social_Interaction_Score,0.00718690242456779,8000
Protein_Intake_Grams,Resting_Heart_Rate,-0.2288527550600628,8000
Protein_Intake_Grams,Systolic_BP,0.009139822992671066,8000
Protein_Intake_Grams,Diastolic_BP,0.013441526016528963,8000
Protein_Intake_Grams,Cholesterol_Level,-0.05399194386379356,8000
Protein_Intake_Grams,Blood_Sugar_Level,0.0068812301237289545,8000
Protein_Intake_Grams,Energy_Level_Score,0.316788755969198,8000
Protein_Intake_Grams,Fatigue_Level_Score,-0.22119794900313347,8000
Protein_Intake_Grams,Immune_Health_Score,0.26799313546798215,8000
Protein_Intake_Grams,Mood_Score,0.19363093847042373,8000
Protein_Intake_Grams,Anxiety_Score,-0.15791069285883735,8000
Protein_Intake_Grams,Depression_Risk_Score,-0.1496195711156049,8000
Protein_Intake_Grams,Productivity_Score,0.21166723920004327,8000
Protein_Intake_Grams,Focus_Concentration_Score,0.1770480078835188,8000
Protein_Intake_Grams,Life_Satisfaction_Score,0.2074418443058741,8000
Protein_Intake_Grams,Sleep_Quality_Score,0.012562166307283467,8000
Sugary_Drinks_Per_Week,Age,0.0012142370578343317,8000
Sugary_Drinks_Per_Week,Height_cm,-0.006252603081428436,8000
Sugary_Drinks_Per_Week,Weight_kg,-0.01565820351299212,8000
Sugary_Drinks_Per_Week,BMI,-0.014071604907547058,8000
Sugary_Drinks_Per_Week,Exercise_Frequency_Per_Week,0.0002910457287832704,8000
Sugary_Drinks_Per_Week,Exercise_Duration_Minutes,-0.015169152454754477,8000
Sugary_Drinks_Per_Week,Daily_Steps,-0.006826160773262797,8000
Sugary_Drinks_Per_Week,Daily_Calorie_Intake,0.0022532256637651945,8000
Sugary_Drinks_Per_Week,Water_Intake_Liters,0.0025948518482830705,8000
Sugary_Drinks_Per_Week,Fruit_Intake_Per_Day,0.01020157340043654,8000
Sugary_Drinks_Per_Week,Vegetable_Intake_Per_Day,-0.016097324028975565,8000
Sugary_Drinks_Per_Week,Protein_Intake_Grams,-0.010002236931093226,8000
Sugary_Drinks_Per_Week,Sugary_Drinks_Per_Week,1.0,8000
Sugary_Drinks_Per_Week,Fast_Food_Meals_Per_Week,0.008355526051621844,8000
Sugary_Drinks_Per_Week,Breakfast_Regularity_Score,-0.0009073777717737437,8000
Sugary_Drinks_Per_Week,Stress_Level,0.0025744835234372686,8000
Sugary_Drinks_Per_Week,Working_Hours_Per_Day,-0.013033686133800642,8000
Sugary_Drinks_Per_Week,Sitting_Hours_Per_Day,-0.009152666671845701,8000
Sugary_Drinks_Per_Week,Outdoor_Time_Hours,-0.02915067628591902,8000
Sugary_Drinks_Per_Week,Social_Interaction_Score,0.00450174663464418,8000
Sugary_Drinks_Per_Week,Resting_Heart_Rate,-0.003317743834312264,8000
Sugary_Drinks_Per_Week,Systolic_BP,0.0006727875899625404,8000
Sugary_Drinks_Per_Week,Diastolic_BP,0.004535522750225266,8000
Sugary_Drinks_Per_Week,Cholesterol_Level,-0.011597108431327502,8000
Sugary_Drinks_Per_Week,Blood_Sugar_Level,0.2812879448584352,8000
Sugary_Drinks_Per_Week,Energy_Level_Score,0.0034816992063253626,8000
Sugary_Drinks_Per_Week,Fatigue_Level_Score,-0.018610774836518643,8000
Sugary_Drinks_Per_Week,Immune_Health_Score,-0.004049469993893156,8000
Sugary_Drinks_Per_Week,Mood_Score,-0.004820488463135814,8000
Sugary_Drinks_Per_Week,Anxiety_Score,0.009428571445103005,8000
Sugary_Drinks_Per_Week,Depression_Risk_Score,-0.0080676069439833,8000
Sugary_Drinks_Per_Week,Productivity_Score,-0.01894911215361112,8000
Sugary_Drinks_Per_Week,Focus_Concentration_Score,-0.022999939267117277,8000
Sugary_Drinks_Per_Week,Life_Satisfaction_Score,-0.00029428785486364977,8000
Sugary_Drinks_Per_Week,Sleep_Quality_Score,-0.004430900023023882,8000
Fast_Food_Meals_Per_Week,Age,-0.007742431905512761,8000
Fast_Food_Meals_Per_Week,Height_cm,0.0039025176265418474,8000
Fast_Food_Meals_Per_Week,Weight_kg,0.00298331009424555,8000
Fast_Food_Meals_Per_Week,BMI,0.0007598155526528108,8000
Fast_Food_Meals_Per_Week,Exercise_Frequency_Per_Week,-0.009211851172515823,8000
Fast_Food_Meals_Per_Week,Exercise_Duration_Minutes,0.004678962973291655,8000
Fast_Food_Meals_Per_Week,Daily_Steps,-0.003570691083756831,8000
Fast_Food_Meals_Per_Week,Daily_Calorie_Intake,-0.016376798796269805,8000
Fast_Food_Meals_Per_Week,Water_Intake_Liters,-0.01416908832622981,8000
Fast_Food_Meals_Per_Week,Fruit_Intake_Per_Day,-0.012229331887859334,8000
Fast_Food_Meals_Per_Week,Vegetable_Intake_Per_Day,0.007392977673859009,8000
Fast_Food_Meals_Per_Week,Protein_Intake_Grams,0.01610240803108535,8000
Fast_Food_Meals_Per_Week,Sugary_Drinks_Per_Week,0.008355526051621844,8000
Fast_Food_Meals_Per_Week,Fast_Food_Meals_Per_Week,1.0,8000
Fast_Food_Meals_Per_Week,Breakfast_Regularity_Score,0.003256989358331918,8000
Fast_Food_Meals_Per_Week,Stress_Level,-0.016663216650309735,8000
Fast_Food_Meals_Per_Week,Working_Hours_Per_Day,-0.0049900340390321325,8000
Fast_Food_Meals_Per_Week,Sitting_Hours_Per_Day,0.0042780091277830985,8000
Fast_Food_Meals_Per_Week,Outdoor_Time_Hours,-0.00493183395917935,8000
Fast_Food_Meals_Per_Week,Social_Interaction_Score,0.015351732167484328,8000
Fast_Food_Meals_Per_Week,Resting_Heart_Rate,0.010157081331350654,8000
Fast_Food_Meals_Per_Week,Systolic_BP,-0.021180554022265503,8000
Fast_Food_Meals_Per_Week,Diastolic_BP,-0.017551221281641282,8000
Fast_Food_Meals_Per_Week,Cholesterol_Level,0.2896733220303169,8000
Fast_Food_Meals_Per_Week,Blood_Sugar_Level,0.321693201032027,8000
Fast_Food_Meals_Per_Week,Energy_Level_Score,0.0010644071527823541,8000
Fast_Food_Meals_Per_Week,Fatigue_Level_Score,-0.015646150372939732,8000
Fast_Food_Meals_Per_Week,Immune_Health_Score,-0.012025738204625498,8000
Fast_Food_Meals_Per_Week,Mood_Score,0.014511167204413545,8000
Fast_Food_Meals_Per_Week,Anxiety_Score,-0.007058930948187746,8000
Fast_Food_Meals_Per_Week,Depression_Risk_Score,-0.026606729660108606,8000
Fast_Food_Meals_Per_Week,Productivity_Score,0.007206850545013526,8000
Fast_Food_Meals_Per_Week,Focus_Concentration_Score,-0.007002896560875731,8000
Fast_Food_Meals_Per_Week,Life_Satisfaction_Score,0.023896905210909355,8000
Fast_Food_Meals_Per_Week,Sleep_Quality_Score,0.012886522887114015,8000
Breakfast_Regularity_Score,Age,-0.0012949558491424191,8000
Breakfast_Regularity_Score,Height_cm,0.007643565710919951,8000
Breakfast_Regularity_Score,Weight_kg,-0.014077316484602642,8000
Breakfast_Regularity_Score,BMI,-0.021080130183545025,8000
Breakfast_Regularity_Score,Exercise_Frequency_Per_Week,-0.0012844911313748505,8000
Breakfast_Regularity_Score,Exercise_Duration_Minutes,-0.004309084523060829,8000
Breakfast_Regularity_Score,Daily_Steps,0.0007589636017806354,8000
Breakfast_Regularity_Score,Daily_Calorie_Intake,-0.009606554082957968,8000
Breakfast_Regularity_Score,Water_Intake_Liters,-0.005496761813266354,8000
Breakfast_Regularity_Score,Fruit_Intake_Per_Day,-0.010412013985886669,8000
Breakfast_Regularity_Score,Vegetable_Intake_Per_Day,-0.007300884202292162,8000
Breakfast_Regularity_Score,Protein_Intake_Grams,0.0040183747279524985,8000
Breakfast_Regularity_Score,Sugary_Drinks_Per_Week,-0.0009073777717737437,8000
Breakfast_Regularity_Score,Fast_Food_Meals_Per_Week,0.003256989358331918,8000
Breakfast_Regularity_Score,Breakfast_Regularity_Score,1.0,8000
Breakfast_Regularity_Score,Stress_Level,0.00530448568921651,8000
Breakfast_Regularity_Score,Working_Hours_Per_Day,-0.002535861963000158,8000
Breakfast_Regularity_Score,Sitting_Hours_Per_Day,0.0015695556645604692,8000
Breakfast_Regularity_Score,Outdoor_Time_Hours,-0.01976565307765981,8000
Breakfast_Regularity_Score,Social_Interaction_Score,0.010740747524876356,8000
Breakfast_Regularity_Score,Resting_Heart_Rate,-0.00039938030686593345,8000
Breakfast_Regularity_Score,Systolic_BP,0.003677622072692481,8000
Breakfast_Regularity_Score,Diastolic_BP,0.00907706804854459,8000
Breakfast_Regularity_Score,Cholesterol_Level,0.006424236216313623,8000
Breakfast_Regularity_Score,Blood_Sugar_Level,-0.007070867891968556,8000
Breakfast_Regularity_Score,Energy_Level_Score,0.03284444561713849,8000
Breakfast_Regularity_Score,Fatigue_Level_Score,-0.035702387757216,8000
Breakfast_Regularity_Score,Immune_Health_Score,0.004882013131079566,8000
Breakfast_Regularity_Score,Mood_Score,0.025128899402612717,8000
Breakfast_Regularity_Score,Anxiety_Score,-0.01365554905478926,8000
Breakfast_Regularity_Score,Depression_Risk_Score,-0.012084253732968911,8000
Breakfast_Regularity_Score,Productivity_Score,0.11911602466935309,8000
Breakfast_Regularity_Score,Focus_Concentration_Score,0.017029686154022367,8000
Breakfast_Regularity_Score,Life_Satisfaction_Score,0.016930899966692288,8000
Breakfast_Regularity_Score,Sleep_Quality_Score,0.056529037066032475,8000
Stress_Level,Age,0.009364203256707048,8000
Stress_Level,Height_cm,-0.016860294976499757,8000
Stress_Level,Weight_kg,-0.0016353590842172186,8000
Stress_Level,BMI,0.007912397512207053,8000
Stress_Level,Exercise_Frequency_Per_Week,-0.009191982867043843,8000
Stress_Level,Exercise_Duration_Minutes,0.016347278271035978,8000
Stress_Level,Daily_Steps,-0.0033351830576475354,8000
Stress_Level,Daily_Calorie_Intake,-0.00730323738836773,8000
Stress_Level,Water_Intake_Liters,-0.008490822186122054,8000
Stress_Level,Fruit_Intake_Per_Day,0.015800665495100664,8000
Stress_Level,Vegetable_Intake_Per_Day,-0.007966534261703073,8000
Stress_Level,Protein_Intake_Grams,0.0036953848782741074,8000
Stress_Level,Sugary_Drinks_Per_Week,0.0025744835234372686,8000
Stress_Level,Fast_Food_Meals_Per_Week,-0.016663216650309735,8000
Stress_Level,Breakfast_Regularity_Score,0.00530448568921651,8000
Stress_Level,Stress_Level,1.0,8000
Stress_Level,Working_Hours_Per_Day,-0.008025183198599536,8000
Stress_Level,Sitting_Hours_Per_Day,-0.004842614696237049,8000
Stress_Level,Outdoor_Time_Hours,0.0035097707879527475,8000
Stress_Level,Social_Interaction_Score,-0.21757609768121186,8000
Stress_Level,Resting_Heart_Rate,-0.018101195022266304,8000
Stress_Level,Systolic_BP,0.15677753972438174,8000
Stress_Level,Diastolic_BP,0.1429834608288309,8000
Stress_Level,Cholesterol_Level,0.008915061836110242,8000
Stress_Level,Blood_Sugar_Level,-0.019528412487607935,8000
Stress_Level,Energy_Level_Score,-0.4668143270354231,8000
Stress_Level,Fatigue_Level_Score,0.41841601348772306,8000
Stress_Level,Immune_Health_Score,-0.02075453765477873,8000
Stress_Level,Mood_Score,-0.6536682507293452,8000
Stress_Level,Anxiety_Score,0.7464830477815109,8000
Stress_Level,Depression_Risk_Score,0.6825447320130217,8000
Stress_Level,Productivity_Score,-0.40955038842516234,8000
Stress_Level,Focus_Concentration_Score,-0.15777747537027342,8000
Stress_Level,Life_Satisfaction_Score,-0.6137066446670055,8000
Stress_Level,Sleep_Quality_Score,-0.39257471523205095,8000
Working_Hours_Per_Day,Age,0.015150528927720496,8000
Working_Hours_Per_Day,Height_cm,0.004019931249755035,8000
Working_Hours_Per_Day,Weight_kg,0.010614576401318045,8000
Working_Hours_Per_Day,BMI,0.012489241240872154,8000
Working_Hours_Per_Day,Exercise_Frequency_Per_Week,-0.022034398837923654,8000
Working_Hours_Per_Day,Exercise_Duration_Minutes,0.0011036170451676226,8000
Working_Hours_Per_Day,Daily_Steps,-0.015969856395566966,8000
Working_Hours_Per_Day,Daily_Calorie_Intake,-0.021582723585587677,8000
Working_Hours_Per_Day,Water_Intake_Liters,-0.014400664903427667,8000
Working_Hours_Per_Day,Fruit_Intake_Per_Day,0.012670033869665847,8000
Working_Hours_Per_Day,Vegetable_Intake_Per_Day,0.011791060013927867,8000
Working_Hours_Per_Day,Protein_Intake_Grams,-0.008682514140009385,8000
Working_Hours_Per_Day,Sugary_Drinks_Per_Week,-0.013033686133800642,8000
Working_Hours_Per_Day,Fast_Food_Meals_Per_Week,-0.0049900340390321325,8000
Working_Hours_Per_Day,Breakfast_Regularity_Score,-0.002535861963000158,8000
Working_Hours_Per_Day,Stress_Level,-0.008025183198599536,8000
Working_Hours_Per_Day,Working_Hours_Per_Day,1.0,8000
Working_Hours_Per_Day,Sitting_Hours_Per_Day,0.872124348524146,8000
Working_Hours_Per_Day,Outdoor_Time_Hours,0.0004550194273914328,8000
Working_Hours_Per_Day,Social_Interaction_Score,0.0048338129795524095,8000
Working_Hours_Per_Day,Resting_Heart_Rate,0.0176414700246966,8000
Working_Hours_Per_Day,Systolic_BP,0.005463355701802115,8000
Working_Hours_Per_Day,Diastolic_BP,-0.0008758390349781206,8000
Working_Hours_Per_Day,Cholesterol_Level,0.012231772550647555,8000
Working_Hours_Per_Day,Blood_Sugar_Level,-0.002252929225735484,8000
Working_Hours_Per_Day,Energy_Level_Score,-0.015508325080683491,8000
Working_Hours_Per_Day,Fatigue_Level_Score,0.022122658292999947,8000
Working_Hours_Per_Day,Immune_Health_Score,0.0027352939208632097,8000
Working_Hours_Per_Day,Mood_Score,-0.010477709930507386,8000
Working_Hours_Per_Day,Anxiety_Score,0.006180905507657213,8000
Working_Hours_Per_Day,Depression_Risk_Score,0.009549810647687113,8000
Working_Hours_Per_Day,Productivity_Score,-0.03474816857810976,8000
Working_Hours_Per_Day,Focus_Concentration_Score,-0.01459876220353399,8000
Working_Hours_Per_Day,Life_Satisfaction_Score,0.009586864192219737,8000
Working_Hours_Per_Day,Sleep_Quality_Score,-0.007280539832465574,8000
Sitting_Hours_Per_Day,Age,0.004722698886409668,8000
Sitting_Hours_Per_Day,Height_cm,0.004178560906654232,8000
Sitting_Hours_Per_Day,Weight_kg,0.010038611592876808,8000
Sitting_Hours_Per_Day,BMI,0.011552513414430102,8000
Sitting_Hours_Per_Day,Exercise_Frequency_Per_Week,-0.02623363197145715,8000
Sitting_Hours_Per_Day,Exercise_Duration_Minutes,-0.000412060897477827,8000
Sitting_Hours_Per_Day,Daily_Steps,-0.02000224774462297,8000
Sitting_Hours_Per_Day,Daily_Calorie_Intake,-0.021068497126093988,8000
Sitting_Hours_Per_Day,Water_Intake_Liters,-0.018332283978784777,8000
Sitting_Hours_Per_Day,Fruit_Intake_Per_Day,0.0176484767289278,8000
Sitting_Hours_Per_Day,Vegetable_Intake_Per_Day,0.014212270032452269,8000
Sitting_Hours_Per_Day,Protein_Intake_Grams,-0.008348884079209591,8000
Sitting_Hours_Per_Day,Sugary_Drinks_Per_Week,-0.009152666671845701,8000
Sitting_Hours_Per_Day,Fast_Food_Meals_Per_Week,0.0042780091277830985,8000
Sitting_Hours_Per_Day,Breakfast_Regularity_Score,0.0015695556645604692,8000
Sitting_Hours_Per_Day,Stress_Level,-0.004842614696237049,8000
Sitting_Hours_Per_Day,Working_Hours_Per_Day,0.872124348524146,8000
Sitting_Hours_Per_Day,Sitting_Hours_Per_Day,1.0,8000
Sitting_Hours_Per_Day,Outdoor_Time_Hours,-0.0035966578033639098,8000
Sitting_Hours_Per_Day,Social_Interaction_Score,0.015207299330577044,8000
Sitting_Hours_Per_Day,Resting_Heart_Rate,0.012490884742052944,8000
Sitting_Hours_Per_Day,Systolic_BP,0.006272054158002831,8000
Sitting_Hours_Per_Day,Diastolic_BP,-0.0007263324817681814,8000
Sitting_Hours_Per_Day,Cholesterol_Level,0.0008161114288181065,8000
Sitting_Hours_Per_Day,Blood_Sugar_Level,-0.004694591678408212,8000
Sitting_Hours_Per_Day,Energy_Level_Score,-0.014326519434393808,8000
Sitting_Hours_Per_Day,Fatigue_Level_Score,0.019494466055134805,8000
Sitting_Hours_Per_Day,Immune_Health_Score,0.0013645016982615716,8000
Sitting_Hours_Per_Day,Mood_Score,-0.012261360535118657,8000
Sitting_Hours_Per_Day,Anxiety_Score,0.008598203735135977,8000
Sitting_Hours_Per_Day,Depression_Risk_Score,0.012732551743491848,8000
Sitting_Hours_Per_Day,Productivity_Score,-0.03565425714359114,8000
Sitting_Hours_Per_Day,Focus_Concentration_Score,-0.012691203392475182,8000
Sitting_Hours_Per_Day,Life_Satisfaction_Score,0.009947498230963527,8000
Sitting_Hours_Per_Day,Sleep_Quality_Score,-0.014799417331101178,8000
Outdoor_Time_Hours,Age,0.004713240486847929,8000
Outdoor_Time_Hours,Height_cm,0.013003409174878916,8000
Outdoor_Time_Hours,Weight_kg,0.008265200405560457,8000
Outdoor_Time_Hours,BMI,0.0004013308341297686,8000
Outdoor_Time_Hours,Exercise_Frequency_Per_Week,0.47532964026699553,8000
Outdoor_Time_Hours,Exercise_Duration_Minutes,0.13736741521001114,8000
Outdoor_Time_Hours,Daily_Steps,0.3843767288072097,8000
Outdoor_Time_Hours,Daily_Calorie_Intake,0.2320461487875107,8000
Outdoor_Time_Hours,Water_Intake_Liters,0.2695955966050399,8000
Outdoor_Time_Hours,Fruit_Intake_Per_Day,-0.005339521291660627,8000
Outdoor_Time_Hours,Vegetable_Intake_Per_Day,-0.011266041238634127,8000
Outdoor_Time_Hours,Protein_Intake_Grams,0.2741533171664546,8000
Outdoor_Time_Hours,Sugary_Drinks_Per_Week,-0.02915067628591902,8000
Outdoor_Time_Hours,Fast_Food_Meals_Per_Week,-0.00493183395917935,8000
Outdoor_Time_Hours,Breakfast_Regularity_Score,-0.01976565307765981,8000
Outdoor_Time_Hours,Stress_Level,0.0035097707879527475,8000
Outdoor_Time_Hours,Working_Hours_Per_Day,0.0004550194273914328,8000
Outdoor_Time_Hours,Sitting_Hours_Per_Day,-0.0035966578033639098,8000
Outdoor_Time_Hours,Outdoor_Time_Hours,1.0,8000
Outdoor_Time_Hours,Social_Interaction_Score,0.004905471612826286,8000
Outdoor_Time_Hours,Resting_Heart_Rate,-0.20391023803636615,8000
Outdoor_Time_Hours,Systolic_BP,0.00813374899505082,8000
Outdoor_Time_Hours,Diastolic_BP,0.011609662440565546,8000
Outdoor_Time_Hours,Cholesterol_Level,-0.05020836955673535,8000
Outdoor_Time_Hours,Blood_Sugar_Level,-0.0029835024380832557,8000
Outdoor_Time_Hours,Energy_Level_Score,0.24535468602900642,8000
Outdoor_Time_Hours,Fatigue_Level_Score,-0.1608543543652954,8000
Outdoor_Time_Hours,Immune_Health_Score,0.19482152412041728,8000
Outdoor_Time_Hours,Mood_Score,0.14744797900208226,8000
Outdoor_Time_Hours,Anxiety_Score,-0.12734028296708685,8000
Outdoor_Time_Hours,Depression_Risk_Score,-0.11736888601567698,8000
Outdoor_Time_Hours,Productivity_Score,0.1751893339957657,8000
Outdoor_Time_Hours,Focus_Concentration_Score,0.12189102980102372,8000
Outdoor_Time_Hours,Life_Satisfaction_Score,0.15589618443053033,8000
Outdoor_Time_Hours,Sleep_Quality_Score,-0.0029611402046036146,8000
Social_Interaction_Score,Age,-0.015814364679612187,8000
Social_Interaction_Score,Height_cm,0.00539724862846797,8000
Social_Interaction_Score,Weight_kg,-0.004931122029700551,8000
Social_Interaction_Score,BMI,-0.007661749366914961,8000
Social_Interaction_Score,Exercise_Frequency_Per_Week,0.006755004496554292,8000
Social_Interaction_Score,Exercise_Duration_Minutes,-0.013833456680444894,8000
Social_Interaction_Score,Daily_Steps,0.016818626539794934,8000
Social_Interaction_Score,Daily_Calorie_Intake,-0.003963208443608461,8000
Social_Interaction_Score,Water_Intake_Liters,-0.0006634322564134494,8000
Social_Interaction_Score,Fruit_Intake_Per_Day,0.0005755483322540455,8000
Social_Interaction_Score,Vegetable_Intake_Per_Day,0.014585454059510972,8000
Social_Interaction_Score,Protein_Intake_Grams,0.00718690242456779,8000
Social_Interaction_Score,Sugary_Drinks_Per_Week,0.00450174663464418,8000
Social_Interaction_Score,Fast_Food_Meals_Per_Week,0.015351732167484328,8000
Social_Interaction_Score,Breakfast_Regularity_Score,0.010740747524876356,8000
Social_Interaction_Score,Stress_Level,-0.21757609768121186,8000
Social_Interaction_Score,Working_Hours_Per_Day,0.0048338129795524095,8000
Social_Interaction_Score,Sitting_Hours_Per_Day,0.015207299330577044,8000
Social_Interaction_Score,Outdoor_Time_Hours,0.004905471612826286,8000
Social_Interaction_Score,Social_Interaction_Score,1.0,8000
Social_Interaction_Score,Resting_Heart_Rate,0.002673826642576034,8000
Social_Interaction_Score,Systolic_BP,-0.04148049885825989,8000
Social_Interaction_Score,Diastolic_BP,-0.03060786131087715,8000
Social_Interaction_Score,Cholesterol_Level,0.0007062659287729576,8000
Social_Interaction_Score,Blood_Sugar_Level,-0.008205286505215362,8000
Social_Interaction_Score,Energy_Level_Score,0.09920816290875835,8000
Social_Interaction_Score,Fatigue_Level_Score,-0.0909034740798719,8000
Social_Interaction_Score,Immune_Health_Score,-0.007094706966333823,8000
Social_Interaction_Score,Mood_Score,0.2796071714053285,8000
Social_Interaction_Score,Anxiety_Score,-0.1645700639157498,8000
Social_Interaction_Score,Depression_Risk_Score,-0.3611417210787926,8000
Social_Interaction_Score,Productivity_Score,0.08485046659936506,8000
Social_Interaction_Score,Focus_Concentration_Score,0.034732335733837716,8000
Social_Interaction_Score,Life_Satisfaction_Score,0.40692614791271287,8000
Social_Interaction_Score,Sleep_Quality_Score,0.07588316193111946,8000
Resting_Heart_Rate,Age,0.23064902070929888,8000
Resting_Heart_Rate,Height_cm,-0.02151403657799653,8000
Resting_Heart_Rate,Weight_kg,0.0042520283535812066,8000
Resting_Heart_Rate,BMI,0.018096920227037606,8000
Resting_Heart_Rate,Exercise_Frequency_Per_Week,-0.39609595235480644,8000
Resting_Heart_Rate,Exercise_Duration_Minutes,-0.12174212146483253,8000
Resting_Heart_Rate,Daily_Steps,-0.3256805223162257,8000
Resting_Heart_Rate,Daily_Calorie_Intake,-0.19019871057777535,8000
Resting_Heart_Rate,Water_Intake_Liters,-0.22832393783296867,8000
Resting_Heart_Rate,Fruit_Intake_Per_Day,-0.008610926808043406,8000
Resting_Heart_Rate,Vegetable_Intake_Per_Day,-0.005513262421563834,8000
Resting_Heart_Rate,Protein_Intake_Grams,-0.2288527550600628,8000
Resting_Heart_Rate,Sugary_Drinks_Per_Week,-0.003317743834312264,8000
Resting_Heart_Rate,Fast_Food_Meals_Per_Week,0.010157081331350654,8000
Resting_Heart_Rate,Breakfast_Regularity_Score,-0.00039938030686593345,8000
Resting_Heart_Rate,Stress_Level,-0.018101195022266304,8000
Resting_Heart_Rate,Working_Hours_Per_Day,0.0176414700246966,8000
Resting_Heart_Rate,Sitting_Hours_Per_Day,0.012490884742052944,8000
Resting_Heart_Rate,Outdoor_Time_Hours,-0.20391023803636615,8000
Resting_Heart_Rate,Social_Interaction_Score,0.002673826642576034,8000
Resting_Heart_Rate,Resting_Heart_Rate,1.0,8000
Resting_Heart_Rate,Systolic_BP,0.18886389439789605,8000
Resting_Heart_Rate,Diastolic_BP,0.15950552135377377,8000
Resting_Heart_Rate,Cholesterol_Level,0.14348290282904405,8000
Resting_Heart_Rate,Blood_Sugar_Level,0.056245144231081005,8000
Resting_Heart_Rate,Energy_Level_Score,-0.19994476492470598,8000
Resting_Heart_Rate,Fatigue_Level_Score,0.14080209705779,8000
Resting_Heart_Rate,Immune_Health_Score,-0.30013758459831724,8000
Resting_Heart_Rate,Mood_Score,-0.1117487791526096,8000
Resting_Heart_Rate,Anxiety_Score,0.0910258139765006,8000
Resting_Heart_Rate,Depression_Risk_Score,0.08871083633768605,8000
Resting_Heart_Rate,Productivity_Score,-0.13954220924285982,8000
Resting_Heart_Rate,Focus_Concentration_Score,-0.10876394962059574,8000
Resting_Heart_Rate,Life_Satisfaction_Score,-0.11813382205407533,8000
Resting_Heart_Rate,Sleep_Quality_Score,-0.0032995256961841947,8000
Systolic_BP,Age,0.63370431467983,8000
Systolic_BP,Height_cm,-0.008230799241908006,8000
Systolic_BP,Weight_kg,0.22295388556591347,8000
Systolic_BP,BMI,0.2669669051421347,8000
Systolic_BP,Exercise_Frequency_Per_Week,0.010612012715415849,8000
Systolic_BP,Exercise_Duration_Minutes,-0.014088793489400217,8000
Systolic_BP,Daily_Steps,0.014127173404048404,8000
Systolic_BP,Daily_Calorie_Intake,0.08657752927080412,8000
Systolic_BP,Water_Intake_Liters,0.0025398383808568873,8000
Systolic_BP,Fruit_Intake_Per_Day,-0.0038468634417841486,8000
Systolic_BP,Vegetable_Intake_Per_Day,0.004005533199123796,8000
Systolic_BP,Protein_Intake_Grams,0.009139822992671066,8000
Systolic_BP,Sugary_Drinks_Per_Week,0.0006727875899625404,8000
Systolic_BP,Fast_Food_Meals_Per_Week,-0.021180554022265503,8000
Systolic_BP,Breakfast_Regularity_Score,0.003677622072692481,8000
Systolic_BP,Stress_Level,0.15677753972438174,8000
Systolic_BP,Working_Hours_Per_Day,0.005463355701802115,8000
Systolic_BP,Sitting_Hours_Per_Day,0.006272054158002831,8000
Systolic_BP,Outdoor_Time_Hours,0.00813374899505082,8000
Systolic_BP,Social_Interaction_Score,-0.04148049885825989,8000
Systolic_BP,Resting_Heart_Rate,0.18886389439789605,8000
Systolic_BP,Systolic_BP,1.0,8000
Systolic_BP,Diastolic_BP,0.8313764481905275,8000
Systolic_BP,Cholesterol_Level,0.26397038941564976,8000
Systolic_BP,Blood_Sugar_Level,0.17902858174727324,8000
Systolic_BP,Energy_Level_Score,-0.06231239256370557,8000
Systolic_BP,Fatigue_Level_Score,0.06139776676981433,8000
Systolic_BP,Immune_Health_Score,-0.08397140903813317,8000
Systolic_BP,Mood_Score,-0.09512176487209217,8000
Systolic_BP,Anxiety_Score,0.11188773003825958,8000
Systolic_BP,Depression_Risk_Score,0.10674854954161206,8000
Systolic_BP,Productivity_Score,-0.06732292183385977,8000
Systolic_BP,Focus_Concentration_Score,-0.022928734616713426,8000
Systolic_BP,Life_Satisfaction_Score,-0.08204412636681548,8000
Systolic_BP,Sleep_Quality_Score,-0.061828953226100596,8000
Diastolic_BP,Age,0.5303642706805872,8000
Diastolic_BP,Height_cm,0.0003497149049692054,8000
Diastolic_BP,Weight_kg,0.18315268092538398,8000
Diastolic_BP,BMI,0.2143680154354436,8000
Diastolic_BP,Exercise_Frequency_Per_Week,0.007444915063529169,8000
Diastolic_BP,Exercise_Duration_Minutes,-0.00817899352279516,8000
Diastolic_BP,Daily_Steps,0.004028088650607539,8000
Diastolic_BP,Daily_Calorie_Intake,0.06622458347970434,8000
Diastolic_BP,Water_Intake_Liters,-0.0009417514185705544,8000
Diastolic_BP,Fruit_Intake_Per_Day,0.00360019348160297,8000
Diastolic_BP,Vegetable_Intake_Per_Day,-0.0016276352548359118,8000
Diastolic_BP,Protein_Intake_Grams,0.013441526016528963,8000
Diastolic_BP,Sugary_Drinks_Per_Week,0.004535522750225266,8000
Diastolic_BP,Fast_Food_Meals_Per_Week,-0.017551221281641282,8000
Diastolic_BP,Breakfast_Regularity_Score,0.00907706804854459,8000
Diastolic_BP,Stress_Level,0.1429834608288309,8000
Diastolic_BP,Working_Hours_Per_Day,-0.0008758390349781206,8000
Diastolic_BP,Sitting_Hours_Per_Day,-0.0007263324817681814,8000
Diastolic_BP,Outdoor_Time_Hours,0.011609662440565546,8000
Diastolic_BP,Social_Interaction_Score,-0.03060786131087715,8000
Diastolic_BP,Resting_Heart_Rate,0.15950552135377377,8000
Diastolic_BP,Systolic_BP,0.8313764481905275,8000
Diastolic_BP,Diastolic_BP,1.0,8000
Diastolic_BP,Cholesterol_Level,0.22407348533889393,8000
Diastolic_BP,Blood_Sugar_Level,0.14048614180680363,8000
Diastolic_BP,Energy_Level_Score,-0.058846119181759596,8000
Diastolic_BP,Fatigue_Level_Score,0.05996825621711152,8000
Diastolic_BP,Immune_Health_Score,-0.06674385425128913,8000
Diastolic_BP,Mood_Score,-0.08397183963665339,8000
Diastolic_BP,Anxiety_Score,0.10306652090875486,8000
Diastolic_BP,Depression_Risk_Score,0.09289650875118471,8000
Diastolic_BP,Productivity_Score,-0.05841977930278993,8000
Diastolic_BP,Focus_Concentration_Score,-0.011794642393177074,8000
Diastolic_BP,Life_Satisfaction_Score,-0.07476717304649626,8000
Diastolic_BP,Sleep_Quality_Score,-0.05067066170379561,8000
Cholesterol_Level,Age,0.37943012667201814,8000
Cholesterol_Level,Height_cm,-0.01839791226648712,8000
Cholesterol_Level,Weight_kg,0.16790628064217245,8000
Cholesterol_Level,BMI,0.20610945867420444,8000
Cholesterol_Level,Exercise_Frequency_Per_Week,-0.11251285798258935,8000
Cholesterol_Level,Exercise_Duration_Minutes,-0.03280059918272227,8000
Cholesterol_Level,Daily_Steps,-0.09912083385822555,8000
Cholesterol_Level,Daily_Calorie_Intake,0.0006909015294477387,8000
Cholesterol_Level,Water_Intake_Liters,-0.06113472580267124,8000
Cholesterol_Level,Fruit_Intake_Per_Day,0.007461250557170107,8000
Cholesterol_Level,Vegetable_Intake_Per_Day,0.0031930125411239693,8000
Cholesterol_Level,Protein_Intake_Grams,-0.05399194386379356,8000
Cholesterol_Level,Sugary_Drinks_Per_Week,-0.011597108431327502,8000
Cholesterol_Level,Fast_Food_Meals_Per_Week,0.2896733220303169,8000
Cholesterol_Level,Breakfast_Regularity_Score,0.006424236216313623,8000
Cholesterol_Level,Stress_Level,0.008915061836110242,8000
Cholesterol_Level,Working_Hours_Per_Day,0.012231772550647555,8000
Cholesterol_Level,Sitting_Hours_Per_Day,0.0008161114288181065,8000
Cholesterol_Level,Outdoor_Time_Hours,-0.05020836955673535,8000
Cholesterol_Level,Social_Interaction_Score,0.0007062659287729576,8000
Cholesterol_Level,Resting_Heart_Rate,0.14348290282904405,8000
Cholesterol_Level,Systolic_BP,0.26397038941564976,8000
Cholesterol_Level,Diastolic_BP,0.22407348533889393,8000
Cholesterol_Level,Cholesterol_Level,1.0,8000
Cholesterol_Level,Blood_Sugar_Level,0.20851158181417367,8000
Cholesterol_Level,Energy_Level_Score,-0.06078116263003824,8000
Cholesterol_Level,Fatigue_Level_Score,0.04471370542863072,8000
Cholesterol_Level,Immune_Health_Score,-0.048622423426235926,8000
Cholesterol_Level,Mood_Score,-0.043922784176984045,8000
Cholesterol_Level,Anxiety_Score,0.0368027042822245,8000
Cholesterol_Level,Depression_Risk_Score,0.03087357718826115,8000
Cholesterol_Level,Productivity_Score,-0.041297669568599794,8000
Cholesterol_Level,Focus_Concentration_Score,-0.048710105090299695,8000
Cholesterol_Level,Life_Satisfaction_Score,-0.03176406750309996,8000
Cholesterol_Level,Sleep_Quality_Score,-0.008089919259492572,8000
Blood_Sugar_Level,Age,0.2334511272845873,8000
Blood_Sugar_Level,Height_cm,-0.01408638194745641,8000
Blood_Sugar_Level,Weight_kg,0.1459579967013622,8000
Blood_Sugar_Level,BMI,0.18088231500270135,8000
Blood_Sugar_Level,Exercise_Frequency_Per_Week,0.003574841949018796,8000
Blood_Sugar_Level,Exercise_Duration_Minutes,-0.0084922987106429,8000
Blood_Sugar_Level,Daily_Steps,0.011891767512714028,8000
Blood_Sugar_Level,Daily_Calorie_Intake,0.05734151013330351,8000
Blood_Sugar_Level,Water_Intake_Liters,-0.012114089417868772,8000
Blood_Sugar_Level,Fruit_Intake_Per_Day,-0.008823234406755006,8000
Blood_Sugar_Level,Vegetable_Intake_Per_Day,-0.00952170913223438,8000
Blood_Sugar_Level,Protein_Intake_Grams,0.0068812301237289545,8000
Blood_Sugar_Level,Sugary_Drinks_Per_Week,0.2812879448584352,8000
Blood_Sugar_Level,Fast_Food_Meals_Per_Week,0.321693201032027,8000
Blood_Sugar_Level,Breakfast_Regularity_Score,-0.007070867891968556,8000
Blood_Sugar_Level,Stress_Level,-0.019528412487607935,8000
Blood_Sugar_Level,Working_Hours_Per_Day,-0.002252929225735484,8000
Blood_Sugar_Level,Sitting_Hours_Per_Day,-0.004694591678408212,8000
Blood_Sugar_Level,Outdoor_Time_Hours,-0.0029835024380832557,8000
Blood_Sugar_Level,Social_Interaction_Score,-0.008205286505215362,8000
Blood_Sugar_Level,Resting_Heart_Rate,0.056245144231081005,8000
Blood_Sugar_Level,Systolic_BP,0.17902858174727324,8000
Blood_Sugar_Level,Diastolic_BP,0.14048614180680363,8000
Blood_Sugar_Level,Cholesterol_Level,0.20851158181417367,8000
Blood_Sugar_Level,Blood_Sugar_Level,1.0,8000
Blood_Sugar_Level,Energy_Level_Score,0.014439246305986229,8000
Blood_Sugar_Level,Fatigue_Level_Score,-0.01708644796403831,8000
Blood_Sugar_Level,Immune_Health_Score,-0.014380867858789873,8000
Blood_Sugar_Level,Mood_Score,0.012864399303422475,8000
Blood_Sugar_Level,Anxiety_Score,-0.004016991612560218,8000
Blood_Sugar_Level,Depression_Risk_Score,-0.016179892970137597,8000
Blood_Sugar_Level,Productivity_Score,0.0025379096664981103,8000
Blood_Sugar_Level,Focus_Concentration_Score,-0.0030438933688767328,8000
Blood_Sugar_Level,Life_Satisfaction_Score,0.016431206959011055,8000
Blood_Sugar_Level,Sleep_Quality_Score,0.018766865242885317,8000
Energy_Level_Score,Age,0.0073116397483078644,8000
Energy_Level_Score,Height_cm,0.010465961864308938,8000
Energy_Level_Score,Weight_kg,0.006354736480850518,8000
Energy_Level_Score,BMI,0.0016423016897910807,8000
Energy_Level_Score,Exercise_Frequency_Per_Week,0.5353443148073386,8000
Energy_Level_Score,Exercise_Duration_Minutes,0.14544798714325566,8000
Energy_Level_Score,Daily_Steps,0.4471524956846141,8000
Energy_Level_Score,Daily_Calorie_Intake,0.27596192961572935,8000
Energy_Level_Score,Water_Intake_Liters,0.3633882049437618,8000
Energy_Level_Score,Fruit_Intake_Per_Day,0.009423591110444836,8000
Energy_Level_Score,Vegetable_Intake_Per_Day,0.00915807507720326,8000
Energy_Level_Score,Protein_Intake_Grams,0.316788755969198,8000
Energy_Level_Score,Sugary_Drinks_Per_Week,0.0034816992063253626,8000
Energy_Level_Score,Fast_Food_Meals_Per_Week,0.0010644071527823541,8000
Energy_Level_Score,Breakfast_Regularity_Score,0.03284444561713849,8000
Energy_Level_Score,Stress_Level,-0.4668143270354231,8000
Energy_Level_Score,Working_Hours_Per_Day,-0.015508325080683491,8000
Energy_Level_Score,Sitting_Hours_Per_Day,-0.014326519434393808,8000
Energy_Level_Score,Outdoor_Time_Hours,0.24535468602900642,8000
Energy_Level_Score,Social_Interaction_Score,0.09920816290875835,8000
Energy_Level_Score,Resting_Heart_Rate,-0.19994476492470598,8000
Energy_Level_Score,Systolic_BP,-0.06231239256370557,8000
Energy_Level_Score,Diastolic_BP,-0.058846119181759596,8000
Energy_Level_Score,Cholesterol_Level,-0.06078116263003824,8000
Energy_Level_Score,Blood_Sugar_Level,0.014439246305986229,8000
Energy_Level_Score,Energy_Level_Score,1.0,8000
Energy_Level_Score,Fatigue_Level_Score,-0.8113911525398289,8000
Energy_Level_Score,Immune_Health_Score,0.24747280099572297,8000
Energy_Level_Score,Mood_Score,0.593124068625686,8000
Energy_Level_Score,Anxiety_Score,-0.5521632664136392,8000
Energy_Level_Score,Depression_Risk_Score,-0.5331925876650907,8000
Energy_Level_Score,Productivity_Score,0.5967412069938259,8000
Energy_Level_Score,Focus_Concentration_Score,0.35205313042188835,8000
Energy_Level_Score,Life_Satisfaction_Score,0.5076113113558686,8000
Energy_Level_Score,Sleep_Quality_Score,0.5042966739602894,8000
Fatigue_Level_Score,Age,-0.004942369314936958,8000
Fatigue_Level_Score,Height_cm,-0.00510970015542155,8000
Fatigue_Level_Score,Weight_kg,0.002426148872220855,8000
Fatigue_Level_Score,BMI,0.005407999581316818,8000
Fatigue_Level_Score,Exercise_Frequency_Per_Week,-0.36312493893432823,8000
Fatigue_Level_Score,Exercise_Duration_Minutes,-0.090660257100043,8000
Fatigue_Level_Score,Daily_Steps,-0.30173022163069235,8000
Fatigue_Level_Score,Daily_Calorie_Intake,-0.18636017895016835,8000
Fatigue_Level_Score,Water_Intake_Liters,-0.24866154064518745,8000
Fatigue_Level_Score,Fruit_Intake_Per_Day,-0.0018002617680937018,8000
Fatigue_Level_Score,Vegetable_Intake_Per_Day,-0.0008991419436366829,8000
Fatigue_Level_Score,Protein_Intake_Grams,-0.22119794900313347,8000
Fatigue_Level_Score,Sugary_Drinks_Per_Week,-0.018610774836518643,8000
Fatigue_Level_Score,Fast_Food_Meals_Per_Week,-0.015646150372939732,8000
Fatigue_Level_Score,Breakfast_Regularity_Score,-0.035702387757216,8000
Fatigue_Level_Score,Stress_Level,0.41841601348772306,8000
Fatigue_Level_Score,Working_Hours_Per_Day,0.022122658292999947,8000
Fatigue_Level_Score,Sitting_Hours_Per_Day,0.019494466055134805,8000
Fatigue_Level_Score,Outdoor_Time_Hours,-0.1608543543652954,8000
Fatigue_Level_Score,Social_Interaction_Score,-0.0909034740798719,8000
Fatigue_Level_Score,Resting_Heart_Rate,0.14080209705779,8000
Fatigue_Level_Score,Systolic_BP,0.06139776676981433,8000
Fatigue_Level_Score,Diastolic_BP,0.05996825621711152,8000
Fatigue_Level_Score,Cholesterol_Level,0.04471370542863072,8000
Fatigue_Level_Score,Blood_Sugar_Level,-0.01708644796403831,8000
Fatigue_Level_Score,Energy_Level_Score,-0.8113911525398289,8000
Fatigue_Level_Score,Fatigue_Level_Score,1.0,8000
Fatigue_Level_Score,Immune_Health_Score,-0.16222713443809345,8000
Fatigue_Level_Score,Mood_Score,-0.5534417795145069,8000
Fatigue_Level_Score,Anxiety_Score,0.494767727037896,8000
Fatigue_Level_Score,Depression_Risk_Score,0.5240812626271697,8000
Fatigue_Level_Score,Productivity_Score,-0.5389858381365541,8000
Fatigue_Level_Score,Focus_Concentration_Score,-0.4075133911169529,8000
Fatigue_Level_Score,Life_Satisfaction_Score,-0.435803776837429,8000
Fatigue_Level_Score,Sleep_Quality_Score,-0.615293325338554,8000
Immune_Health_Score,Age,0.020149337403684183,8000
Immune_Health_Score,Height_cm,0.014519188427567326,8000
Immune_Health_Score,Weight_kg,0.012735878949458579,8000
Immune_Health_Score,BMI,0.0072088988158832456,8000
Immune_Health_Score,Exercise_Frequency_Per_Week,0.4196831277623502,8000
Immune_Health_Score,Exercise_Duration_Minutes,0.14198268509370388,8000
Immune_Health_Score,Daily_Steps,0.3488176979722594,8000
Immune_Health_Score,Daily_Calorie_Intake,0.20474170672136555,8000
Immune_Health_Score,Water_Intake_Liters,0.31679555548264293,8000
Immune_Health_Score,Fruit_Intake_Per_Day,0.16781603032827833,8000
Immune_Health_Score,Vegetable_Intake_Per_Day,0.24639460834982743,8000
Immune_Health_Score,Protein_Intake_Grams,0.26799313546798215,8000
Immune_Health_Score,Sugary_Drinks_Per_Week,-0.004049469993893156,8000
Immune_Health_Score,Fast_Food_Meals_Per_Week,-0.012025738204625498,8000
Immune_Health_Score,Breakfast_Regularity_Score,0.004882013131079566,8000
Immune_Health_Score,Stress_Level,-0.02075453765477873,8000
Immune_Health_Score,Working_Hours_Per_Day,0.0027352939208632097,8000
Immune_Health_Score,Sitting_Hours_Per_Day,0.0013645016982615716,8000
Immune_Health_Score,Outdoor_Time_Hours,0.19482152412041728,8000
Immune_Health_Score,Social_Interaction_Score,-0.007094706966333823,8000
Immune_Health_Score,Resting_Heart_Rate,-0.30013758459831724,8000
Immune_Health_Score,Systolic_BP,-0.08397140903813317,8000
Immune_Health_Score,Diastolic_BP,-0.06674385425128913,8000
Immune_Health_Score,Cholesterol_Level,-0.048622423426235926,8000
Immune_Health_Score,Blood_Sugar_Level,-0.014380867858789873,8000
Immune_Health_Score,Energy_Level_Score,0.24747280099572297,8000
Immune_Health_Score,Fatigue_Level_Score,-0.16222713443809345,8000
Immune_Health_Score,Immune_Health_Score,1.0,8000
Immune_Health_Score,Mood_Score,0.13861853905196378,8000
Immune_Health_Score,Anxiety_Score,-0.11823119256275534,8000
Immune_Health_Score,Depression_Risk_Score,-0.11760120987477357,8000
Immune_Health_Score,Productivity_Score,0.15865190367987403,8000
Immune_Health_Score,Focus_Concentration_Score,0.1349707423544501,8000
Immune_Health_Score,Life_Satisfaction_Score,0.14505758957886347,8000
Immune_Health_Score,Sleep_Quality_Score,0.014699383988681957,8000
Mood_Score,Age,0.004456535129006078,8000
Mood_Score,Height_cm,0.03002438669875159,8000
Mood_Score,Weight_kg,0.015240915830705394,8000
Mood_Score,BMI,0.00020584476536271125,8000
Mood_Score,Exercise_Frequency_Per_Week,0.31526635324465974,8000
Mood_Score,Exercise_Duration_Minutes,0.08281010902794689,8000
Mood_Score,Daily_Steps,0.26085753146806423,8000
Mood_Score,Daily_Calorie_Intake,0.1564026816919833,8000
Mood_Score,Water_Intake_Liters,0.18746686017793318,8000
Mood_Score,Fruit_Intake_Per_Day,-0.011501487826769042,8000
Mood_Score,Vegetable_Intake_Per_Day,0.0050990941899350046,8000
Mood_Score,Protein_Intake_Grams,0.19363093847042373,8000
Mood_Score,Sugary_Drinks_Per_Week,-0.004820488463135814,8000
Mood_Score,Fast_Food_Meals_Per_Week,0.014511167204413545,8000
Mood_Score,Breakfast_Regularity_Score,0.025128899402612717,8000
Mood_Score,Stress_Level,-0.6536682507293452,8000
Mood_Score,Working_Hours_Per_Day,-0.010477709930507386,8000
Mood_Score,Sitting_Hours_Per_Day,-0.012261360535118657,8000
Mood_Score,Outdoor_Time_Hours,0.14744797900208226,8000
Mood_Score,Social_Interaction_Score,0.2796071714053285,8000
Mood_Score,Resting_Heart_Rate,-0.1117487791526096,8000
Mood_Score,Systolic_BP,-0.09512176487209217,8000
Mood_Score,Diastolic_BP,-0.08397183963665339,8000
Mood_Score,Cholesterol_Level,-0.043922784176984045,8000
Mood_Score,Blood_Sugar_Level,0.012864399303422475,8000
Mood_Score,Energy_Level_Score,0.593124068625686,8000
Mood_Score,Fatigue_Level_Score,-0.5534417795145069,8000
Mood_Score,Immune_Health_Score,0.13861853905196378,8000
Mood_Score,Mood_Score,1.0,8000
Mood_Score,Anxiety_Score,-0.6745234638088773,8000
Mood_Score,Depression_Risk_Score,-0.671472136967635,8000
Mood_Score,Productivity_Score,0.5135725192076742,8000
Mood_Score,Focus_Concentration_Score,0.37040508043509884,8000
Mood_Score,Life_Satisfaction_Score,0.7070073189011381,8000
Mood_Score,Sleep_Quality_Score,0.5709508730400229,8000
Anxiety_Score,Age,0.003492768743095143,8000
Anxiety_Score,Height_cm,-0.01853818670046589,8000
Anxiety_Score,Weight_kg,-0.0021701659990963117,8000
Anxiety_Score,BMI,0.008243511240517141,8000
Anxiety_Score,Exercise_Frequency_Per_Week,-0.26597215379499467,8000
Anxiety_Score,Exercise_Duration_Minutes,-0.06050752842487266,8000
Anxiety_Score,Daily_Steps,-0.2253293452565553,8000
Anxiety_Score,Daily_Calorie_Intake,-0.12203779632323179,8000
Anxiety_Score,Water_Intake_Liters,-0.15782192477057727,8000
Anxiety_Score,Fruit_Intake_Per_Day,0.02368805325967962,8000
Anxiety_Score,Vegetable_Intake_Per_Day,-0.01039553199834747,8000
Anxiety_Score,Protein_Intake_Grams,-0.15791069285883735,8000
Anxiety_Score,Sugary_Drinks_Per_Week,0.009428571445103005,8000
Anxiety_Score,Fast_Food_Meals_Per_Week,-0.007058930948187746,8000
Anxiety_Score,Breakfast_Regularity_Score,-0.01365554905478926,8000
Anxiety_Score,Stress_Level,0.7464830477815109,8000
Anxiety_Score,Working_Hours_Per_Day,0.006180905507657213,8000
Anxiety_Score,Sitting_Hours_Per_Day,0.008598203735135977,8000
Anxiety_Score,Outdoor_Time_Hours,-0.12734028296708685,8000
Anxiety_Score,Social_Interaction_Score,-0.1645700639157498,8000
Anxiety_Score,Resting_Heart_Rate,0.0910258139765006,8000
Anxiety_Score,Systolic_BP,0.11188773003825958,8000
Anxiety_Score,Diastolic_BP,0.10306652090875486,8000
Anxiety_Score,Cholesterol_Level,0.0368027042822245,8000
Anxiety_Score,Blood_Sugar_Level,-0.004016991612560218,8000
Anxiety_Score,Energy_Level_Score,-0.5521632664136392,8000
Anxiety_Score,Fatigue_Level_Score,0.494767727037896,8000
Anxiety_Score,Immune_Health_Score,-0.11823119256275534,8000
Anxiety_Score,Mood_Score,-0.6745234638088773,8000
Anxiety_Score,Anxiety_Score,1.0,8000
Anxiety_Score,Depression_Risk_Score,0.622903259759549,8000
Anxiety_Score,Productivity_Score,-0.4683275869278329,8000
Anxiety_Score,Focus_Concentration_Score,-0.3396500359296293,8000
Anxiety_Score,Life_Satisfaction_Score,-0.590225438588259,8000
Anxiety_Score,Sleep_Quality_Score,-0.4650755416666634,8000
Depression_Risk_Score,Age,0.01123423904836319,8000
Depression_Risk_Score,Height_cm,-0.016747609234544054,8000
Depression_Risk_Score,Weight_kg,-0.0038182047957533985,8000
Depression_Risk_Score,BMI,0.003133661351506084,8000
Depression_Risk_Score,Exercise_Frequency_Per_Week,-0.2548319421572789,8000
Depression_Risk_Score,Exercise_Duration_Minutes,-0.053422843224694753,8000
Depression_Risk_Score,Daily_Steps,-0.21277363957489423,8000
Depression_Risk_Score,Daily_Calorie_Intake,-0.11351979423867298,8000
Depression_Risk_Score,Water_Intake_Liters,-0.14946871617525637,8000
Depression_Risk_Score,Fruit_Intake_Per_Day,0.010864628001148062,8000
Depression_Risk_Score,Vegetable_Intake_Per_Day,-0.00375995729939439,8000
Depression_Risk_Score,Protein_Intake_Grams,-0.1496195711156049,8000
Depression_Risk_Score,Sugary_Drinks_Per_Week,-0.0080676069439833,8000
Depression_Risk_Score,Fast_Food_Meals_Per_Week,-0.026606729660108606,8000
Depression_Risk_Score,Breakfast_Regularity_Score,-0.012084253732968911,8000
Depression_Risk_Score,Stress_Level,0.6825447320130217,8000
Depression_Risk_Score,Working_Hours_Per_Day,0.009549810647687113,8000
Depression_Risk_Score,Sitting_Hours_Per_Day,0.012732551743491848,8000
Depression_Risk_Score,Outdoor_Time_Hours,-0.11736888601567698,8000
Depression_Risk_Score,Social_Interaction_Score,-0.3611417210787926,8000
Depression_Risk_Score,Resting_Heart_Rate,0.08871083633768605,8000
Depression_Risk_Score,Systolic_BP,0.10674854954161206,8000
Depression_Risk_Score,Diastolic_BP,0.09289650875118471,8000
Depression_Risk_Score,Cholesterol_Level,0.03087357718826115,8000
Depression_Risk_Score,Blood_Sugar_Level,-0.016179892970137597,8000
Depression_Risk_Score,Energy_Level_Score,-0.5331925876650907,8000
Depression_Risk_Score,Fatigue_Level_Score,0.5240812626271697,8000
Depression_Risk_Score,Immune_Health_Score,-0.11760120987477357,8000
Depression_Risk_Score,Mood_Score,-0.671472136967635,8000
Depression_Risk_Score,Anxiety_Score,0.622903259759549,8000
Depression_Risk_Score,Depression_Risk_Score,1.0,8000
Depression_Risk_Score,Productivity_Score,-0.4477769951247873,8000
Depression_Risk_Score,Focus_Concentration_Score,-0.2840059247569947,8000
Depression_Risk_Score,Life_Satisfaction_Score,-0.6098696474709908,8000
Depression_Risk_Score,Sleep_Quality_Score,-0.47450641083049844,8000
Productivity_Score,Age,-0.006204234818978639,8000
Productivity_Score,Height_cm,0.006382518266014532,8000
Productivity_Score,Weight_kg,0.006211533876627067,8000
Productivity_Score,BMI,0.002554337780373589,8000
Productivity_Score,Exercise_Frequency_Per_Week,0.3673852870738812,8000
Productivity_Score,Exercise_Duration_Minutes,0.10664416324946265,8000
Productivity_Score,Daily_Steps,0.29492964845097686,8000
Productivity_Score,Daily_Calorie_Intake,0.18240311392221267,8000
Productivity_Score,Water_Intake_Liters,0.21880790208727824,8000
Productivity_Score,Fruit_Intake_Per_Day,-0.008500984589857949,8000
Productivity_Score,Vegetable_Intake_Per_Day,-0.009277166695449441,8000
Productivity_Score,Protein_Intake_Grams,0.21166723920004327,8000
Productivity_Score,Sugary_Drinks_Per_Week,-0.01894911215361112,8000
Productivity_Score,Fast_Food_Meals_Per_Week,0.007206850545013526,8000
Productivity_Score,Breakfast_Regularity_Score,0.11911602466935309,8000
Productivity_Score,Stress_Level,-0.40955038842516234,8000
Productivity_Score,Working_Hours_Per_Day,-0.03474816857810976,8000
Productivity_Score,Sitting_Hours_Per_Day,-0.03565425714359114,8000
Productivity_Score,Outdoor_Time_Hours,0.1751893339957657,8000
Productivity_Score,Social_Interaction_Score,0.08485046659936506,8000
Productivity_Score,Resting_Heart_Rate,-0.13954220924285982,8000
Productivity_Score,Systolic_BP,-0.06732292183385977,8000
Productivity_Score,Diastolic_BP,-0.05841977930278993,8000
Productivity_Score,Cholesterol_Level,-0.041297669568599794,8000
Productivity_Score,Blood_Sugar_Level,0.0025379096664981103,8000
Productivity_Score,Energy_Level_Score,0.5967412069938259,8000
Productivity_Score,Fatigue_Level_Score,-0.5389858381365541,8000
Productivity_Score,Immune_Health_Score,0.15865190367987403,8000
Productivity_Score,Mood_Score,0.5135725192076742,8000
Productivity_Score,Anxiety_Score,-0.4683275869278329,8000
Productivity_Score,Depression_Risk_Score,-0.4477769951247873,8000
Productivity_Score,Productivity_Score,1.0,8000
Productivity_Score,Focus_Concentration_Score,0.32296456374380983,8000
Productivity_Score,Life_Satisfaction_Score,0.42280437979975516,8000
Productivity_Score,Sleep_Quality_Score,0.5120489987152027,8000
Focus_Concentration_Score,Age,0.004745913391894934,8000
Focus_Concentration_Score,Height_cm,0.019108541381208072,8000
Focus_Concentration_Score,Weight_kg,0.005233385139478089,8000
Focus_Concentration_Score,BMI,-0.00688761089423423,8000
Focus_Concentration_Score,Exercise_Frequency_Per_Week,0.2883191725938691,8000
Focus_Concentration_Score,Exercise_Duration_Minutes,0.06416446968584133,8000
Focus_Concentration_Score,Daily_Steps,0.24284991716654555,8000
Focus_Concentration_Score,Daily_Calorie_Intake,0.12651014693040868,8000
Focus_Concentration_Score,Water_Intake_Liters,0.19244639184204948,8000
Focus_Concentration_Score,Fruit_Intake_Per_Day,-0.009148778760555329,8000
Focus_Concentration_Score,Vegetable_Intake_Per_Day,0.004261315448322291,8000
Focus_Concentration_Score,Protein_Intake_Grams,0.1770480078835188,8000
Focus_Concentration_Score,Sugary_Drinks_Per_Week,-0.022999939267117277,8000
Focus_Concentration_Score,Fast_Food_Meals_Per_Week,-0.007002896560875731,8000
Focus_Concentration_Score,Breakfast_Regularity_Score,0.017029686154022367,8000
Focus_Concentration_Score,Stress_Level,-0.15777747537027342,8000
Focus_Concentration_Score,Working_Hours_Per_Day,-0.01459876220353399,8000
Focus_Concentration_Score,Sitting_Hours_Per_Day,-0.012691203392475182,8000
Focus_Concentration_Score,Outdoor_Time_Hours,0.12189102980102372,8000
Focus_Concentration_Score,Social_Interaction_Score,0.034732335733837716,8000
Focus_Concentration_Score,Resting_Heart_Rate,-0.10876394962059574,8000
Focus_Concentration_Score,Systolic_BP,-0.022928734616713426,8000
Focus_Concentration_Score,Diastolic_BP,-0.011794642393177074,8000
Focus_Concentration_Score,Cholesterol_Level,-0.048710105090299695,8000
Focus_Concentration_Score,Blood_Sugar_Level,-0.0030438933688767328,8000
Focus_Concentration_Score,Energy_Level_Score,0.35205313042188835,8000
Focus_Concentration_Score,Fatigue_Level_Score,-0.4075133911169529,8000
Focus_Concentration_Score,Immune_Health_Score,0.1349707423544501,8000
Focus_Concentration_Score,Mood_Score,0.37040508043509884,8000
Focus_Concentration_Score,Anxiety_Score,-0.3396500359296293,8000
Focus_Concentration_Score,Depression_Risk_Score,-0.2840059247569947,8000
Focus_Concentration_Score,Productivity_Score,0.32296456374380983,8000
Focus_Concentration_Score,Focus_Concentration_Score,1.0,8000
Focus_Concentration_Score,Life_Satisfaction_Score,0.2563280228478392,8000
Focus_Concentration_Score,Sleep_Quality_Score,0.42061820045956655,8000
Life_Satisfaction_Score,Age,0.005886652830202375,8000
Life_Satisfaction_Score,Height_cm,0.022296929771452968,8000
Life_Satisfaction_Score,Weight_kg,0.01143662438195613,8000
Life_Satisfaction_Score,BMI,0.0023786435574600787,8000
Life_Satisfaction_Score,Exercise_Frequency_Per_Week,0.3477125272710953,8000
Life_Satisfaction_Score,Exercise_Duration_Minutes,0.10181691029531854,8000
Life_Satisfaction_Score,Daily_Steps,0.28821957159135,8000
Life_Satisfaction_Score,Daily_Calorie_Intake,0.17292047062430785,8000
Life_Satisfaction_Score,Water_Intake_Liters,0.20788027933800052,8000
Life_Satisfaction_Score,Fruit_Intake_Per_Day,-0.019351503109706056,8000
Life_Satisfaction_Score,Vegetable_Intake_Per_Day,0.008115880036593508,8000
Life_Satisfaction_Score,Protein_Intake_Grams,0.2074418443058741,8000
Life_Satisfaction_Score,Sugary_Drinks_Per_Week,-0.00029428785486364977,8000
Life_Satisfaction_Score,Fast_Food_Meals_Per_Week,0.023896905210909355,8000
Life_Satisfaction_Score,Breakfast_Regularity_Score,0.016930899966692288,8000
Life_Satisfaction_Score,Stress_Level,-0.6137066446670055,8000
Life_Satisfaction_Score,Working_Hours_Per_Day,0.009586864192219737,8000
Life_Satisfaction_Score,Sitting_Hours_Per_Day,0.009947498230963527,8000
Life_Satisfaction_Score,Outdoor_Time_Hours,0.15589618443053033,8000
Life_Satisfaction_Score,Social_Interaction_Score,0.40692614791271287,8000
Life_Satisfaction_Score,Resting_Heart_Rate,-0.11813382205407533,8000
Life_Satisfaction_Score,Systolic_BP,-0.08204412636681548,8000
Life_Satisfaction_Score,Diastolic_BP,-0.07476717304649626,8000
Life_Satisfaction_Score,Cholesterol_Level,-0.03176406750309996,8000
Life_Satisfaction_Score,Blood_Sugar_Level,0.016431206959011055,8000
Life_Satisfaction_Score,Energy_Level_Score,0.5076113113558686,8000
Life_Satisfaction_Score,Fatigue_Level_Score,-0.435803776837429,8000
Life_Satisfaction_Score,Immune_Health_Score,0.14505758957886347,8000
Life_Satisfaction_Score,Mood_Score,0.7070073189011381,8000
Life_Satisfaction_Score,Anxiety_Score,-0.590225438588259,8000
Life_Satisfaction_Score,Depression_Risk_Score,-0.6098696474709908,8000
Life_Satisfaction_Score,Productivity_Score,0.42280437979975516,8000
Life_Satisfaction_Score,Focus_Concentration_Score,0.2563280228478392,8000
Life_Satisfaction_Score,Life_Satisfaction_Score,1.0,8000
Life_Satisfaction_Score,Sleep_Quality_Score,0.3474057128824102,8000
Sleep_Quality_Score,Age,-0.0025347232391914254,8000
Sleep_Quality_Score,Height_cm,0.003680606377447063,8000
Sleep_Quality_Score,Weight_kg,0.0037196646761091918,8000
Sleep_Quality_Score,BMI,0.002303272313978922,8000
Sleep_Quality_Score,Exercise_Frequency_Per_Week,0.011120008074608449,8000
Sleep_Quality_Score,Exercise_Duration_Minutes,-0.0057929604406904275,8000
Sleep_Quality_Score,Daily_Steps,0.012101385417989004,8000
Sleep_Quality_Score,Daily_Calorie_Intake,0.01224024414557158,8000
Sleep_Quality_Score,Water_Intake_Liters,0.02038830949810107,8000
Sleep_Quality_Score,Fruit_Intake_Per_Day,-0.0004386115916066149,8000
Sleep_Quality_Score,Vegetable_Intake_Per_Day,-0.0027271033362146037,8000
Sleep_Quality_Score,Protein_Intake_Grams,0.012562166307283467,8000
Sleep_Quality_Score,Sugary_Drinks_Per_Week,-0.004430900023023882,8000
Sleep_Quality_Score,Fast_Food_Meals_Per_Week,0.012886522887114015,8000
Sleep_Quality_Score,Breakfast_Regularity_Score,0.056529037066032475,8000
Sleep_Quality_Score,Stress_Level,-0.39257471523205095,8000
Sleep_Quality_Score,Working_Hours_Per_Day,-0.007280539832465574,8000
Sleep_Quality_Score,Sitting_Hours_Per_Day,-0.014799417331101178,8000
Sleep_Quality_Score,Outdoor_Time_Hours,-0.0029611402046036146,8000
Sleep_Quality_Score,Social_Interaction_Score,0.07588316193111946,8000
Sleep_Quality_Score,Resting_Heart_Rate,-0.0032995256961841947,8000
Sleep_Quality_Score,Systolic_BP,-0.061828953226100596,8000
Sleep_Quality_Score,Diastolic_BP,-0.05067066170379561,8000
Sleep_Quality_Score,Cholesterol_Level,-0.008089919259492572,8000
Sleep_Quality_Score,Blood_Sugar_Level,0.018766865242885317,8000
Sleep_Quality_Score,Energy_Level_Score,0.5042966739602894,8000
Sleep_Quality_Score,Fatigue_Level_Score,-0.615293325338554,8000
Sleep_Quality_Score,Immune_Health_Score,0.014699383988681957,8000
Sleep_Quality_Score,Mood_Score,0.5709508730400229,8000
Sleep_Quality_Score,Anxiety_Score,-0.4650755416666634,8000
Sleep_Quality_Score,Depression_Risk_Score,-0.47450641083049844,8000
Sleep_Quality_Score,Productivity_Score,0.5120489987152027,8000
Sleep_Quality_Score,Focus_Concentration_Score,0.42061820045956655,8000
Sleep_Quality_Score,Life_Satisfaction_Score,0.3474057128824102,8000
Sleep_Quality_Score,Sleep_Quality_Score,1.0,8000
