rank,feature,mean_r2_drop,sd_five_fold_means,min_fold_mean,max_fold_mean,folds,repeats_per_fold,data_scope
1,Exercise_Frequency_Per_Week,0.4926472747556205,0.01820810552005921,0.46506046710422116,0.5143927086873356,5,10,development_validation_folds
2,Stress_Level,0.3296159480682097,0.015028294948865073,0.30591713047009267,0.3465388983956688,5,10,development_validation_folds
3,Mood_Score,0.31555495114140547,0.008907721911530254,0.30181004390622823,0.32609136505549824,5,10,development_validation_folds
4,Fatigue_Level_Score,0.16984394151950408,0.008257390844493765,0.15995937127369247,0.17881753996066116,5,10,development_validation_folds
5,Anxiety_Score,0.11851503438291144,0.005127395169023707,0.11203759204911527,0.12569552078777563,5,10,development_validation_folds
6,Productivity_Score,0.09063900099913438,0.002994000445375462,0.08568818107228365,0.09328100106597627,5,10,development_validation_folds
7,Focus_Concentration_Score,0.08046902325489,0.0028727611088035392,0.07660893696215777,0.08402548633043794,5,10,development_validation_folds
8,Meditation_Practice,0.07692261171407869,0.003962258485220112,0.07251267390245625,0.0827308232351126,5,10,development_validation_folds
9,Depression_Risk_Score,0.04539274043114182,0.0029455873849230877,0.04052487962142763,0.04834043911325851,5,10,development_validation_folds
10,Energy_Level_Score,0.020326683433799526,0.0027301216484953692,0.017385396473389526,0.023982838379176964,5,10,development_validation_folds
11,Social_Interaction_Score,0.018862954118263074,0.002090931269063576,0.016073015312818507,0.02081107019723257,5,10,development_validation_folds
12,Weight_kg,0.0042639185690456815,0.004066903658748646,0.00018643916764792267,0.010211590201534393,5,10,development_validation_folds
13,Working_Hours_Per_Day,0.002838578749070162,0.0015709956306416864,0.0013130457463898515,0.005118817396688213,5,10,development_validation_folds
14,BMI,0.0025641511039826833,0.002436265679371265,-1.0383013574077892e-05,0.0061999539521596534,5,10,development_validation_folds
15,Sitting_Hours_Per_Day,0.0015552071437760142,0.00044233475675383533,0.0008435560944320963,0.002000024894284036,5,10,development_validation_folds
16,Workout_Intensity,0.0014299754899253705,0.00038609916534717046,0.0010101465060215697,0.0020472923468073277,5,10,development_validation_folds
17,Daily_Steps,0.0014227757004988684,0.0007258580510257956,0.000321654506633573,0.0020788954095319447,5,10,development_validation_folds
18,Exercise_Type,0.000809224278291345,0.0003938571233254179,0.00033465189031163246,0.0012815906531669975,5,10,development_validation_folds
19,Height_cm,0.0006284024143723887,0.0014319333290836798,-0.0007372380374670029,0.0029520726122898465,5,10,development_validation_folds
20,Diabetes_Risk,0.000501627505861506,0.0002139959149724976,0.0001254619040450211,0.0006428714739600494,5,10,development_validation_folds
21,Blood_Sugar_Level,0.00030816736627290906,0.0005633065367720555,-0.00041375996326953324,0.0008980958391932136,5,10,development_validation_folds
22,Country,0.00023970728547983766,0.0007952636132084915,-0.0007400553389261821,0.0012890133574961049,5,10,development_validation_folds
23,Water_Intake_Liters,0.0002173406878600126,0.0001666529838483944,-3.506373495842929e-06,0.0003812771302376783,5,10,development_validation_folds
24,Life_Satisfaction_Score,0.00020199878986565167,0.0003222806768268229,1.2758917182664753e-05,0.0007762277445991673,5,10,development_validation_folds
25,Cardiovascular_Risk,0.00018786043823147745,0.0005909199820188282,-0.00039736372259738804,0.0011807833460762863,5,10,development_validation_folds
26,Systolic_BP,0.00016305286625832637,0.0004028772543105755,-8.897410591122146e-05,0.0008796943701332771,5,10,development_validation_folds
27,Hypertension_Risk,0.00014088104188596741,0.00029482958198290147,-0.00018374178276908681,0.0006052363812759865,5,10,development_validation_folds
28,Alcohol_Consumption,0.0001376164835628191,0.00034321077041324973,-0.00038038441292487235,0.00047602928387614486,5,10,development_validation_folds
29,Fruit_Intake_Per_Day,0.00010312830883356882,5.98674310033351e-05,3.944836667491014e-05,0.00017673387541290443,5,10,development_validation_folds
30,Sugary_Drinks_Per_Week,1.1293139125514439e-05,7.416278894919415e-05,-7.297078684826985e-05,9.812138821919669e-05,5,10,development_validation_folds
31,Immune_Health_Score,5.559028688295609e-06,8.398181582606243e-05,-0.00014029842180334206,6.9284283155846e-05,5,10,development_validation_folds
32,Marital_Status,2.012709110150721e-06,9.242334198508265e-05,-0.00014686964555877814,8.893682248505286e-05,5,10,development_validation_folds
33,Age,-8.658778182988325e-06,0.0001212880288211287,-0.0001695495641068634,0.00017077683831508982,5,10,development_validation_folds
34,Diastolic_BP,-8.707717605116461e-06,0.00017678391390143195,-0.0002612011401975867,0.00020301407402472104,5,10,development_validation_folds
35,Gym_Member,-2.9188680502905127e-05,3.902524674189622e-05,-9.505544527407261e-05,-1.6561118349578408e-06,5,10,development_validation_folds
36,Outdoor_Time_Hours,-3.8742149193324866e-05,9.740247111919076e-05,-0.0002051843634956585,5.2575949002786616e-05,5,10,development_validation_folds
37,Resting_Heart_Rate,-3.98429844385606e-05,0.000123164087994005,-0.00025564635119040835,5.000773654234569e-05,5,10,development_validation_folds
38,Breakfast_Regularity_Score,-4.940229137657681e-05,7.255686862062875e-05,-0.0001484931509782017,2.385131285467246e-05,5,10,development_validation_folds
39,Fast_Food_Meals_Per_Week,-5.325040565349327e-05,0.00019070777430136017,-0.0003746142382030082,0.00010966693967355834,5,10,development_validation_folds
40,Gender,-5.8183557622195626e-05,0.00010945946673337056,-0.0001898865654410331,6.902161301859388e-05,5,10,development_validation_folds
41,Daily_Calorie_Intake,-6.534401077374686e-05,0.00018786972420399475,-0.0002715025667444193,0.00014407876322882762,5,10,development_validation_folds
42,Protein_Intake_Grams,-6.953770767302638e-05,0.00012577057068468507,-0.0002924589581957182,4.568606107402396e-06,5,10,development_validation_folds
43,Vegetable_Intake_Per_Day,-7.776904439340094e-05,0.00012052085081301758,-0.0002907609194140015,-4.883281638490278e-06,5,10,development_validation_folds
44,Cholesterol_Level,-0.00010600754169156623,0.000188412994478847,-0.00039364791472759066,3.329920781663942e-05,5,10,development_validation_folds
45,Obesity_Risk,-0.00011402522784294654,0.00011071498286805293,-0.00025207329742650276,1.2408885898129718e-05,5,10,development_validation_folds
46,Occupation,-0.0003011609725340114,0.0005702029853543862,-0.0008000077281178242,0.0006846269314946141,5,10,development_validation_folds
47,Exercise_Duration_Minutes,-0.00032362949337883196,0.00032348775152413417,-0.000681716330519011,1.9379628677540506e-05,5,10,development_validation_folds
48,Smoking_Status,-0.0005090105439729876,0.0005081381459717137,-0.001372122650071772,-0.00013337194105201845,5,10,development_validation_folds
