feature,fold,r2_drop
Age,1,2.1091139927986722e-06
Gender,1,-0.0001898865654410331
Height_cm,1,0.0009156819826121598
Weight_kg,1,0.00545994253988803
BMI,1,0.0061999539521596534
Country,1,-9.981660780419288e-05
Occupation,1,-0.00048227951273547285
Marital_Status,1,8.893682248505286e-05
Exercise_Frequency_Per_Week,1,0.48725184803072885
Exercise_Duration_Minutes,1,-0.00010356185517061967
Exercise_Type,1,0.0010430870227854272
Daily_Steps,1,0.0020788954095319447
Workout_Intensity,1,0.0013861342806657851
Gym_Member,1,-2.1853101581759125e-06
Daily_Calorie_Intake,1,0.00014407876322882762
Water_Intake_Liters,1,-3.506373495842929e-06
Fruit_Intake_Per_Day,1,0.00015580388701595947
Vegetable_Intake_Per_Day,1,-4.398116739928737e-05
Protein_Intake_Grams,1,-4.136063153855618e-05
Sugary_Drinks_Per_Week,1,-4.144512386495824e-05
Fast_Food_Meals_Per_Week,1,-7.009092984596731e-05
Breakfast_Regularity_Score,1,-6.0402444625207165e-05
Smoking_Status,1,-0.001372122650071772
Alcohol_Consumption,1,5.1190110803156495e-05
Stress_Level,1,0.3370056837901097
Working_Hours_Per_Day,1,0.003705729676648295
Sitting_Hours_Per_Day,1,0.001763117981865381
Outdoor_Time_Hours,1,-0.0002051843634956585
Social_Interaction_Score,1,0.01932626830830565
Meditation_Practice,1,0.0827308232351126
Resting_Heart_Rate,1,-0.00025564635119040835
Systolic_BP,1,6.121420914007025e-06
Diastolic_BP,1,-1.8141919992653576e-05
Cholesterol_Level,1,2.5773298920728214e-06
Blood_Sugar_Level,1,0.0004361155025188079
Energy_Level_Score,1,0.02135910396292372
Fatigue_Level_Score,1,0.1748373510170324
Immune_Health_Score,1,4.260732909167064e-05
Mood_Score,1,0.31657899940746664
Anxiety_Score,1,0.11598696801575059
Depression_Risk_Score,1,0.046692524159844026
Productivity_Score,1,0.09017358969409167
Focus_Concentration_Score,1,0.07660893696215777
Life_Satisfaction_Score,1,8.636867589606467e-05
Obesity_Risk,1,1.2408885898129718e-05
Hypertension_Risk,1,0.00018472585189004408
Diabetes_Risk,1,0.000621110479671405
Cardiovascular_Risk,1,0.00012513460869568728
Age,2,0.00017077683831508982
Gender,2,6.902161301859388e-05
Height_cm,2,-0.00019348578524539529
Weight_kg,2,0.0007274543933746491
BMI,2,-1.0383013574077892e-05
Country,2,0.0012890133574961049
Occupation,2,0.0006846269314946141
Marital_Status,2,-1.4757348451699404e-05
Exercise_Frequency_Per_Week,2,0.5143927086873356
Exercise_Duration_Minutes,2,-0.000681716330519011
Exercise_Type,2,0.00033465189031163246
Daily_Steps,2,0.000321654506633573
Workout_Intensity,2,0.0010101465060215697
Gym_Member,2,-1.3472628887023497e-05
Daily_Calorie_Intake,2,-8.036126742323457e-05
Water_Intake_Liters,2,0.0003812771302376783
Fruit_Intake_Per_Day,2,3.944836667491014e-05
Vegetable_Intake_Per_Day,2,-0.0002907609194140015
Protein_Intake_Grams,2,-1.210164045822859e-05
Sugary_Drinks_Per_Week,2,7.712864580373679e-05
Fast_Food_Meals_Per_Week,2,-0.0003746142382030082
Breakfast_Regularity_Score,2,2.385131285467246e-05
Smoking_Status,2,-0.00048231836794121463
Alcohol_Consumption,2,0.00047602928387614486
Stress_Level,2,0.32876967087720227
Working_Hours_Per_Day,2,0.001654682802339369
Sitting_Hours_Per_Day,2,0.0014555032547374446
Outdoor_Time_Hours,2,5.2575949002786616e-05
Social_Interaction_Score,2,0.020728926176949047
Meditation_Practice,2,0.07486852832858225
Resting_Heart_Rate,2,1.5441082964307018e-05
Systolic_BP,2,0.0008796943701332771
Diastolic_BP,2,-0.0002612011401975867
Cholesterol_Level,2,-0.00039364791472759066
Blood_Sugar_Level,2,-0.00012780465677405539
Energy_Level_Score,2,0.017385396473389526
Fatigue_Level_Score,2,0.17881753996066116
Immune_Health_Score,2,6.9284283155846e-05
Mood_Score,2,0.32609136505549824
Anxiety_Score,2,0.11808821586059497
Depression_Risk_Score,2,0.04052487962142763
Productivity_Score,2,0.09163844055396062
Focus_Concentration_Score,2,0.07889973322340729
Life_Satisfaction_Score,2,0.0007762277445991673
Obesity_Risk,2,-0.00018803563405163094
Hypertension_Risk,2,-0.00018374178276908681
Diabetes_Risk,2,0.0005395054037308
Cardiovascular_Risk,2,0.0011807833460762863
Age,3,-3.3673539979717225e-05
Gender,3,4.126771826650222e-05
Height_cm,3,0.00020498129967233547
Weight_kg,3,0.00018643916764792267
BMI,3,0.0010328391987368458
Country,3,-2.347182148321192e-05
Occupation,3,-0.0004411834970105999
Marital_Status,3,-0.00014686964555877814
Exercise_Frequency_Per_Week,3,0.4982891439496546
Exercise_Duration_Minutes,3,1.9379628677540506e-05
Exercise_Type,3,0.0009062580592656078
Daily_Steps,3,0.0010562296478407785
Workout_Intensity,3,0.0020472923468073277
Gym_Member,3,-1.6561118349578408e-06
Daily_Calorie_Intake,3,-0.00022458305654505796
Water_Intake_Liters,3,8.827553612699157e-05
Fruit_Intake_Per_Day,3,6.378560288098357e-05
Vegetable_Intake_Per_Day,3,-6.8641599635599345e-06
Protein_Intake_Grams,3,-0.0002924589581957182
Sugary_Drinks_Per_Week,3,-7.297078684826985e-05
Fast_Food_Meals_Per_Week,3,3.168431839793984e-05
Breakfast_Regularity_Score,3,-8.134928490941551e-05
Smoking_Status,3,-0.0004198261937911174
Alcohol_Consumption,3,0.0004214133277235188
Stress_Level,3,0.3465388983956688
Working_Hours_Per_Day,3,0.0013130457463898515
Sitting_Hours_Per_Day,3,0.002000024894284036
Outdoor_Time_Hours,3,-1.4905484116223277e-05
Social_Interaction_Score,3,0.01737549059600959
Meditation_Practice,3,0.07564104537823346
Resting_Heart_Rate,3,1.0982802905301626e-05
Systolic_BP,3,1.8848984412711543e-05
Diastolic_BP,3,-7.044328988494719e-05
Cholesterol_Level,3,3.0644005246649456e-05
Blood_Sugar_Level,3,0.0008980958391932136
Energy_Level_Score,3,0.017840088748260763
Fatigue_Level_Score,3,0.15995937127369247
Immune_Health_Score,3,1.2486524027499613e-05
Mood_Score,3,0.3192945280642975
Anxiety_Score,3,0.12076687520132072
Depression_Risk_Score,3,0.04834043911325851
Productivity_Score,3,0.08568818107228365
Focus_Concentration_Score,3,0.08219470625248856
Life_Satisfaction_Score,3,7.874879962339598e-05
Obesity_Risk,3,-0.00012043229700032798
Hypertension_Risk,3,-1.3833710852884095e-05
Diabetes_Risk,3,0.0005791882679002547
Cardiovascular_Risk,3,-3.4248569150074903e-05
Age,4,-0.0001695495641068634
Gender,4,-0.00010554261951744026
Height_cm,4,-0.0007372380374670029
Weight_kg,4,0.004734166542783413
BMI,4,0.0019509725013344026
Country,4,0.0007728668381166703
Occupation,4,-0.0004669610563007742
Marital_Status,4,6.446616565188856e-05
Exercise_Frequency_Per_Week,4,0.4982422060061621
Exercise_Duration_Minutes,4,-0.0006533420391195089
Exercise_Type,4,0.00048053376592706033
Daily_Steps,4,0.0018078374766749227
Workout_Intensity,4,0.0014654644106157134
Gym_Member,4,-3.357390636029578e-05
Daily_Calorie_Intake,4,-0.0002715025667444193
Water_Intake_Liters,4,0.0002830066093801986
Fruit_Intake_Per_Day,4,7.986981218308654e-05
Vegetable_Intake_Per_Day,4,-4.235569355166557e-05
Protein_Intake_Grams,4,-6.335914280031218e-06
Sugary_Drinks_Per_Week,4,-4.3684276821331915e-06
Fast_Food_Meals_Per_Week,4,0.00010966693967355834
Breakfast_Regularity_Score,4,1.9382110775267857e-05
Smoking_Status,4,-0.00013337194105201845
Alcohol_Consumption,4,-0.00038038441292487235
Stress_Level,4,0.30591713047009267
Working_Hours_Per_Day,4,0.002400618123285081
Sitting_Hours_Per_Day,4,0.0017138334935611122
Outdoor_Time_Hours,4,-1.65314865933075e-05
Social_Interaction_Score,4,0.016073015312818507
Meditation_Practice,4,0.07251267390245625
Resting_Heart_Rate,4,-2.0000193414349e-05
Systolic_BP,4,-8.897410591122146e-05
Diastolic_BP,4,0.00010323368802488409
Cholesterol_Level,4,-0.00020291033668560222
Blood_Sugar_Level,4,0.0007481901096961119
Energy_Level_Score,4,0.023982838379176964
Fatigue_Level_Score,4,0.16226916463418786
Immune_Health_Score,4,4.371542896980385e-05
Mood_Score,4,0.313999819273537
Anxiety_Score,4,0.12569552078777563
Depression_Risk_Score,4,0.046171475981157596
Productivity_Score,4,0.09328100106597627
Focus_Concentration_Score,4,0.08402548633043794
Life_Satisfaction_Score,4,1.2758917182664753e-05
Obesity_Risk,4,-2.1993796634400818e-05
Hypertension_Risk,4,0.0006052363812759865
Diabetes_Risk,4,0.0001254619040450211
Cardiovascular_Risk,4,6.499652813287681e-05
Age,5,-1.2956739136249506e-05
Gender,5,-0.00010577793443760087
Height_cm,5,0.0029520726122898465
Weight_kg,5,0.010211590201534393
BMI,5,0.003647372881256594
Country,5,-0.0007400553389261821
Occupation,5,-0.0008000077281178242
Marital_Status,5,1.8287551424289727e-05
Exercise_Frequency_Per_Week,5,0.46506046710422116
Exercise_Duration_Minutes,5,-0.00019890687076256074
Exercise_Type,5,0.0012815906531669975
Daily_Steps,5,0.0018492614618131232
Workout_Intensity,5,0.0012408399055164553
Gym_Member,5,-9.505544527407261e-05
Daily_Calorie_Intake,5,0.00010564807361514993
Water_Intake_Liters,5,0.0003376505370510374
Fruit_Intake_Per_Day,5,0.00017673387541290443
Vegetable_Intake_Per_Day,5,-4.883281638490278e-06
Protein_Intake_Grams,5,4.568606107402396e-06
Sugary_Drinks_Per_Week,5,9.812138821919669e-05
Fast_Food_Meals_Per_Week,5,3.7101881710011056e-05
Breakfast_Regularity_Score,5,-0.0001484931509782017
Smoking_Status,5,-0.00013741356700881503
Alcohol_Consumption,5,0.00011983410833614761
Stress_Level,5,0.3298483568079752
Working_Hours_Per_Day,5,0.005118817396688213
Sitting_Hours_Per_Day,5,0.0008435560944320963
Outdoor_Time_Hours,5,-9.665360764221642e-06
Social_Interaction_Score,5,0.02081107019723257
Meditation_Practice,5,0.07885998772600884
Resting_Heart_Rate,5,5.000773654234569e-05
Systolic_BP,5,-4.2633825714233353e-07
Diastolic_BP,5,0.00020301407402472104
Cholesterol_Level,5,3.329920781663942e-05
Blood_Sugar_Level,5,-0.00041375996326953324
Energy_Level_Score,5,0.021065989605246648
Fatigue_Level_Score,5,0.1733362807119466
Immune_Health_Score,5,-0.00014029842180334206
Mood_Score,5,0.30181004390622823
Anxiety_Score,5,0.11203759204911527
Depression_Risk_Score,5,0.04523438328002134
Productivity_Score,5,0.09241379260935972
Focus_Concentration_Score,5,0.08061625350595844
Life_Satisfaction_Score,5,5.588981202696575e-05
Obesity_Risk,5,-0.00025207329742650276
Hypertension_Risk,5,0.00011201846988577735
Diabetes_Risk,5,0.0006428714739600494
Cardiovascular_Risk,5,-0.00039736372259738804
