fold,feature,max_abs_prediction_difference
1,Age,1.7763568394002505e-15
1,Gender,1.7763568394002505e-15
1,Height_cm,1.7763568394002505e-15
1,Weight_kg,1.7763568394002505e-15
1,BMI,1.7763568394002505e-15
1,Country,3.552713678800501e-15
1,Occupation,1.7763568394002505e-15
1,Marital_Status,1.7763568394002505e-15
1,Exercise_Frequency_Per_Week,1.7763568394002505e-15
1,Exercise_Duration_Minutes,3.552713678800501e-15
1,Exercise_Type,1.7763568394002505e-15
1,Daily_Steps,1.7763568394002505e-15
1,Workout_Intensity,1.7763568394002505e-15
1,Gym_Member,1.7763568394002505e-15
1,Daily_Calorie_Intake,1.7763568394002505e-15
1,Water_Intake_Liters,1.7763568394002505e-15
1,Fruit_Intake_Per_Day,3.552713678800501e-15
1,Vegetable_Intake_Per_Day,1.7763568394002505e-15
1,Protein_Intake_Grams,3.552713678800501e-15
1,Sugary_Drinks_Per_Week,3.552713678800501e-15
1,Fast_Food_Meals_Per_Week,1.7763568394002505e-15
1,Breakfast_Regularity_Score,1.7763568394002505e-15
1,Smoking_Status,1.7763568394002505e-15
1,Alcohol_Consumption,1.7763568394002505e-15
1,Stress_Level,3.552713678800501e-15
1,Working_Hours_Per_Day,1.7763568394002505e-15
1,Sitting_Hours_Per_Day,1.7763568394002505e-15
1,Outdoor_Time_Hours,1.7763568394002505e-15
1,Social_Interaction_Score,1.7763568394002505e-15
1,Meditation_Practice,1.7763568394002505e-15
1,Resting_Heart_Rate,1.7763568394002505e-15
1,Systolic_BP,1.7763568394002505e-15
1,Diastolic_BP,1.7763568394002505e-15
1,Cholesterol_Level,1.7763568394002505e-15
1,Blood_Sugar_Level,1.7763568394002505e-15
1,Energy_Level_Score,1.7763568394002505e-15
1,Fatigue_Level_Score,1.7763568394002505e-15
1,Immune_Health_Score,1.7763568394002505e-15
1,Mood_Score,1.7763568394002505e-15
1,Anxiety_Score,1.7763568394002505e-15
1,Depression_Risk_Score,1.7763568394002505e-15
1,Productivity_Score,1.7763568394002505e-15
1,Focus_Concentration_Score,1.7763568394002505e-15
1,Life_Satisfaction_Score,1.7763568394002505e-15
1,Obesity_Risk,1.7763568394002505e-15
1,Hypertension_Risk,3.552713678800501e-15
1,Diabetes_Risk,3.552713678800501e-15
1,Cardiovascular_Risk,1.7763568394002505e-15
2,Age,1.7763568394002505e-15
2,Gender,1.7763568394002505e-15
2,Height_cm,1.7763568394002505e-15
2,Weight_kg,3.552713678800501e-15
2,BMI,1.7763568394002505e-15
2,Country,1.7763568394002505e-15
2,Occupation,1.7763568394002505e-15
2,Marital_Status,1.7763568394002505e-15
2,Exercise_Frequency_Per_Week,3.552713678800501e-15
2,Exercise_Duration_Minutes,1.7763568394002505e-15
2,Exercise_Type,1.7763568394002505e-15
2,Daily_Steps,3.552713678800501e-15
2,Workout_Intensity,1.7763568394002505e-15
2,Gym_Member,1.7763568394002505e-15
2,Daily_Calorie_Intake,1.7763568394002505e-15
2,Water_Intake_Liters,1.7763568394002505e-15
2,Fruit_Intake_Per_Day,1.7763568394002505e-15
2,Vegetable_Intake_Per_Day,1.7763568394002505e-15
2,Protein_Intake_Grams,1.7763568394002505e-15
2,Sugary_Drinks_Per_Week,1.7763568394002505e-15
2,Fast_Food_Meals_Per_Week,1.7763568394002505e-15
2,Breakfast_Regularity_Score,3.552713678800501e-15
2,Smoking_Status,1.7763568394002505e-15
2,Alcohol_Consumption,1.7763568394002505e-15
2,Stress_Level,3.552713678800501e-15
2,Working_Hours_Per_Day,1.7763568394002505e-15
2,Sitting_Hours_Per_Day,1.7763568394002505e-15
2,Outdoor_Time_Hours,1.7763568394002505e-15
2,Social_Interaction_Score,1.7763568394002505e-15
2,Meditation_Practice,3.552713678800501e-15
2,Resting_Heart_Rate,1.7763568394002505e-15
2,Systolic_BP,1.7763568394002505e-15
2,Diastolic_BP,1.7763568394002505e-15
2,Cholesterol_Level,1.7763568394002505e-15
2,Blood_Sugar_Level,1.7763568394002505e-15
2,Energy_Level_Score,1.7763568394002505e-15
2,Fatigue_Level_Score,1.7763568394002505e-15
2,Immune_Health_Score,1.7763568394002505e-15
2,Mood_Score,1.7763568394002505e-15
2,Anxiety_Score,3.552713678800501e-15
2,Depression_Risk_Score,1.7763568394002505e-15
2,Productivity_Score,1.7763568394002505e-15
2,Focus_Concentration_Score,1.7763568394002505e-15
2,Life_Satisfaction_Score,1.7763568394002505e-15
2,Obesity_Risk,1.7763568394002505e-15
2,Hypertension_Risk,1.7763568394002505e-15
2,Diabetes_Risk,1.7763568394002505e-15
2,Cardiovascular_Risk,1.7763568394002505e-15
3,Age,1.7763568394002505e-15
3,Gender,1.7763568394002505e-15
3,Height_cm,1.7763568394002505e-15
3,Weight_kg,1.7763568394002505e-15
3,BMI,1.7763568394002505e-15
3,Country,1.7763568394002505e-15
3,Occupation,1.7763568394002505e-15
3,Marital_Status,1.7763568394002505e-15
3,Exercise_Frequency_Per_Week,1.7763568394002505e-15
3,Exercise_Duration_Minutes,1.7763568394002505e-15
3,Exercise_Type,1.7763568394002505e-15
3,Daily_Steps,1.7763568394002505e-15
3,Workout_Intensity,1.7763568394002505e-15
3,Gym_Member,1.7763568394002505e-15
3,Daily_Calorie_Intake,1.7763568394002505e-15
3,Water_Intake_Liters,1.7763568394002505e-15
3,Fruit_Intake_Per_Day,1.7763568394002505e-15
3,Vegetable_Intake_Per_Day,1.7763568394002505e-15
3,Protein_Intake_Grams,1.7763568394002505e-15
3,Sugary_Drinks_Per_Week,1.7763568394002505e-15
3,Fast_Food_Meals_Per_Week,1.7763568394002505e-15
3,Breakfast_Regularity_Score,1.7763568394002505e-15
3,Smoking_Status,1.7763568394002505e-15
3,Alcohol_Consumption,1.7763568394002505e-15
3,Stress_Level,1.7763568394002505e-15
3,Working_Hours_Per_Day,1.7763568394002505e-15
3,Sitting_Hours_Per_Day,1.7763568394002505e-15
3,Outdoor_Time_Hours,1.7763568394002505e-15
3,Social_Interaction_Score,1.7763568394002505e-15
3,Meditation_Practice,1.7763568394002505e-15
3,Resting_Heart_Rate,1.7763568394002505e-15
3,Systolic_BP,1.7763568394002505e-15
3,Diastolic_BP,1.7763568394002505e-15
3,Cholesterol_Level,1.7763568394002505e-15
3,Blood_Sugar_Level,1.7763568394002505e-15
3,Energy_Level_Score,1.7763568394002505e-15
3,Fatigue_Level_Score,1.7763568394002505e-15
3,Immune_Health_Score,1.7763568394002505e-15
3,Mood_Score,1.7763568394002505e-15
3,Anxiety_Score,1.7763568394002505e-15
3,Depression_Risk_Score,1.7763568394002505e-15
3,Productivity_Score,1.7763568394002505e-15
3,Focus_Concentration_Score,1.7763568394002505e-15
3,Life_Satisfaction_Score,1.7763568394002505e-15
3,Obesity_Risk,1.7763568394002505e-15
3,Hypertension_Risk,1.7763568394002505e-15
3,Diabetes_Risk,1.7763568394002505e-15
3,Cardiovascular_Risk,1.7763568394002505e-15
4,Age,1.7763568394002505e-15
4,Gender,1.7763568394002505e-15
4,Height_cm,1.7763568394002505e-15
4,Weight_kg,1.7763568394002505e-15
4,BMI,1.7763568394002505e-15
4,Country,1.7763568394002505e-15
4,Occupation,3.552713678800501e-15
4,Marital_Status,1.7763568394002505e-15
4,Exercise_Frequency_Per_Week,1.7763568394002505e-15
4,Exercise_Duration_Minutes,1.7763568394002505e-15
4,Exercise_Type,3.552713678800501e-15
4,Daily_Steps,1.7763568394002505e-15
4,Workout_Intensity,1.7763568394002505e-15
4,Gym_Member,1.7763568394002505e-15
4,Daily_Calorie_Intake,1.7763568394002505e-15
4,Water_Intake_Liters,1.7763568394002505e-15
4,Fruit_Intake_Per_Day,1.7763568394002505e-15
4,Vegetable_Intake_Per_Day,1.7763568394002505e-15
4,Protein_Intake_Grams,1.7763568394002505e-15
4,Sugary_Drinks_Per_Week,1.7763568394002505e-15
4,Fast_Food_Meals_Per_Week,1.7763568394002505e-15
4,Breakfast_Regularity_Score,1.7763568394002505e-15
4,Smoking_Status,3.552713678800501e-15
4,Alcohol_Consumption,1.7763568394002505e-15
4,Stress_Level,3.552713678800501e-15
4,Working_Hours_Per_Day,1.7763568394002505e-15
4,Sitting_Hours_Per_Day,3.552713678800501e-15
4,Outdoor_Time_Hours,1.7763568394002505e-15
4,Social_Interaction_Score,1.7763568394002505e-15
4,Meditation_Practice,1.7763568394002505e-15
4,Resting_Heart_Rate,1.7763568394002505e-15
4,Systolic_BP,1.7763568394002505e-15
4,Diastolic_BP,3.552713678800501e-15
4,Cholesterol_Level,1.7763568394002505e-15
4,Blood_Sugar_Level,1.7763568394002505e-15
4,Energy_Level_Score,1.7763568394002505e-15
4,Fatigue_Level_Score,1.7763568394002505e-15
4,Immune_Health_Score,1.7763568394002505e-15
4,Mood_Score,1.7763568394002505e-15
4,Anxiety_Score,1.7763568394002505e-15
4,Depression_Risk_Score,1.7763568394002505e-15
4,Productivity_Score,1.7763568394002505e-15
4,Focus_Concentration_Score,1.7763568394002505e-15
4,Life_Satisfaction_Score,1.7763568394002505e-15
4,Obesity_Risk,1.7763568394002505e-15
4,Hypertension_Risk,1.7763568394002505e-15
4,Diabetes_Risk,1.7763568394002505e-15
4,Cardiovascular_Risk,1.7763568394002505e-15
5,Age,1.7763568394002505e-15
5,Gender,1.7763568394002505e-15
5,Height_cm,1.7763568394002505e-15
5,Weight_kg,1.7763568394002505e-15
5,BMI,3.552713678800501e-15
5,Country,1.7763568394002505e-15
5,Occupation,1.7763568394002505e-15
5,Marital_Status,1.7763568394002505e-15
5,Exercise_Frequency_Per_Week,1.7763568394002505e-15
5,Exercise_Duration_Minutes,3.552713678800501e-15
5,Exercise_Type,1.7763568394002505e-15
5,Daily_Steps,1.7763568394002505e-15
5,Workout_Intensity,1.7763568394002505e-15
5,Gym_Member,1.7763568394002505e-15
5,Daily_Calorie_Intake,3.552713678800501e-15
5,Water_Intake_Liters,1.7763568394002505e-15
5,Fruit_Intake_Per_Day,1.7763568394002505e-15
5,Vegetable_Intake_Per_Day,1.7763568394002505e-15
5,Protein_Intake_Grams,1.7763568394002505e-15
5,Sugary_Drinks_Per_Week,1.7763568394002505e-15
5,Fast_Food_Meals_Per_Week,1.7763568394002505e-15
5,Breakfast_Regularity_Score,1.7763568394002505e-15
5,Smoking_Status,1.7763568394002505e-15
5,Alcohol_Consumption,1.7763568394002505e-15
5,Stress_Level,3.552713678800501e-15
5,Working_Hours_Per_Day,1.7763568394002505e-15
5,Sitting_Hours_Per_Day,1.7763568394002505e-15
5,Outdoor_Time_Hours,1.7763568394002505e-15
5,Social_Interaction_Score,1.7763568394002505e-15
5,Meditation_Practice,1.7763568394002505e-15
5,Resting_Heart_Rate,1.7763568394002505e-15
5,Systolic_BP,1.7763568394002505e-15
5,Diastolic_BP,1.7763568394002505e-15
5,Cholesterol_Level,3.552713678800501e-15
5,Blood_Sugar_Level,1.7763568394002505e-15
5,Energy_Level_Score,1.7763568394002505e-15
5,Fatigue_Level_Score,1.7763568394002505e-15
5,Immune_Health_Score,1.7763568394002505e-15
5,Mood_Score,1.7763568394002505e-15
5,Anxiety_Score,1.7763568394002505e-15
5,Depression_Risk_Score,1.7763568394002505e-15
5,Productivity_Score,1.7763568394002505e-15
5,Focus_Concentration_Score,2.6645352591003757e-15
5,Life_Satisfaction_Score,1.7763568394002505e-15
5,Obesity_Risk,1.7763568394002505e-15
5,Hypertension_Risk,1.7763568394002505e-15
5,Diabetes_Risk,1.7763568394002505e-15
5,Cardiovascular_Risk,1.7763568394002505e-15
