feature,mean_abs_shap
Wake_Up_Minutes,0.158273781614717
Wake_Up_Cos,0.1358774751372267
Wake_Up_Sin,0.0649465093323967
Sleep_Time_Sin,0.0545703695822495
Sleep_Time_Minutes,0.0531873907542647
Productivity_Score,0.033103673816376
Sleep_Time_Cos,0.0200059221392058
Sleep_Duration_Hours,0.0133758325473701
Breakfast_Regularity_Score,0.0129591587047533
Morning_Workout_Yes,0.0084765679116491
Morning_Workout_No,0.0070953179766813
Sleep_Quality_Score,0.0044211634711911
Energy_Level_Score,0.0032366873764774
Fatigue_Level_Score,0.0018121165417417
Anxiety_Score,0.00133437874118
Sleep_Disorder_Risk_Low,0.0013159113388429
Mood_Score,0.0012818578436611
Exercise_Duration_Minutes,0.001279244409675
Sleep_Disorder_Risk_Medium,0.0012746623781468
Daily_Steps,0.0010991265991555
Water_Intake_Liters,0.0010872458121826
Outdoor_Time_Hours,0.0010461563948118
Focus_Concentration_Score,0.0010447023536663
Life_Satisfaction_Score,0.0010428637846346
Daily_Calorie_Intake,0.001016954817625
Height_cm,0.0009183926590851
Stress_Level,0.0009167741140493
Weight_kg,0.0008783328844532
Protein_Intake_Grams,0.0008691561932861
Working_Hours_Per_Day,0.000818333661476
Screen_Time_Before_Bed_Hours,0.0008130358432867
Sitting_Hours_Per_Day,0.0008037467460002
Blood_Sugar_Level,0.0007984086077436
Diastolic_BP,0.0007919785456408
Depression_Risk_Score,0.0007852720167158
Social_Interaction_Score,0.0007808358715957
Cholesterol_Level,0.0007789696453449
Weekend_Sleep_Difference_Hours,0.000755079682735
Systolic_BP,0.0007308717842556
Immune_Health_Score,0.0006984484391444
Exercise_Frequency_Per_Week,0.00068458658073
BMI,0.0006769984793646
Number_of_Night_Awakenings,0.0006767555018111
Resting_Heart_Rate,0.0006448018102474
Fast_Food_Meals_Per_Week,0.0006435406362913
Nap_Frequency_Per_Week,0.0005194555279926
Vegetable_Intake_Per_Day,0.0005126082132168
Age,0.0004831574026215
Fruit_Intake_Per_Day,0.0004474861568528
Sugary_Drinks_Per_Week,0.0004397779256098
Smoking_Status_Never,0.000311287934947
Diabetes_Risk_Low,0.0002409954456547
Alcohol_Consumption_Missing,0.0002353900662742
Exercise_Type_None,0.0002329141641508
Exercise_Type_Running,0.0002277929908596
Gym_Member_Yes,0.0002084392381431
Hypertension_Risk_High,0.0001964221929466
Gender_Male,0.0001944783321603
Occupation_Artist,0.0001931500117295
Meditation_Practice_No,0.0001925657454764
Exercise_Type_Cycling,0.0001802183675203
Exercise_Type_Walking,0.0001767537920676
Marital_Status_Married,0.0001757522933862
Cardiovascular_Risk_Low,0.0001756777021606
Smoking_Status_Current,0.0001674290974038
Alcohol_Consumption_Heavy,0.0001671286907564
Country_South Korea,0.0001668143989274
Obesity_Risk_Medium,0.0001667179230068
Workout_Intensity_Low,0.0001653137279116
Alcohol_Consumption_Moderate,0.000151086113499
Exercise_Type_Sports,0.0001504893686225
Meditation_Practice_Yes,0.0001490608296894
Occupation_Software Engineer,0.0001481477567706
Country_India,0.0001480758144854
Diabetes_Risk_Medium,0.000147105233009
Country_UK,0.0001462280739095
Marital_Status_Divorced,0.0001461383316383
Occupation_Manager,0.0001392799294642
Workout_Intensity_Moderate,0.0001355645500438
Cardiovascular_Risk_Medium,0.0001318001249313
Occupation_Entrepreneur,0.0001311984242293
Marital_Status_Single,0.0001235747576523
Hypertension_Risk_Medium,0.000119769563758
Workout_Intensity_High,0.0001160854454881
Obesity_Risk_High,0.0001152197426903
Occupation_Laborer,0.0001137099928286
Exercise_Type_HIIT,0.0001135090138992
Exercise_Type_Weight Training,0.0001089447742567
Country_Canada,0.0001081062789729
Alcohol_Consumption_Light,0.0001072154923196
Alcohol_Consumption_Unknown,0.0001067511163775
Gender_Female,0.0001030809440938
Gender_Non-binary,0.000101217387076
Gym_Member_No,0.0001009256819245
Country_USA,9.419176931497756e-05
Hypertension_Risk_Low,8.93354226062158e-05
Occupation_Doctor,8.806984484552096e-05
Workout_Intensity_None,8.685982586386632e-05
Country_Mexico,8.615880866274514e-05
Occupation_Freelancer,8.520923464568605e-05
Country_Italy,8.468502097077218e-05
Exercise_Type_Yoga,8.401039781679512e-05
Occupation_Student,8.155021450122061e-05
Occupation_Chef,7.62601764943073e-05
Country_Pakistan,7.411171474579285e-05
Country_Germany,7.058554538116638e-05
Smoking_Status_Former,6.993067742900767e-05
Country_Spain,6.289875381684951e-05
Country_Brazil,6.1931496234359e-05
Occupation_Athlete,6.112909109360701e-05
Obesity_Risk_Low,5.870421986656216e-05
Occupation_Teacher,5.757645729700869e-05
Occupation_Accountant,5.406436393964315e-05
Occupation_Lawyer,5.14789425483903e-05
Country_Australia,5.046376300311736e-05
Occupation_Retired,4.852360700682571e-05
Country_Nigeria,4.535263986976026e-05
Country_France,3.585419705078076e-05
Marital_Status_Widowed,3.446638023753455e-05
Diabetes_Risk_High,3.438651061853567e-05
Cardiovascular_Risk_High,3.399191936172224e-05
Sleep_Disorder_Risk_High,3.335705301213997e-05
Exercise_Type_Swimming,2.761497539622848e-05
Occupation_Nurse,2.64234316015442e-05
Country_Japan,2.448415273668274e-05
