Person_ID,Sleep_Quality_Score
P00001,5.9
P00002,5.5
P00003,8.4
P00004,4.6
P00005,6.1
P00006,4.3
P00008,4.6
P00009,5.5
P00010,4.2
P00011,4.1
P00012,3.7
P00013,6.4
P00014,8.5
P00015,8
P00017,6.4
P00019,8.4
P00020,6.2
P00021,6.8
P00022,6
P00023,8.3
P00024,6
P00025,5
P00026,5.8
P00027,6.4
P00028,6.1
P00030,7.6
P00031,5.4
P00032,5
P00033,7
P00034,6
P00035,5.3
P00036,5.8
P00037,7.1
P00038,6.3
P00039,5.5
P00040,6.2
P00041,6
P00042,8
P00043,7.4
P00044,7.3
P00047,3.5
P00049,8.6
P00051,4.4
P00052,3.9
P00053,4.5
P00054,6.3
P00055,5.1
P00056,8.4
P00057,8
P00058,4
P00060,5
P00061,7.5
P00062,6.9
P00063,5.9
P00064,7.3
P00066,7.4
P00067,7.1
P00068,6.4
P00069,5.2
P00070,3
P00071,2.3
P00072,5.2
P00073,8.8
P00075,6.2
P00076,4.4
P00077,6.1
P00079,7.1
P00081,6.8
P00082,6.9
P00083,8.4
P00084,4.9
P00085,6.2
P00086,6.5
P00087,5.1
P00088,4.9
P00089,8
P00090,7.1
P00091,5.3
P00092,5.4
P00096,4.7
P00097,6.1
P00098,6.1
P00100,4.2
P00101,6.6
P00102,6.4
P00103,8.2
P00104,5.3
P00105,6.3
P00106,4.2
P00107,5.3
P00109,6.5
P00110,9.4
P00111,7
P00113,5
P00116,4.8
P00117,6.6
P00118,7.5
P00119,3.3
P00121,5.9
P00122,6
P00123,3
P00124,5.4
P00125,4.6
P00126,4.8
P00128,7.3
P00129,5.1
P00131,7.5
P00132,8.9
P00133,7.3
P00135,6.8
P00137,7.2
P00139,6.1
P00140,7
P00141,5.4
P00143,6.1
P00144,7.9
P00145,5.8
P00146,6.1
P00148,5.1
P00150,9.7
P00152,7.9
P00154,5.6
P00155,7.4
P00156,4.3
P00158,3.6
P00159,5.4
P00161,6.1
P00162,5.3
P00164,6.5
P00166,6.4
P00167,7
P00168,4.9
P00169,8.1
P00170,7
P00171,8.6
P00172,5.1
P00173,7.5
P00174,9.6
P00175,6.7
P00176,6.9
P00177,6.9
P00178,8.8
P00179,3.7
P00180,2.7
P00181,6.5
P00182,5.5
P00183,7
P00186,6.6
P00188,3.4
P00192,6.2
P00194,6.1
P00195,7.7
P00196,5
P00197,4.4
P00198,5.8
P00199,8
P00202,8.4
P00203,4.6
P00204,8
P00205,5.2
P00206,6
P00207,4.4
P00208,8.5
P00209,5.2
P00210,5
P00211,5.4
P00212,4.8
P00213,7.3
P00214,5.1
P00216,7.6
P00217,8.3
P00218,5.8
P00219,4.5
P00221,1.7
P00222,5
P00224,4.9
P00225,5.6
P00226,8.7
P00227,5.6
P00228,5.3
P00229,4.4
P00230,4.8
P00231,5.9
P00233,7.4
P00234,6.9
P00235,3.4
P00236,6.1
P00237,8.8
P00238,9.1
P00239,6.3
P00240,5.3
P00241,6.1
P00242,8.4
P00244,3.8
P00245,4.8
P00246,5.4
P00247,7.7
P00248,5.3
P00249,5.8
P00250,5.9
P00251,5.6
P00252,7.4
P00253,4.9
P00254,6.3
P00255,6.1
P00256,5.5
P00257,4.4
P00258,6.4
P00259,5.1
P00260,5.5
P00261,3.8
P00262,5.5
P00263,6.5
P00264,7.8
P00265,6.5
P00267,7.3
P00270,5
P00272,7
P00273,8.3
P00274,6.7
P00275,6.5
P00276,8.2
P00277,6.1
P00278,4.3
P00279,7.6
P00281,4.5
P00282,4.8
P00283,8
P00285,6.5
P00287,5.6
P00288,6.5
P00289,6.5
P00290,5.2
P00291,5.7
P00292,5.6
P00293,6.9
P00294,5.9
P00295,6.9
P00296,8.4
P00298,9
P00299,5.7
P00300,2.6
P00301,8.8
P00302,4.9
P00303,5.8
P00304,4.6
P00305,5.2
P00306,4.8
P00307,5.9
P00308,6.3
P00309,6.7
P00310,9.4
P00311,5.2
P00312,5.7
P00313,8.7
P00314,3.3
P00315,6.8
P00319,7.9
P00321,5
P00322,4.3
P00325,8.1
P00326,5.7
P00327,4.1
P00329,6.7
P00331,2.7
P00332,4.9
P00333,6.3
P00334,2.7
P00335,6
P00336,9.1
P00338,5.5
P00339,2.8
P00340,7.3
P00341,9.4
P00342,5
P00343,7.6
P00344,7.6
P00345,4.9
P00346,2.5
P00347,5.5
P00348,8.1
P00349,5.6
P00350,6.5
P00351,8.1
P00352,2.1
P00353,3.3
P00354,7.6
P00355,3.4
P00357,6.4
P00359,6.6
P00360,6
P00361,4.6
P00362,6.2
P00363,7.1
P00364,7.6
P00365,4.3
P00366,4.4
P00367,5.7
P00369,7.2
P00371,4.9
P00372,7.7
P00373,2.7
P00376,2.8
P00377,6
P00378,5.9
P00379,3.2
P00381,8.8
P00382,4.9
P00383,5.2
P00384,3.3
P00385,5.7
P00386,5.4
P00388,8.3
P00389,6.3
P00390,6
P00391,4
P00393,5.8
P00394,5.2
P00395,7.1
P00396,8.3
P00397,6
P00398,7.8
P00400,5.9
P00401,5.5
P00402,5.9
P00403,7.8
P00404,7
P00406,8.4
P00407,7.1
P00408,9.1
P00409,5.8
P00410,4.6
P00411,3.6
P00413,7.8
P00414,5
P00415,5.2
P00416,6.8
P00419,9.6
P00421,8.6
P00422,5.5
P00424,6.2
P00425,3.8
P00426,6.9
P00427,3.3
P00428,4.8
P00429,3.4
P00430,2.3
P00431,4.2
P00432,7.2
P00433,6.7
P00434,5.4
P00435,6.3
P00436,7
P00437,7
P00438,4.4
P00439,6.9
P00440,9.6
P00441,5.9
P00442,9.2
P00443,7
P00444,8.8
P00445,8.4
P00446,7.8
P00447,6.8
P00448,6
P00449,5.3
P00450,4
P00451,3.1
P00452,7.5
P00453,5.4
P00454,7.3
P00456,6.9
P00457,6.7
P00458,3.6
P00459,3.8
P00460,3.4
P00461,6.4
P00462,9.2
P00464,7.7
P00465,3.1
P00466,3.5
P00467,5.3
P00468,4.8
P00469,8.2
P00470,5.5
P00471,5.1
P00472,6
P00474,4.6
P00475,6.4
P00476,5.7
P00477,6.2
P00479,5
P00480,2.8
P00482,5.1
P00483,5.9
P00484,6.3
P00485,8.9
P00486,5.8
P00487,6.8
P00488,5.5
P00489,7.3
P00490,6.1
P00493,6.1
P00494,8.2
P00495,5.5
P00496,5.6
P00497,4.6
P00498,5.4
P00499,6.2
P00500,6.3
P00501,7.4
P00502,5.5
P00503,4
P00504,4.8
P00505,3.9
P00506,5.7
P00507,6.9
P00508,4.2
P00509,5.3
P00511,4.6
P00512,7.1
P00513,5.8
P00514,6.6
P00515,6
P00516,4.2
P00518,5.9
P00519,6.2
P00521,6.8
P00522,6.9
P00523,3.5
P00524,8
P00525,5.7
P00526,3.9
P00527,6.1
P00528,2.6
P00529,6.2
P00530,9.2
P00531,8.9
P00532,5.9
P00533,9.8
P00534,7
P00535,6.9
P00536,7.2
P00537,9.4
P00538,8.2
P00539,5.5
P00540,8.7
P00541,6.9
P00544,4.5
P00545,5.6
P00546,9
P00547,5
P00549,6.9
P00550,4
P00551,1.8
P00553,7.1
P00554,4.7
P00555,6.1
P00556,7.9
P00558,9.5
P00559,3.5
P00560,9.1
P00561,4.3
P00562,2.6
P00563,6.6
P00564,6.4
P00565,7.3
P00566,6.7
P00568,5.6
P00570,8.5
P00571,6
P00572,6.1
P00573,5.1
P00574,5.4
P00576,5
P00578,6.9
P00579,6.5
P00580,8
P00581,5.2
P00582,6
P00583,3.4
P00587,9
P00588,7
P00589,6.7
P00590,8.5
P00591,3.9
P00592,4
P00593,6.9
P00594,7.1
P00596,5.6
P00599,5
P00600,9.2
P00601,7.2
P00602,4.1
P00603,5
P00604,4.6
P00605,9
P00606,4.7
P00607,8
P00608,6.2
P00609,5.4
P00610,7.4
P00611,6
P00612,5.8
P00613,3.1
P00614,4.5
P00615,6.4
P00617,5.4
P00618,4.8
P00619,5.4
P00620,9
P00622,5.8
P00624,6.4
P00625,4.4
P00626,6.8
P00627,7.1
P00628,8.5
P00629,6.4
P00630,7.9
P00632,5.5
P00633,6.1
P00634,5.7
P00635,7.8
P00638,8.3
P00639,3.4
P00640,3.1
P00643,8.4
P00644,9.6
P00645,8
P00646,4
P00647,9.4
P00649,6.6
P00650,4
P00651,5
P00652,6.2
P00653,6
P00656,7.9
P00657,8.7
P00658,4
P00659,4.2
P00660,3.6
P00661,2
P00664,4.9
P00665,6.7
P00666,6.6
P00667,5.3
P00668,5.5
P00669,6.5
P00670,4.4
P00671,8
P00673,8.9
P00674,7.6
P00675,7.9
P00676,5.7
P00677,5.3
P00680,5.1
P00681,4.2
P00682,4.7
P00683,5.7
P00684,4.8
P00685,6.6
P00686,6.8
P00688,7.1
P00689,3.6
P00690,5.9
P00691,6
P00692,4.5
P00693,5.3
P00695,8
P00696,8.9
P00697,6.7
P00699,6.8
P00700,7.5
P00701,3.6
P00702,5.8
P00703,4
P00705,6.9
P00706,4.5
P00707,8.8
P00708,5.7
P00709,5.8
P00710,6.8
P00712,7.5
P00713,7
P00714,4.4
P00715,5.6
P00716,6.9
P00717,6.6
P00718,6.6
P00719,6
P00720,5.8
P00722,7.6
P00724,7
P00725,5.2
P00727,5.7
P00728,7.8
P00732,5.3
P00735,6.2
P00736,3
P00737,5.1
P00738,8.3
P00739,7
P00740,4.6
P00741,6.8
P00742,7.2
P00743,8.4
P00744,6.9
P00745,4.6
P00746,5.3
P00748,4.6
P00749,6.5
P00751,3.2
P00753,5.9
P00754,9.2
P00755,6.9
P00756,7.2
P00757,4
P00758,6.1
P00759,5.2
P00760,7.6
P00761,7
P00762,8.8
P00763,4.6
P00765,8
P00766,6.5
P00767,3.1
P00768,4.3
P00769,5.9
P00770,3.8
P00771,5
P00772,3
P00773,3.8
P00774,5.7
P00775,6.1
P00776,7
P00777,6.8
P00778,6.2
P00779,8.1
P00780,6.7
P00781,6.9
P00782,6.1
P00785,4
P00786,6.3
P00787,6.1
P00790,6.4
P00791,5.9
P00792,5.1
P00793,5.1
P00794,5.5
P00795,5.5
P00796,4.9
P00797,8.1
P00798,4.7
P00799,6.4
P00800,8.6
P00801,5.9
P00802,4.6
P00804,5.6
P00805,7.3
P00806,5.7
P00808,5.2
P00809,7.2
P00810,6.6
P00811,7.7
P00812,6.7
P00814,7.5
P00815,7.4
P00819,4
P00820,5.6
P00821,5.2
P00822,4.9
P00823,9.5
P00824,4.6
P00825,6
P00826,5.9
P00827,7.4
P00828,7.6
P00829,3.1
P00830,3.8
P00832,4.9
P00833,6.2
P00834,5
P00835,6
P00836,9.7
P00837,8.9
P00838,7.8
P00840,6.3
P00841,6.2
P00842,6.5
P00843,9.8
P00844,7.6
P00845,5.5
P00846,4.4
P00847,2.2
P00849,4.8
P00850,7.7
P00851,5.3
P00852,4.4
P00853,6.4
P00854,8.9
P00855,7.1
P00856,5.2
P00857,5.6
P00858,4.8
P00859,4.3
P00860,3.2
P00861,6
P00862,7.2
P00863,6.5
P00864,6
P00866,5.5
P00867,7.3
P00869,7.1
P00871,5.4
P00874,6.5
P00876,5.8
P00877,7.3
P00880,3.7
P00881,8.7
P00882,3.3
P00883,7.6
P00884,7.2
P00885,2.3
P00886,6.2
P00887,5.3
P00889,6.2
P00890,4.8
P00891,4.9
P00892,5.8
P00893,6.1
P00895,5.8
P00896,8.4
P00897,7
P00900,6
P00901,5.3
P00902,7.4
P00903,6.6
P00904,4.9
P00905,7.8
P00906,3.9
P00908,6.6
P00909,7.1
P00910,4.6
P00911,7.8
P00912,9.4
P00913,5.1
P00915,5.9
P00916,8.4
P00917,5.3
P00918,2.9
P00919,6.9
P00920,3.6
P00923,6
P00924,6.9
P00925,6.8
P00926,5.8
P00927,6.4
P00929,6.1
P00930,4.4
P00931,4.6
P00932,7.4
P00933,6.6
P00934,7.7
P00935,6.7
P00936,4.9
P00937,6.8
P00938,5.7
P00940,5.4
P00941,4.2
P00945,4.2
P00947,4
P00948,5.2
P00950,4.9
P00951,4.1
P00952,6.5
P00953,6.7
P00954,6.2
P00955,6.4
P00956,6.3
P00957,5.9
P00958,8.1
P00963,7.8
P00964,7.6
P00965,5
P00967,6.8
P00968,5.4
P00969,3.5
P00970,4.4
P00971,8
P00972,5.9
P00973,7.5
P00974,4.9
P00975,4.5
P00976,6.3
P00977,4.1
P00978,5.9
P00979,5.1
P00980,9
P00981,6.5
P00983,6.8
P00984,5.7
P00985,4.9
P00987,6
P00989,8.2
P00991,7.8
P00992,9
P00993,4.2
P00994,7.9
P00995,5.8
P00996,6.6
P00997,5.2
P00999,6
P01000,4.2
P01001,7.3
P01002,6.5
P01003,5.6
P01004,5.5
P01005,5.7
P01007,3.4
P01008,6.2
P01009,5.5
P01010,5.1
P01011,5.3
P01012,4.9
P01013,4.9
P01014,4.2
P01015,6.9
P01016,6.6
P01017,7.1
P01019,6.6
P01020,3.2
P01021,5.5
P01022,4.7
P01023,5.1
P01024,5.1
P01025,8.6
P01026,8.2
P01027,4.9
P01028,5.8
P01029,5.4
P01030,5.4
P01031,8.4
P01032,5.1
P01033,3
P01034,6.3
P01035,6.6
P01036,2.6
P01037,8.4
P01038,4
P01039,7.6
P01040,6.2
P01042,5.3
P01043,5.7
P01045,7.4
P01046,5.8
P01047,7.6
P01049,3
P01050,9.2
P01051,5.4
P01052,6.2
P01054,4.5
P01055,7.8
P01056,4.2
P01057,4.1
P01058,6.3
P01059,4.7
P01061,5.4
P01062,6.3
P01063,7.8
P01064,7.2
P01065,3.4
P01066,6.2
P01067,7
P01068,4.2
P01069,5.8
P01070,9.5
P01071,7.1
P01073,4.4
P01074,6.7
P01076,6.9
P01077,3.8
P01078,3.4
P01080,7.5
P01081,9.6
P01082,6
P01083,5.1
P01084,5.4
P01085,8.7
P01086,7
P01087,5.8
P01088,9.4
P01089,3.7
P01090,6.6
P01092,6.6
P01093,5.7
P01094,4.8
P01095,4.7
P01096,7.1
P01097,3
P01098,6.4
P01099,6
P01100,5.7
P01102,6.1
P01103,7.3
P01104,3.3
P01105,4.9
P01106,6.1
P01107,3.3
P01109,7.3
P01110,5.1
P01111,7.3
P01113,6.5
P01114,4.8
P01115,8.3
P01118,7.4
P01119,4.7
P01120,6.5
P01122,5.2
P01123,5.7
P01124,5.5
P01125,7.4
P01126,4.5
P01127,5.2
P01128,7.6
P01129,7.5
P01130,7.8
P01131,8.4
P01132,7.2
P01133,6.8
P01135,6.8
P01136,9.3
P01137,6.3
P01138,6.6
P01139,6.4
P01141,4.4
P01143,8.5
P01145,6.5
P01146,8.7
P01147,6
P01148,5.8
P01149,7.8
P01150,6.5
P01151,8.2
P01152,7.2
P01153,6.6
P01155,6.1
P01157,6
P01158,4.7
P01159,5.8
P01160,7
P01161,5.4
P01162,8.2
P01164,7.7
P01165,5.8
P01166,7.3
P01169,5.4
P01172,7
P01174,7
P01175,7.8
P01176,8
P01177,5
P01179,6.9
P01181,5.3
P01182,7
P01184,7.1
P01185,7.4
P01186,5
P01187,5.2
P01188,5.7
P01190,5.7
P01191,6.6
P01192,5.6
P01193,6.5
P01194,5.3
P01195,5.8
P01196,7.4
P01197,7.8
P01198,5.7
P01199,4.2
P01200,9.6
P01201,3.9
P01202,6.8
P01203,8
P01204,5.1
P01205,4.7
P01206,4.4
P01207,8.8
P01208,7.4
P01209,4.4
P01210,5.7
P01211,3.8
P01213,6.3
P01214,3.9
P01215,4.4
P01216,7.2
P01217,5.9
P01218,6.6
P01220,3.5
P01221,6.2
P01222,8
P01223,7.9
P01225,3.7
P01226,9.7
P01227,6.1
P01229,7.2
P01230,6.4
P01231,6.7
P01232,4.5
P01233,6.2
P01234,4.7
P01235,5.8
P01236,5.4
P01237,4.8
P01238,8.3
P01240,5.7
P01241,6.1
P01242,5.6
P01243,3.9
P01244,5.2
P01245,4.8
P01246,5.6
P01248,6.3
P01249,2.1
P01250,6
P01251,4.3
P01252,6.8
P01253,7
P01255,6.5
P01258,6.2
P01259,6.4
P01260,8.5
P01261,5.6
P01262,5.6
P01263,3.3
P01264,5.9
P01266,3.6
P01267,7.8
P01269,6.8
P01270,3.6
P01271,1.7
P01272,5.9
P01273,6.2
P01274,7.2
P01275,6.9
P01276,7.5
P01278,5.5
P01279,7.3
P01280,5.8
P01282,5.6
P01283,5.8
P01284,3.9
P01286,7.2
P01287,4.7
P01288,7.7
P01290,5.9
P01291,7.7
P01292,8.4
P01293,7.2
P01294,4.9
P01295,8.7
P01296,6.7
P01298,7.5
P01299,6.2
P01300,7.1
P01301,4.7
P01302,8.3
P01303,5
P01304,5.4
P01305,5.5
P01307,8.4
P01308,6.2
P01309,6.9
P01310,4.5
P01311,2.7
P01312,7.6
P01313,2.7
P01314,6.2
P01315,5.6
P01316,4.8
P01317,9.8
P01320,5.1
P01321,4.2
P01322,6.6
P01323,5.1
P01324,7.5
P01325,5.1
P01326,5.5
P01327,5.7
P01328,6.2
P01331,2.6
P01332,4.7
P01334,8.2
P01336,4.7
P01337,8.1
P01338,2.9
P01339,5.5
P01340,6.2
P01341,5.4
P01342,5.5
P01343,6.9
P01344,6.3
P01345,7.2
P01346,4.5
P01347,3.5
P01348,7
P01349,6
P01350,7.9
P01351,6.5
P01352,4.3
P01353,6
P01355,6.1
P01356,4.8
P01357,5.4
P01358,8.8
P01359,5.4
P01360,6.9
P01361,8.4
P01362,5.5
P01363,5.1
P01364,3.1
P01365,8
P01366,7.4
P01367,9.4
P01370,7
P01371,7
P01373,5.6
P01374,4.1
P01375,5.2
P01376,4.6
P01379,2.3
P01380,5.4
P01381,6
P01382,8
P01383,5.4
P01384,8.2
P01385,7.1
P01388,4.1
P01390,7.9
P01391,8.6
P01392,6.5
P01393,6.4
P01394,5
P01395,7
P01396,4.1
P01397,7.4
P01398,4.2
P01399,7.6
P01400,9.1
P01401,7.1
P01406,6.2
P01407,6.5
P01408,2.3
P01410,6.8
P01412,5.6
P01413,4.9
P01414,6.3
P01416,7.3
P01417,5.9
P01418,4.4
P01419,6.4
P01421,3.2
P01422,6.1
P01423,7.6
P01424,6.3
P01425,6.7
P01426,5.4
P01427,7.6
P01428,7.9
P01429,4.9
P01430,6.6
P01433,4.5
P01434,5
P01435,6.8
P01437,8
P01438,5.4
P01439,4.7
P01440,8
P01441,5.6
P01442,6.8
P01443,4.8
P01444,4.3
P01446,7.6
P01447,1.3
P01448,7.2
P01450,8.1
P01451,1.5
P01453,5.5
P01455,7.8
P01457,8.3
P01458,7.9
P01459,4.2
P01460,6.4
P01461,7.8
P01462,6.1
P01463,6.8
P01465,6
P01467,3.5
P01468,6.8
P01469,6.4
P01470,7.2
P01471,5.2
P01472,5.1
P01474,6.9
P01475,5.4
P01476,8
P01477,6.1
P01478,4.8
P01479,5.6
P01480,5.4
P01481,4
P01483,4.3
P01484,6
P01485,6.6
P01486,7.5
P01487,7.8
P01488,4.8
P01489,6.7
P01490,6.2
P01493,9.6
P01494,5.5
P01495,4.9
P01496,7.2
P01497,5.4
P01498,5.9
P01499,7.3
P01500,6.6
P01502,8.4
P01503,4.8
P01504,9.4
P01505,6.5
P01506,5.4
P01508,3.4
P01509,7.3
P01510,8.6
P01511,5.8
P01512,5.2
P01514,6.1
P01515,5.2
P01516,4.6
P01517,6.4
P01519,3.8
P01521,4.2
P01522,6.4
P01523,7.3
P01525,4.6
P01526,4.9
P01527,8.3
P01529,4.8
P01530,6.5
P01531,8
P01532,7.6
P01533,4.1
P01534,5
P01535,4.4
P01536,6.5
P01537,6.4
P01538,9.2
P01539,7.5
P01540,8.2
P01541,7.9
P01542,7.6
P01543,4.9
P01544,8.1
P01546,4
P01547,1.9
P01548,5.9
P01549,5.9
P01551,2.5
P01552,4.8
P01553,5.5
P01554,3.3
P01555,6.8
P01556,4.3
P01557,3.4
P01558,7.1
P01559,8.2
P01561,3.5
P01562,7
P01563,7.4
P01564,6.2
P01565,3.4
P01566,3.4
P01567,4
P01568,5.9
P01569,4.4
P01570,6.7
P01571,6.7
P01572,5.5
P01573,5
P01574,7
P01575,5.4
P01576,2.9
P01577,7
P01578,2.4
P01579,6.4
P01581,6.2
P01582,5.7
P01583,6.6
P01584,4.7
P01585,7.6
P01586,5.2
P01588,7.7
P01590,6.4
P01591,6.9
P01592,7
P01593,8.4
P01594,5.4
P01595,5.3
P01597,7.5
P01598,6.2
P01599,4.6
P01600,4.3
P01601,2.6
P01602,7.5
P01604,7.7
P01606,7.1
P01608,5.1
P01609,8.9
P01610,3.8
P01611,4.3
P01613,5.1
P01616,6.1
P01617,6.6
P01618,4.1
P01619,5.7
P01620,5.4
P01621,5.8
P01622,4.9
P01623,6.8
P01625,8.4
P01626,7.1
P01627,5.2
P01628,4.2
P01629,6.3
P01630,6.9
P01631,7.5
P01633,3.9
P01634,3.9
P01635,5.2
P01636,7.7
P01637,5.3
P01638,8.6
P01640,8.4
P01641,7.2
P01642,7.5
P01643,6.8
P01644,6.6
P01645,4.5
P01646,5.8
P01647,4.4
P01649,7.2
P01650,5.4
P01653,5.8
P01654,6.4
P01655,6.6
P01656,6
P01657,7.4
P01658,7.8
P01660,9.3
P01661,7
P01662,3.7
P01663,6.3
P01665,5
P01668,7.6
P01669,7.5
P01670,6.8
P01671,7.2
P01672,6.2
P01675,6.2
P01676,7.8
P01677,7.2
P01678,6.4
P01679,6.9
P01682,4.6
P01683,4.1
P01684,5.8
P01688,7.1
P01689,6
P01690,5.1
P01693,4.6
P01694,8.2
P01695,4.8
P01696,4.3
P01697,9.4
P01699,5.5
P01700,5.1
P01701,5.8
P01702,5.1
P01703,5.2
P01704,8.5
P01705,7
P01706,8.7
P01707,6.8
P01708,3.3
P01709,5.4
P01710,6.8
P01713,6.3
P01714,7.3
P01716,4.8
P01717,5.9
P01719,9.2
P01721,6.2
P01722,5.6
P01723,8.6
P01724,8
P01725,7.1
P01726,6.7
P01728,5
P01729,4.8
P01730,2.2
P01733,8.1
P01734,7.1
P01735,3.8
P01736,6.8
P01737,6.7
P01738,8.4
P01739,6.9
P01740,5.5
P01741,6.5
P01743,7
P01744,6.6
P01745,5
P01746,7.7
P01747,3
P01748,6.5
P01750,4.3
P01751,4.4
P01752,8.4
P01753,4.5
P01754,7.2
P01756,3.8
P01757,7.1
P01758,6.2
P01759,6.7
P01760,5.6
P01761,7.5
P01762,8
P01763,2.6
P01764,6.9
P01765,6.5
P01766,4.7
P01768,8.6
P01769,6.2
P01770,7.3
P01772,6.8
P01774,8.6
P01775,6.9
P01778,7.5
P01779,6.8
P01781,4.4
P01783,6.2
P01784,6.7
P01785,6.1
P01786,4.4
P01787,5.7
P01788,3.4
P01789,7.3
P01790,7.2
P01791,7.3
P01792,5.1
P01793,5.1
P01794,5.1
P01795,6
P01797,4
P01799,4.1
P01800,5.5
P01802,5.2
P01803,6.8
P01804,5.8
P01805,3
P01806,5.4
P01808,6.7
P01810,4.8
P01812,4.3
P01813,6.7
P01814,4.1
P01816,8.4
P01817,3.1
P01818,6.6
P01819,5.9
P01820,8.1
P01821,5.5
P01822,7.5
P01823,7.1
P01824,5.2
P01825,7.8
P01826,6.8
P01827,7.4
P01828,6.2
P01829,7.5
P01830,7.2
P01831,6.3
P01832,6.4
P01835,7.3
P01836,5.3
P01837,5.2
P01838,6.5
P01839,6.5
P01841,3.1
P01842,4.7
P01843,9.4
P01844,7.9
P01845,4.7
P01848,2.2
P01849,8.7
P01851,7.1
P01852,9.3
P01853,8.7
P01854,6.9
P01855,7
P01856,8.2
P01858,5.7
P01860,7.1
P01861,6.4
P01862,8.4
P01863,7.3
P01864,5.1
P01865,7.3
P01866,6.3
P01867,6.2
P01868,8.2
P01869,4.4
P01870,6
P01872,6.9
P01875,5.7
P01876,6.8
P01877,3.5
P01878,5.1
P01879,6.8
P01880,5.8
P01882,7
P01883,8
P01884,4
P01885,8
P01886,7.5
P01887,7.3
P01888,7.1
P01889,8.9
P01890,4.6
P01891,5
P01892,6.3
P01893,6
P01895,7.1
P01896,7.3
P01897,5.3
P01898,7.2
P01899,5.3
P01900,3.4
P01901,4.2
P01902,8.5
P01903,5.8
P01905,9.8
P01906,7.4
P01907,8
P01909,7
P01910,5.4
P01911,7.4
P01912,4.3
P01913,4.9
P01914,7.6
P01915,4.2
P01916,7.8
P01918,5.9
P01919,4.1
P01921,7.1
P01922,7.2
P01924,6.1
P01925,5.9
P01926,6.3
P01927,7.7
P01928,3.7
P01930,5.6
P01931,3.2
P01933,6.6
P01934,8.3
P01935,8.6
P01937,6.8
P01938,4.4
P01939,6.2
P01940,3.2
P01941,7.1
P01942,8
P01943,3
P01947,3.7
P01948,7.2
P01949,6.5
P01950,7.1
P01951,4
P01952,2.8
P01953,5.4
P01954,6.1
P01957,6.2
P01959,4.2
P01962,8.5
P01963,7.9
P01964,4.6
P01965,8.7
P01966,8.4
P01967,5.9
P01968,9.6
P01969,5.2
P01971,6.2
P01973,4.6
P01974,4.4
P01975,5.4
P01976,5.7
P01977,6.6
P01978,8.9
P01979,6.9
P01980,4
P01982,7
P01983,6.5
P01984,4.1
P01985,6
P01986,6.6
P01988,4
P01990,7
P01991,7.2
P01993,8.1
P01994,4.6
P01995,4.2
P01996,4
P01997,7.2
P01998,6.4
P01999,8
P02001,7.4
P02002,5.5
P02003,5.4
P02004,8.2
P02005,4.3
P02006,5
P02008,6.2
P02009,7.1
P02010,6.2
P02011,1.6
P02012,4.4
P02013,5.2
P02014,7.1
P02015,4.8
P02018,5.7
P02019,6.5
P02021,7.1
P02023,5.2
P02024,5.7
P02025,6.9
P02026,7
P02028,8.4
P02029,6.2
P02031,3.2
P02032,7.7
P02033,5.7
P02034,8.9
P02035,6.3
P02037,4.7
P02038,5.4
P02039,8.8
P02041,4.8
P02042,5.4
P02043,5.5
P02045,5.7
P02046,8
P02047,6.6
P02049,5.9
P02050,8.3
P02051,6.1
P02052,5
P02053,5.5
P02054,5.1
P02055,6.7
P02056,2.4
P02057,7.7
P02058,8.5
P02059,3.2
P02060,5.4
P02061,6.5
P02062,4.8
P02063,2.8
P02064,9.3
P02065,4.1
P02066,4.5
P02067,6.6
P02068,7.4
P02069,7.1
P02070,4.1
P02071,7.6
P02073,2.5
P02075,6.7
P02076,7
P02077,7.7
P02079,3.9
P02080,3.7
P02082,7.6
P02083,3.7
P02085,7.6
P02087,5.1
P02088,9.3
P02090,4
P02091,5.9
P02092,5.2
P02093,6
P02094,8.6
P02096,7
P02097,6.1
P02098,8.9
P02099,6
P02100,6.3
P02101,6.5
P02102,2.8
P02105,8.8
P02106,3.9
P02108,6.4
P02110,7.2
P02111,3.8
P02112,7.4
P02113,4
P02114,5.1
P02115,6.8
P02116,5.2
P02117,3.5
P02118,6.8
P02119,7
P02120,5.8
P02121,4.5
P02123,8.8
P02124,4.8
P02128,6.6
P02130,4
P02131,9.5
P02132,6.4
P02133,2.7
P02134,6.5
P02135,4.6
P02136,6.5
P02137,4.1
P02138,4.9
P02139,7.8
P02140,5
P02141,3.4
P02142,6.2
P02143,5.6
P02144,6.8
P02145,6.3
P02146,6.4
P02149,6.6
P02150,5.2
P02151,5.7
P02152,7
P02154,4.9
P02156,8
P02158,4.2
P02159,6.2
P02161,8.1
P02162,5.6
P02163,3.4
P02165,4.5
P02167,2.5
P02168,6.9
P02169,6.7
P02170,4.2
P02171,6.2
P02172,5.2
P02173,6.7
P02176,5.9
P02177,4.7
P02178,5.9
P02180,7.4
P02181,5.5
P02182,3.2
P02183,2
P02184,3
P02185,5.4
P02186,7.2
P02187,5.2
P02188,4.3
P02189,7.1
P02190,5
P02191,5.1
P02192,8.1
P02193,6.3
P02195,6.6
P02198,4.3
P02200,5.6
P02201,7.7
P02202,6.1
P02203,4
P02206,3.2
P02207,7
P02208,5
P02209,5.7
P02210,3.4
P02211,5
P02212,9.6
P02213,6.3
P02214,4.9
P02216,7.5
P02217,5.6
P02218,7.4
P02219,6
P02220,4.8
P02221,4.7
P02222,3.7
P02223,4.3
P02224,4.9
P02225,8.3
P02226,6.9
P02227,4.7
P02228,7
P02231,2.2
P02234,8.8
P02235,6.8
P02236,8.6
P02238,4.6
P02240,3.7
P02242,5.3
P02243,5.3
P02246,4.9
P02247,4.3
P02248,7.9
P02249,6.9
P02250,8.4
P02251,6.6
P02252,7
P02253,9.4
P02254,7.2
P02255,7
P02256,3.5
P02257,9
P02259,5.6
P02261,5.4
P02263,8.7
P02265,7.7
P02267,7.6
P02268,6.7
P02269,6.6
P02271,3.5
P02272,4.5
P02273,7.2
P02274,5
P02275,4.4
P02278,4.4
P02279,5
P02280,6.9
P02282,7.9
P02283,3.6
P02284,5
P02285,7.1
P02286,6
P02287,5.5
P02289,5.6
P02290,7.8
P02291,5.9
P02292,3.9
P02293,6.9
P02294,4.2
P02295,5.8
P02296,4.5
P02297,5.8
P02298,5.2
P02299,6
P02300,4.4
P02301,7.4
P02303,5.7
P02304,5.8
P02305,6.3
P02306,5.9
P02307,4.8
P02308,5
P02311,9.2
P02312,5.6
P02313,6.3
P02314,6.4
P02315,6.5
P02316,6.7
P02317,7.1
P02318,6.6
P02319,6
P02320,7
P02321,5.1
P02322,3.5
P02323,5.9
P02324,5.4
P02325,4.5
P02326,4.8
P02327,8.8
P02328,3
P02329,5.8
P02330,5.4
P02331,5.1
P02332,7.6
P02333,5.5
P02334,6.3
P02335,6.4
P02336,4.7
P02337,6.6
P02338,7.3
P02339,5.5
P02340,7.1
P02341,6.7
P02342,6.6
P02344,5.9
P02345,7.4
P02346,8
P02347,6
P02350,8.4
P02352,6.8
P02353,7
P02354,6.6
P02355,6.3
P02356,5
P02357,5.3
P02358,7.7
P02359,6.6
P02361,2.3
P02362,5.3
P02363,5.5
P02366,4.2
P02367,4
P02368,6.4
P02369,6.4
P02370,5
P02371,5.4
P02372,3.6
P02373,6.5
P02374,4.5
P02375,5.7
P02376,4.5
P02378,5.3
P02380,5.5
P02381,5.6
P02382,6
P02385,6.3
P02387,6.6
P02388,3.4
P02389,6.7
P02390,6.2
P02391,6.5
P02392,3.7
P02393,3.4
P02394,1.5
P02395,6.1
P02396,6.8
P02397,5.8
P02398,8.2
P02400,5.6
P02401,4.5
P02402,4.2
P02403,5.5
P02404,8.1
P02405,4.4
P02406,5.9
P02407,9.6
P02408,8.5
P02409,5.8
P02410,6.3
P02411,6
P02412,7.2
P02413,7.3
P02414,3.7
P02415,3
P02418,4.1
P02419,6.2
P02420,3.5
P02423,6.7
P02424,8.3
P02426,4.6
P02427,5
P02428,7.2
P02429,5.4
P02430,7.4
P02431,6.2
P02432,7
P02433,4.9
P02434,3.6
P02436,9.5
P02438,7.1
P02439,5.3
P02440,4.8
P02441,6.1
P02442,6.4
P02443,7.1
P02444,7.4
P02445,7.1
P02447,5.5
P02448,7.5
P02449,5.4
P02450,4.6
P02453,7
P02454,5.2
P02455,5.8
P02458,5
P02459,7.1
P02460,4.8
P02461,7.9
P02462,8.1
P02463,5.9
P02464,5.1
P02465,5.8
P02466,6.7
P02467,8.4
P02468,7
P02469,3.9
P02470,4.2
P02471,3.7
P02472,8.1
P02473,5.6
P02475,4
P02476,5.7
P02477,7.9
P02478,5.9
P02480,6.2
P02484,6.8
P02485,5.4
P02486,7
P02487,5.6
P02488,4.6
P02490,5.8
P02491,6.6
P02493,5
P02494,7.9
P02495,4.1
P02496,6.8
P02497,3.4
P02498,4.1
P02499,6.7
P02501,6.8
P02503,7.5
P02504,4.6
P02505,4.1
P02506,6
P02507,6
P02508,6.5
P02509,7.9
P02510,2.4
P02511,5.1
P02512,7.8
P02513,6.9
P02515,5.4
P02517,8.4
P02518,6.3
P02519,5.3
P02523,6.7
P02524,5.7
P02525,9.6
P02528,3.3
P02529,3.8
P02530,3.9
P02531,7
P02532,5.5
P02534,9
P02535,5.6
P02536,6.4
P02538,6.3
P02539,6.5
P02540,3.1
P02541,6.2
P02542,7
P02543,7.9
P02544,2.1
P02545,7.3
P02547,3
P02548,7.1
P02549,7
P02550,5
P02551,7
P02552,6.6
P02553,7.9
P02554,5.3
P02555,4.5
P02557,2.9
P02558,6.3
P02559,5.6
P02560,5.3
P02561,7.1
P02563,4.2
P02564,7.3
P02565,7
P02567,6
P02569,4.9
P02571,8.1
P02572,4
P02574,5.7
P02575,7.7
P02577,4.2
P02578,3.8
P02579,5.8
P02580,4.7
P02582,2.7
P02583,5.2
P02584,8.6
P02585,7
P02586,4.7
P02588,3.4
P02589,3.8
P02590,5.4
P02591,8.4
P02592,5.4
P02594,7.6
P02595,8.1
P02596,5.8
P02597,5
P02600,4.4
P02601,9
P02602,4.9
P02603,5.8
P02604,5.6
P02605,6.7
P02607,6.1
P02609,6.1
P02611,6.3
P02614,5.9
P02616,3.6
P02617,8.5
P02618,4.7
P02619,3.1
P02620,6.1
P02621,5.8
P02622,4.2
P02624,7.4
P02625,5.6
P02627,6.3
P02628,5.5
P02629,5.5
P02630,6.1
P02631,4.3
P02632,3.9
P02633,6.7
P02634,7.6
P02638,6.4
P02639,7
P02640,4.3
P02641,9.2
P02642,5
P02644,5.3
P02645,5.7
P02646,4.3
P02648,6.6
P02649,6.2
P02650,4.1
P02651,4.9
P02652,3.3
P02653,5.4
P02654,3.8
P02656,7.4
P02657,9.5
P02659,2.6
P02661,3.5
P02662,7.7
P02664,5.8
P02665,6.1
P02666,6.4
P02667,7.4
P02668,4.8
P02669,3.3
P02670,3.5
P02671,4.1
P02673,7.4
P02674,7.3
P02675,5.9
P02676,6.4
P02677,4.7
P02678,5.2
P02681,5.2
P02682,6
P02683,4.6
P02684,6.3
P02685,5.5
P02686,3
P02688,7.7
P02689,3.8
P02690,5
P02691,3.1
P02692,4.8
P02693,8.4
P02694,6.1
P02695,3.8
P02696,4.4
P02697,4.8
P02698,4
P02699,7.2
P02700,8
P02701,4.8
P02702,5.7
P02704,5.2
P02705,8.5
P02706,6.6
P02708,7.2
P02712,5
P02713,4.4
P02714,4.9
P02715,3.9
P02716,3.1
P02717,7.9
P02718,4.8
P02719,5.5
P02720,4.3
P02721,6.9
P02724,6.9
P02725,4.3
P02726,5.8
P02727,4.9
P02728,4.1
P02729,5.2
P02730,5.5
P02732,7.8
P02733,4.8
P02734,3.6
P02735,7.2
P02737,3.9
P02738,4.3
P02739,5.1
P02740,6.4
P02741,7.6
P02743,4.4
P02744,4.6
P02745,3.9
P02746,3.3
P02747,7.5
P02748,5.4
P02749,5.6
P02750,5.2
P02752,7.3
P02753,8
P02754,4.9
P02756,7.1
P02757,8.2
P02759,6.8
P02760,7.7
P02761,6
P02762,6.7
P02764,6
P02765,7.5
P02767,6
P02768,5.7
P02770,6.6
P02771,6.8
P02772,4.6
P02773,5.9
P02775,5.6
P02776,4.4
P02777,5.6
P02779,7.1
P02780,5.2
P02781,6.7
P02782,7.7
P02783,4
P02784,3.6
P02785,4.8
P02786,7
P02787,5.7
P02789,3.7
P02790,8.9
P02791,6.7
P02792,3.9
P02793,8.8
P02794,6.1
P02795,6.4
P02797,7.7
P02798,7.5
P02799,6.9
P02800,7.9
P02801,4.8
P02802,5.4
P02803,4.9
P02804,5.3
P02805,6.4
P02807,4.7
P02808,5.8
P02810,6.4
P02811,7.8
P02813,5.8
P02814,8
P02815,7.9
P02816,8.4
P02818,8.2
P02819,4.3
P02820,5.7
P02821,4.4
P02822,8
P02823,2.7
P02824,6
P02825,7.2
P02826,7.6
P02827,5.9
P02828,5.8
P02829,6.7
P02830,7.5
P02831,4
P02832,6.9
P02833,3.7
P02834,8
P02836,6.4
P02840,4.2
P02841,6.4
P02842,4.6
P02843,1.6
P02844,4.8
P02847,6.8
P02848,6.4
P02849,8
P02850,4.1
P02851,7.6
P02852,4.8
P02853,8
P02854,6.4
P02855,4.6
P02856,8.4
P02857,5.9
P02858,2.8
P02859,6.5
P02860,6.8
P02861,4.1
P02862,8.2
P02863,5.4
P02865,6.2
P02868,3.8
P02869,6.3
P02870,9.1
P02872,4.4
P02874,6.1
P02875,5.4
P02876,5.2
P02878,7.8
P02879,8.1
P02882,4
P02883,7.9
P02885,7.8
P02886,6.1
P02887,7
P02889,5.9
P02891,6.1
P02892,5.3
P02893,3.6
P02894,5.2
P02895,5
P02896,5.5
P02897,8.4
P02898,8.5
P02899,4.3
P02900,4.8
P02901,7.7
P02902,3.6
P02904,4.7
P02905,4.9
P02907,4.3
P02908,3.1
P02910,3.7
P02911,4.2
P02912,7.2
P02913,4.6
P02914,4.7
P02915,5.3
P02916,7.4
P02918,5.6
P02919,6.3
P02920,4.8
P02921,5.4
P02923,3.8
P02924,4.6
P02925,3.6
P02927,6.7
P02928,8.8
P02929,5.4
P02932,5.2
P02933,5.4
P02934,6.5
P02935,6.7
P02936,7.3
P02937,5.9
P02939,7.7
P02940,5.1
P02941,6.9
P02942,7.8
P02943,5.6
P02944,5.9
P02945,4.5
P02946,6.2
P02947,4.2
P02948,7.6
P02950,7.7
P02951,9
P02952,8.2
P02953,7.2
P02954,5.2
P02955,5.8
P02956,6.2
P02957,6.4
P02958,7.7
P02959,6.5
P02960,4.6
P02961,7.7
P02962,5.8
P02963,6.8
P02965,6.9
P02966,5
P02967,6.4
P02968,7
P02969,5
P02971,5.7
P02972,8
P02973,4.7
P02974,6
P02975,7.1
P02976,5.7
P02977,4.7
P02978,5.5
P02979,7.3
P02980,8.2
P02981,7
P02982,5
P02983,6
P02984,7.5
P02985,7.4
P02986,7.9
P02987,5.3
P02988,7.5
P02993,6.6
P02994,8
P02995,3.2
P02996,4.4
P02997,8.9
P02998,3.2
P03000,9.1
P03001,4.2
P03002,7.4
P03003,6.9
P03004,6.7
P03005,5
P03006,5.2
P03007,6.8
P03008,7.9
P03009,5.8
P03011,6
P03012,5.3
P03013,6.8
P03014,6
P03015,8.6
P03016,3.7
P03017,7.4
P03018,8.5
P03020,6.7
P03021,3.9
P03022,3.5
P03023,3.6
P03025,7.4
P03026,8.2
P03028,8.3
P03030,5.5
P03031,5.5
P03032,6.6
P03033,3.7
P03034,7.2
P03035,4.6
P03036,6.5
P03037,4.9
P03039,7.3
P03040,4.7
P03041,7.4
P03042,6.3
P03043,7.7
P03044,5.2
P03045,7.2
P03046,6.5
P03047,6.7
P03048,1
P03049,7.3
P03051,4.6
P03052,4.1
P03054,6.6
P03055,5.2
P03056,3.4
P03058,5.5
P03060,6.6
P03063,4.4
P03064,6.3
P03065,4.7
P03067,4
P03068,3.7
P03069,5.5
P03070,8.1
P03071,7.2
P03072,3.8
P03073,4
P03075,8.4
P03076,5.3
P03077,9.2
P03078,5.4
P03079,6.2
P03080,4.6
P03081,4.8
P03082,6.7
P03084,7
P03086,6.8
P03087,4.1
P03088,4.3
P03089,5.4
P03091,8.4
P03092,6.3
P03093,4.5
P03094,7.6
P03095,7.6
P03096,3.3
P03097,2.8
P03098,5.2
P03099,3.1
P03100,5.7
P03101,7.5
P03102,6.7
P03103,6.6
P03104,9.4
P03105,4.6
P03106,5.3
P03107,5.6
P03108,5.5
P03109,6.6
P03110,3.9
P03111,6.1
P03112,4.2
P03113,6.9
P03115,8
P03116,6.4
P03117,4.3
P03118,6.7
P03119,3.6
P03120,4.3
P03122,9.6
P03123,5.9
P03125,4.8
P03126,6.5
P03127,5.5
P03128,3.1
P03129,7.5
P03130,4.2
P03131,6.6
P03132,6.2
P03133,3.2
P03134,9.2
P03135,6.3
P03136,4.9
P03137,5.3
P03138,6
P03139,6.2
P03140,4.7
P03141,6.8
P03144,2.4
P03145,6
P03146,8
P03147,6.5
P03148,7.7
P03150,4.3
P03152,3.8
P03154,4.8
P03155,6.4
P03157,4.2
P03158,8.8
P03159,7.4
P03160,8.6
P03161,5.4
P03162,5
P03164,5.5
P03166,6.5
P03167,8.5
P03169,6.5
P03170,7.4
P03171,7.4
P03172,6.8
P03173,4.7
P03174,5
P03176,3.2
P03177,5.4
P03178,6.4
P03180,4.2
P03181,6.3
P03182,6.1
P03183,6.3
P03184,6.7
P03185,4.7
P03187,7.8
P03189,4.7
P03191,5.9
P03192,6.5
P03193,7.1
P03194,8.8
P03197,8.6
P03198,8.7
P03199,7.9
P03201,6.4
P03203,6.6
P03204,8
P03205,2.9
P03206,5.8
P03207,5.5
P03209,6.1
P03210,6.6
P03211,6.8
P03212,7.3
P03213,7.3
P03214,8.8
P03215,6.4
P03216,7.1
P03220,6.1
P03221,6.4
P03222,5
P03223,5
P03224,6.9
P03225,7
P03226,7.8
P03227,6.8
P03229,7.9
P03230,4.5
P03231,4.5
P03232,4.6
P03233,7.3
P03234,6.9
P03235,6.2
P03236,6.6
P03237,4.4
P03238,5.6
P03239,7.2
P03240,6.3
P03241,5.1
P03243,4.2
P03244,5.6
P03245,6.4
P03247,5.3
P03248,8.1
P03249,6.1
P03251,4.9
P03252,7.6
P03253,2.9
P03254,6.7
P03255,4.9
P03256,6.5
P03257,4.8
P03258,6.2
P03259,7.5
P03260,7
P03261,2.9
P03262,6.9
P03263,6.7
P03264,5.4
P03265,4
P03266,4.9
P03267,6
P03268,5.8
P03269,6.4
P03270,5.6
P03271,7.4
P03272,5.5
P03273,7.7
P03275,8.4
P03276,4.2
P03277,6
P03280,5.7
P03281,5.1
P03282,6.7
P03283,6.8
P03284,5.5
P03285,7.2
P03286,8.4
P03287,5.8
P03288,6.9
P03290,5.6
P03291,6.2
P03292,6.5
P03293,4.6
P03294,6.1
P03295,4.6
P03297,8.8
P03298,4
P03299,6.7
P03300,5.4
P03301,6.2
P03302,8.4
P03303,3.3
P03304,4.8
P03305,7.5
P03306,3.4
P03307,5.8
P03308,5.9
P03309,5.4
P03310,7.4
P03311,7.3
P03312,7.1
P03313,5.7
P03314,8.2
P03315,9
P03316,4.7
P03317,4.5
P03318,7
P03323,7
P03324,5.7
P03325,5.4
P03326,7.8
P03327,5.9
P03328,6.1
P03329,6.8
P03331,5.2
P03332,5.6
P03333,7.6
P03335,7.9
P03336,8.2
P03337,4
P03338,5.4
P03339,8.2
P03340,6
P03341,7.1
P03342,5.5
P03343,8.6
P03345,5.4
P03346,6.5
P03347,6.1
P03348,5.3
P03349,7.4
P03350,7.5
P03351,5.3
P03352,5.5
P03353,5.9
P03354,4.7
P03355,7.2
P03356,5.9
P03357,6
P03358,6.4
P03359,6.9
P03360,1
P03361,9
P03363,6.1
P03364,3.4
P03365,9.4
P03366,4.4
P03367,9.2
P03369,7.8
P03370,4.9
P03371,8.6
P03372,4.7
P03373,5.6
P03374,4.7
P03375,7.4
P03376,5.1
P03377,7.1
P03378,5.1
P03379,7.7
P03380,7
P03382,8
P03383,7
P03384,5.2
P03385,8
P03386,7.4
P03387,7.4
P03388,5.7
P03389,6.3
P03390,3.8
P03391,4.4
P03392,7
P03394,5.5
P03395,7.7
P03396,3.3
P03397,5.4
P03399,5.2
P03400,4.8
P03401,4.5
P03402,7.6
P03403,4.4
P03404,4.4
P03407,7.2
P03408,7.6
P03409,4.1
P03410,6
P03411,8.7
P03412,4.5
P03413,5.5
P03414,8.5
P03415,5.1
P03416,7.4
P03417,6
P03418,7.1
P03419,6.6
P03420,4.6
P03423,5.1
P03426,4.8
P03427,4.2
P03428,2.8
P03430,5.6
P03431,5.2
P03432,1.1
P03435,6.1
P03436,9.2
P03437,8.6
P03438,4.1
P03439,6.2
P03440,9.2
P03441,4.4
P03442,5.9
P03444,2.5
P03445,6.8
P03447,7.7
P03448,5.7
P03451,7.9
P03452,5.1
P03453,5.9
P03454,4.9
P03455,8.1
P03456,8.3
P03457,6.6
P03458,5.2
P03461,6.2
P03462,5.7
P03465,4.2
P03467,5.2
P03469,6.5
P03470,7.1
P03471,8.3
P03472,6.9
P03473,6.6
P03474,7.2
P03475,4.9
P03476,7.2
P03477,7.2
P03479,5.3
P03480,4.7
P03481,7.2
P03482,5.3
P03483,7.1
P03484,6.1
P03485,6.2
P03486,5.3
P03487,1.8
P03489,6.6
P03491,7.3
P03492,4.1
P03493,5.5
P03494,5.4
P03495,8.8
P03496,7.8
P03497,2.8
P03498,5
P03499,6.2
P03500,5.7
P03501,5.1
P03503,3
P03504,5
P03505,5.6
P03506,5.9
P03508,8.5
P03510,9.3
P03511,6.5
P03513,6.8
P03514,3.3
P03517,7.8
P03518,5.6
P03519,3.7
P03520,3.6
P03521,6.8
P03522,3.9
P03523,6.5
P03526,6.6
P03527,2.4
P03528,7
P03529,4.4
P03532,6.9
P03533,4.1
P03536,7.9
P03537,6.4
P03538,6.5
P03540,4.1
P03541,5.8
P03542,5.9
P03543,6.9
P03544,6.7
P03546,8
P03547,7.5
P03549,4.6
P03550,4.4
P03551,6.9
P03552,5.4
P03554,3.3
P03555,7.8
P03556,7.8
P03557,4.6
P03560,5.2
P03561,8.5
P03562,6.8
P03563,5.7
P03564,6.2
P03565,6.2
P03566,7.9
P03567,6.8
P03568,5.5
P03569,6.6
P03570,5.1
P03571,5.6
P03574,6.6
P03575,6.3
P03576,7.2
P03577,5.2
P03578,4.5
P03579,3.6
P03581,5.3
P03582,8.1
P03584,8.7
P03585,8.2
P03586,9.1
P03587,7.2
P03589,7.1
P03590,7
P03592,4.4
P03593,9.2
P03594,6
P03595,6.7
P03596,4.6
P03597,6.6
P03598,5.4
P03599,4.8
P03600,5.8
P03601,4.2
P03602,4.8
P03603,4.9
P03604,8
P03605,7.3
P03606,6.2
P03607,9.2
P03608,8.8
P03611,8.5
P03612,5.6
P03613,7.7
P03614,8.4
P03615,6.3
P03616,7.5
P03617,5
P03618,8
P03619,4.6
P03620,7.4
P03621,7.7
P03622,5.2
P03623,8
P03624,4.1
P03626,5.6
P03627,5.4
P03629,7.2
P03631,6.8
P03632,6.7
P03633,4.8
P03634,6.4
P03638,7.7
P03639,7.5
P03640,7.1
P03641,5.8
P03642,7
P03644,5.6
P03645,5.8
P03646,4.1
P03647,3.6
P03648,9.6
P03649,8.3
P03650,7.7
P03652,4
P03653,7
P03654,5.5
P03655,3.7
P03657,6.9
P03658,4.8
P03660,5.2
P03661,5.7
P03663,4.1
P03664,7.3
P03665,7
P03666,3.6
P03667,7.2
P03668,5
P03669,3.9
P03670,6.3
P03671,7.4
P03672,2.3
P03674,8.9
P03677,4.5
P03679,6
P03681,4.1
P03683,7.4
P03684,7.5
P03685,5.3
P03686,6.7
P03688,6.5
P03689,7.3
P03690,4
P03691,3.5
P03693,5
P03694,7.5
P03696,6.9
P03697,6.6
P03698,5.3
P03699,7.2
P03700,4.7
P03701,4.2
P03702,7.2
P03705,6.1
P03706,4.8
P03707,7.8
P03708,4.3
P03709,4.3
P03712,2.6
P03714,6.4
P03715,9
P03716,6.1
P03717,4.8
P03718,7.2
P03719,6.3
P03721,7
P03722,5.5
P03723,7.4
P03724,9.3
P03725,7.4
P03726,4.1
P03727,5.8
P03729,6.2
P03730,7
P03731,6.6
P03732,7.2
P03733,6.6
P03734,6.2
P03735,4.1
P03737,4.7
P03738,7.1
P03739,6.8
P03740,5.3
P03741,4.5
P03742,4.3
P03743,6.4
P03745,4.1
P03746,5.6
P03747,9.2
P03749,5.4
P03750,8
P03751,4.2
P03752,9.6
P03753,4.2
P03754,7.6
P03755,5.4
P03758,6
P03760,7.6
P03761,6.3
P03762,6.8
P03763,6.6
P03764,5.2
P03765,8.9
P03766,5.2
P03767,6.2
P03770,5.7
P03771,5
P03772,5.4
P03774,6.7
P03775,9.7
P03776,6.1
P03777,4.1
P03778,4.5
P03779,6
P03782,5.2
P03783,5
P03785,8.4
P03786,6
P03787,6.9
P03788,5.5
P03789,5.1
P03792,7.5
P03793,7.5
P03794,5.8
P03796,6.2
P03797,4.3
P03799,5.3
P03800,6
P03801,6.2
P03802,7.2
P03803,5.5
P03805,6.5
P03806,4.3
P03807,5.2
P03808,3.8
P03810,9.4
P03811,4.5
P03812,5.7
P03813,7.6
P03814,7.2
P03815,8.1
P03819,8.2
P03820,8.1
P03821,3.6
P03822,8.9
P03823,7.1
P03825,6.3
P03826,5.8
P03829,8.7
P03830,1.9
P03831,5.1
P03832,7.8
P03833,7.2
P03834,5.8
P03836,3.3
P03838,5.8
P03840,6.7
P03841,7.1
P03842,5.7
P03843,8.5
P03844,5.1
P03845,7
P03847,4.4
P03848,6.3
P03849,2.8
P03850,5.8
P03851,6.9
P03852,4.8
P03854,7.4
P03856,7.6
P03858,5.2
P03859,6
P03860,5.4
P03861,7.8
P03862,2.6
P03863,4.8
P03864,7
P03865,5.2
P03866,8.8
P03867,7.6
P03869,7.9
P03870,6.5
P03871,7.1
P03875,7.6
P03876,3.4
P03877,5.3
P03879,4.4
P03880,5.8
P03881,4
P03882,8.7
P03883,5.8
P03884,6.2
P03889,7.7
P03891,3.3
P03892,6.5
P03893,5
P03894,9.4
P03895,9.1
P03896,6.9
P03897,4.5
P03898,6.9
P03899,6.5
P03900,6.6
P03901,3.3
P03902,9.3
P03903,6.4
P03904,6.2
P03905,4.5
P03909,4.4
P03910,6.1
P03911,5.4
P03912,6.8
P03914,5.2
P03915,3.4
P03916,9
P03918,1.8
P03921,7.6
P03922,6.8
P03923,4.8
P03925,3.4
P03926,6.7
P03927,4.6
P03928,8.4
P03929,8.1
P03930,8
P03931,6
P03932,6.1
P03933,5.4
P03934,5.9
P03935,5.8
P03936,8.6
P03937,6.8
P03938,4.8
P03939,6.4
P03940,5.2
P03941,6.4
P03942,6
P03945,7
P03946,6.3
P03947,4.4
P03948,4.4
P03949,7
P03950,4.5
P03951,5.5
P03952,5.2
P03953,6.6
P03954,4.4
P03956,6.5
P03957,5.2
P03960,5.2
P03961,6.9
P03964,7.7
P03965,6.6
P03966,8.2
P03967,3.9
P03969,5.5
P03970,6.5
P03971,8.1
P03973,6.6
P03974,4.5
P03975,8.7
P03976,5.8
P03977,5.9
P03978,7.5
P03982,6.9
P03983,9.6
P03984,6.7
P03985,6.7
P03986,3.8
P03987,3
P03988,5.8
P03989,4.7
P03990,4.8
P03991,4.6
P03992,8.5
P03993,7.1
P03995,9.1
P03996,5.5
P03997,8.4
P03998,2.8
P03999,7.6
P04000,5.9
P04001,6.7
P04002,8.4
P04003,7.1
P04004,6.3
P04005,5.6
P04006,6.3
P04007,5.5
P04009,6.5
P04010,5.1
P04011,8.2
P04012,6.9
P04013,6.2
P04014,4.5
P04015,6.1
P04016,5.9
P04017,8.4
P04018,5.6
P04019,6.6
P04020,5.9
P04021,5
P04022,8.1
P04023,3.9
P04026,6.7
P04027,5.1
P04028,2.7
P04030,6.4
P04031,8
P04032,5.7
P04033,4.7
P04034,7.4
P04036,5.7
P04037,5
P04038,6.6
P04039,7.4
P04040,5.5
P04043,6.2
P04044,4.7
P04045,7.2
P04046,6
P04047,5.2
P04048,7.5
P04050,6.6
P04051,7
P04052,5.4
P04053,5.3
P04054,9
P04055,6.5
P04056,6.4
P04057,3.4
P04058,4.2
P04059,7.4
P04063,7.3
P04066,6.2
P04067,4.9
P04068,5.3
P04069,5.9
P04070,4.8
P04072,7.3
P04074,6.3
P04075,2.6
P04076,6.6
P04077,5.8
P04078,7.6
P04079,5.7
P04080,8.1
P04081,4.9
P04083,6.1
P04084,8
P04085,6.4
P04086,9.4
P04088,7.7
P04090,6.8
P04091,4.4
P04092,6.4
P04093,6.1
P04094,4.8
P04095,4.5
P04096,6.9
P04098,5.2
P04099,6.2
P04101,9.7
P04102,7.4
P04103,7
P04104,4.4
P04105,5
P04107,6.3
P04109,8.6
P04113,6
P04115,6.6
P04116,1.6
P04117,3.1
P04118,6.2
P04120,3.8
P04121,6.3
P04122,6.6
P04123,6
P04124,6
P04125,4.9
P04127,6.8
P04128,4.9
P04129,6.2
P04130,4.7
P04131,5.1
P04132,3.6
P04133,6.8
P04134,6.3
P04135,5.1
P04136,5.5
P04137,6.1
P04138,6.8
P04139,5
P04140,4.7
P04141,5
P04142,6.5
P04143,5.5
P04144,5.2
P04145,4.5
P04147,6.7
P04148,6.5
P04150,6.6
P04151,2.2
P04152,3.8
P04153,5.1
P04156,7.8
P04157,8.5
P04158,4.9
P04159,7
P04161,4.4
P04162,6.8
P04163,9.5
P04165,7
P04166,7.2
P04168,6.7
P04169,5
P04170,8.6
P04171,7
P04172,6.7
P04173,5.3
P04174,6.8
P04175,8.2
P04176,3.8
P04178,5.4
P04179,4.6
P04180,6.5
P04181,4.3
P04183,5.6
P04184,6.8
P04185,8.1
P04186,7.1
P04187,9.3
P04188,7
P04189,5.9
P04190,2.9
P04191,8.2
P04192,5.8
P04193,6.1
P04194,5.3
P04196,5.9
P04197,6.3
P04198,6.7
P04199,8.7
P04200,2.8
P04201,8.6
P04204,5.9
P04205,6.7
P04206,6.6
P04207,4.7
P04209,5.3
P04210,6
P04211,5.5
P04213,5.6
P04214,6.7
P04215,3.9
P04216,4.9
P04217,7
P04220,5.1
P04221,1.3
P04222,5
P04224,6.7
P04225,6.2
P04226,6.6
P04227,2.7
P04228,7.4
P04229,6.7
P04231,4.3
P04232,5.2
P04234,7.4
P04236,7.1
P04237,3.6
P04239,5.6
P04241,5.4
P04242,6.6
P04244,5.4
P04245,5.9
P04247,6.4
P04248,2.3
P04249,4.8
P04250,7.7
P04251,6.9
P04252,6.8
P04253,5.7
P04254,6.9
P04255,4.4
P04257,4.7
P04258,1.3
P04259,7.2
P04260,6.1
P04261,6.3
P04263,8
P04264,5.5
P04265,2
P04266,4.7
P04267,5.7
P04268,6.6
P04269,9.8
P04270,9.3
P04271,7.3
P04272,3.5
P04273,6.9
P04274,4.6
P04275,2.6
P04276,7.4
P04277,6.1
P04278,5.8
P04279,5.6
P04280,7.4
P04281,5.5
P04282,4.6
P04283,7.3
P04284,4.3
P04285,6.2
P04286,8.9
P04288,3.7
P04289,7.9
P04290,5.9
P04291,1.6
P04292,7.1
P04293,5.4
P04294,5.1
P04295,7.8
P04296,4.8
P04297,6.8
P04298,8.1
P04299,6.7
P04300,7.9
P04302,6.2
P04303,5.4
P04304,4
P04305,5.9
P04306,6.2
P04307,5.2
P04308,7.4
P04309,5.7
P04310,5.6
P04311,4.4
P04312,4.7
P04313,6.6
P04314,4.2
P04315,7.2
P04317,4.8
P04318,5.1
P04319,5.1
P04320,6.6
P04321,7.2
P04322,5.8
P04323,6.6
P04325,9
P04326,5.9
P04329,8.5
P04331,1.6
P04332,5.8
P04333,5.9
P04336,3
P04337,6.1
P04338,5.2
P04339,4.3
P04340,4.6
P04342,5.3
P04344,4.7
P04345,7.4
P04347,5.1
P04348,3.7
P04349,5.6
P04350,4.7
P04351,7
P04352,5.7
P04353,6.2
P04355,6
P04356,5.9
P04359,6.9
P04363,6.5
P04364,6
P04365,2.9
P04367,7.2
P04368,5.5
P04369,6.1
P04370,4.4
P04371,6.2
P04372,4.6
P04373,5.5
P04374,5.3
P04375,9.1
P04376,5.9
P04377,6.4
P04378,5.4
P04379,7.4
P04380,4.2
P04383,4.4
P04384,6.5
P04387,7.9
P04388,9.4
P04390,5
P04391,6.6
P04392,6.5
P04393,4.6
P04396,7.2
P04397,7.7
P04399,5.6
P04400,6.9
P04401,7.8
P04403,3.3
P04404,4.6
P04406,5.8
P04407,7.2
P04408,5.7
P04410,4.6
P04413,2.9
P04414,9.1
P04415,6.8
P04416,8
P04417,3.9
P04419,9
P04420,6.3
P04422,8
P04423,6.1
P04424,6.9
P04425,7
P04426,6
P04427,3.2
P04428,7
P04429,4.6
P04430,5.4
P04432,5.7
P04433,6.8
P04434,6.1
P04437,6.6
P04439,5.5
P04440,5.4
P04441,8.4
P04443,5.4
P04444,6.3
P04445,5.7
P04446,7.4
P04448,8.5
P04449,5
P04450,6
P04451,5.2
P04452,9.3
P04454,6.7
P04455,5.8
P04456,8.3
P04457,7
P04458,4.4
P04460,6.9
P04462,6.4
P04463,3.5
P04465,7.9
P04466,7.3
P04467,7.2
P04468,4.5
P04469,5.8
P04470,6.4
P04471,5.1
P04472,6.2
P04474,9.1
P04476,5
P04477,7.2
P04478,6.7
P04479,6.1
P04480,4.4
P04481,5.8
P04482,5.8
P04483,6.5
P04484,6.3
P04485,3
P04486,8.3
P04490,7
P04492,3.7
P04493,6.3
P04494,7.6
P04496,5.8
P04497,5.6
P04498,3.4
P04499,6.7
P04500,6.8
P04501,2.6
P04502,7.1
P04503,3.8
P04504,4.9
P04505,6.9
P04506,4.9
P04507,7.9
P04509,6
P04510,9.6
P04511,7.3
P04513,5
P04514,5.6
P04515,5.5
P04516,5.4
P04517,4.7
P04518,5.4
P04519,8.2
P04521,3.6
P04522,8
P04524,5.3
P04525,8.2
P04527,4.1
P04528,6.3
P04530,7.6
P04531,4.7
P04532,4.6
P04533,6.4
P04535,8
P04536,6.8
P04537,7.9
P04538,5.8
P04539,5.6
P04540,3.9
P04541,6.2
P04542,4.8
P04543,5.6
P04544,4.9
P04545,7
P04546,8.5
P04547,7.6
P04548,8.3
P04549,6.9
P04550,4.6
P04551,6.5
P04553,4.8
P04554,7.7
P04555,7.7
P04556,6.6
P04557,5.2
P04558,5.4
P04559,8.9
P04560,4
P04561,6.8
P04562,4
P04563,4.2
P04565,7.5
P04566,5
P04567,6.4
P04568,4.4
P04569,5.9
P04570,4.2
P04571,4.5
P04572,8.1
P04573,6
P04575,5.3
P04577,6.1
P04578,5.3
P04579,5.9
P04580,7.2
P04581,7.1
P04582,7.3
P04584,4.9
P04585,7
P04587,4.4
P04588,5.5
P04589,2.7
P04591,7.4
P04592,5.6
P04593,6.4
P04594,4.9
P04595,6.2
P04597,9.2
P04598,5.6
P04599,6.9
P04600,4.8
P04601,5.5
P04602,6.9
P04603,5.4
P04605,6.2
P04606,6.7
P04607,5.4
P04608,6.2
P04609,5.4
P04613,4.3
P04614,5.8
P04616,7.1
P04617,6.1
P04618,3.4
P04619,5.7
P04620,5.8
P04622,4.1
P04623,6.3
P04624,7.6
P04625,7.4
P04626,8.1
P04627,7.7
P04628,4.6
P04630,6.1
P04632,5.8
P04633,7.6
P04634,4.1
P04635,1.5
P04636,9.6
P04637,5.6
P04638,5.8
P04639,4
P04640,2.6
P04641,5.1
P04642,7.2
P04643,4.9
P04644,3.8
P04645,4
P04646,6
P04647,4.1
P04648,8.4
P04649,4.5
P04650,6.3
P04651,7.8
P04652,7.8
P04654,2.3
P04655,5.4
P04656,3.8
P04657,2.7
P04658,6.8
P04660,2.4
P04661,4.3
P04662,6
P04663,6.8
P04664,6.1
P04666,5.3
P04667,7.2
P04668,6.2
P04669,7.9
P04670,4.8
P04671,6.1
P04672,8.5
P04673,4.5
P04674,8.8
P04675,7.1
P04676,6.7
P04677,3.6
P04678,4.5
P04679,6.7
P04680,7.8
P04681,3.6
P04683,5.2
P04684,8.5
P04686,3.6
P04687,6.3
P04688,6.7
P04689,1.8
P04690,3.4
P04691,4
P04692,6.6
P04694,8.1
P04695,4.4
P04696,9.4
P04697,6.9
P04698,7
P04699,4.8
P04700,6.6
P04701,5.2
P04703,6.8
P04704,6.1
P04705,7.4
P04706,5.9
P04707,6.7
P04708,5.1
P04709,4.8
P04711,4.5
P04713,7
P04715,7.5
P04716,5
P04717,8
P04718,4
P04720,5.6
P04723,6.2
P04724,7.7
P04725,3
P04727,5.5
P04728,2.9
P04729,6
P04730,4.4
P04731,7
P04732,9.5
P04734,5.4
P04735,6.1
P04736,8.2
P04737,5.7
P04738,6.7
P04739,7.4
P04740,5.2
P04742,7.9
P04744,6
P04745,7.3
P04746,5.2
P04748,5.2
P04749,7.4
P04750,7.2
P04751,7.8
P04753,3.8
P04754,7.2
P04755,7
P04758,5.1
P04759,8.3
P04760,8.2
P04761,4.3
P04763,6
P04764,6
P04765,7
P04767,5.4
P04768,7.8
P04770,3.9
P04772,4.2
P04773,4.3
P04775,7.4
P04776,5.3
P04778,5
P04780,4.2
P04781,5.8
P04782,2.8
P04783,4.8
P04784,7
P04785,9.2
P04786,9.8
P04787,8.5
P04790,5.1
P04792,4.1
P04793,6.5
P04795,7.7
P04796,4
P04797,2.8
P04798,5.5
P04799,4
P04800,4.7
P04801,5.8
P04802,8.5
P04803,4.7
P04804,5.6
P04805,3.9
P04806,8.2
P04807,4.6
P04808,4.5
P04809,3.3
P04812,5.1
P04813,3.9
P04814,4.2
P04815,9.8
P04817,6.1
P04818,5.7
P04819,6.2
P04820,2.8
P04821,9.8
P04823,6.2
P04824,5.6
P04825,4.6
P04826,7.6
P04827,5.7
P04828,6.5
P04829,4.6
P04831,2.6
P04832,6.8
P04833,6.7
P04834,6.5
P04835,3.7
P04836,5
P04837,4.6
P04838,6.2
P04839,5.5
P04840,2.9
P04841,5.3
P04842,4.8
P04843,5.6
P04844,8.8
P04845,6.4
P04846,6.1
P04847,5.6
P04849,7.4
P04851,5.3
P04852,6.6
P04853,4.3
P04854,5.5
P04855,7.1
P04856,7.8
P04857,4.8
P04858,6
P04860,5.6
P04861,8
P04862,4.2
P04864,6
P04865,6.2
P04866,6.7
P04868,5.8
P04869,6.4
P04871,6.7
P04874,5.3
P04875,6.3
P04876,6.9
P04878,5.2
P04879,4.9
P04882,3.7
P04883,5
P04884,4.6
P04885,4.4
P04886,5.9
P04887,4.2
P04888,5.9
P04889,3.5
P04890,6.8
P04891,2.2
P04892,6
P04893,4.6
P04895,8.8
P04896,5
P04897,7
P04898,6.7
P04899,2.4
P04900,4.1
P04901,8.3
P04902,5.4
P04903,6.5
P04904,6.2
P04905,7.7
P04906,8.3
P04907,5.9
P04908,4.2
P04909,5.2
P04912,8.9
P04913,7
P04914,8
P04917,5.9
P04918,6
P04919,6.5
P04921,7.1
P04922,6.4
P04923,5.7
P04924,7.1
P04925,7.4
P04926,6.5
P04927,4.9
P04928,7.1
P04929,8.5
P04932,5
P04933,7.3
P04934,7.7
P04935,4
P04936,6.1
P04937,4
P04938,5.9
P04939,7
P04940,7.2
P04941,4
P04942,7.8
P04943,8.9
P04944,5.5
P04946,5.7
P04947,9.2
P04948,8.8
P04949,6.1
P04950,6
P04952,5.7
P04954,5.7
P04955,4.8
P04958,7.1
P04959,6.2
P04961,8.9
P04962,7
P04964,4
P04965,4.5
P04967,6.6
P04968,5.2
P04969,6.6
P04971,5.3
P04973,7.3
P04975,4.1
P04977,4.3
P04978,4.7
P04979,6.9
P04980,8
P04981,5.6
P04982,6.6
P04983,7
P04984,7.8
P04985,5.9
P04986,7.9
P04988,5.7
P04989,6.8
P04990,8.2
P04991,6.4
P04992,4
P04993,7.9
P04994,6.4
P04995,5
P04996,6.2
P04997,5.9
P04998,6.3
P05000,5.9
P05002,5
P05003,7.4
P05004,5.4
P05005,5
P05007,5.6
P05008,4
P05009,4.8
P05010,6.3
P05011,6.2
P05012,5
P05013,3.5
P05014,6.5
P05016,6.3
P05017,8.5
P05018,6.1
P05022,7.6
P05023,6.8
P05024,5.6
P05025,7.2
P05027,6.6
P05029,7
P05030,6.4
P05031,5.2
P05033,5.9
P05034,5.6
P05035,4.6
P05037,8
P05040,6.9
P05041,5.3
P05042,6
P05043,4
P05044,4.9
P05046,5
P05047,8.7
P05048,6.3
P05049,5.6
P05050,7.9
P05051,5.1
P05052,9.6
P05053,7.6
P05054,7.3
P05055,7.4
P05056,3.6
P05057,6.3
P05061,8.3
P05062,6.6
P05063,4.5
P05064,3.4
P05065,5.4
P05066,4.8
P05067,6.5
P05068,4.8
P05069,7.2
P05070,8.1
P05071,5.2
P05072,9.1
P05074,4.3
P05075,8.7
P05077,7
P05078,7.5
P05079,5.5
P05080,4.9
P05082,5.7
P05083,4.5
P05084,6
P05085,6.7
P05087,7.7
P05088,8.8
P05089,4.4
P05090,7.2
P05091,9.8
P05092,3.9
P05093,6.8
P05094,6.3
P05097,6.2
P05098,7.2
P05099,5.5
P05101,3.3
P05102,6.9
P05103,4.7
P05105,4.1
P05106,5.2
P05107,7.8
P05108,4.8
P05109,5.8
P05111,8.7
P05112,6.2
P05113,4
P05114,5.6
P05115,3.6
P05116,6.8
P05117,2.9
P05118,5.8
P05119,7.8
P05122,5.6
P05123,3.2
P05124,5
P05125,8.3
P05127,1.2
P05129,6.2
P05130,6.6
P05131,4.6
P05133,4.5
P05134,5.6
P05136,8.1
P05138,7.3
P05139,6.1
P05140,6.1
P05141,8
P05142,5.4
P05143,4.4
P05144,3.4
P05147,6.6
P05149,5.6
P05150,6.8
P05151,5.8
P05152,5.9
P05153,6.1
P05154,5.8
P05155,3.8
P05156,5.9
P05157,4.8
P05159,7
P05160,3.8
P05162,4.7
P05163,4.4
P05164,2.1
P05165,6
P05166,6.3
P05168,5.2
P05169,4.8
P05170,5.7
P05172,8
P05173,6.1
P05174,8.4
P05175,8.7
P05176,5.5
P05177,1.9
P05178,4.7
P05179,5.5
P05180,4.6
P05183,7.6
P05184,5
P05185,6
P05186,6.2
P05188,6.9
P05190,7.5
P05191,8.9
P05192,6.1
P05193,5.9
P05194,6.3
P05195,5.4
P05198,5.2
P05200,4.9
P05201,5.3
P05202,7.8
P05203,5.8
P05205,6.1
P05209,2.8
P05210,6.7
P05211,6.1
P05212,7.9
P05213,8
P05215,5.1
P05216,6.2
P05217,6.6
P05218,5.3
P05219,7.9
P05220,9
P05221,7.6
P05222,6.7
P05225,7
P05228,8
P05229,7.4
P05230,4.1
P05232,2.9
P05234,7.2
P05235,5.9
P05236,6.6
P05239,7.6
P05240,6
P05241,5.1
P05242,6.2
P05243,4.6
P05244,7
P05245,5.1
P05246,4.8
P05247,3.1
P05249,5.5
P05250,6.3
P05251,3.6
P05252,6.5
P05253,7
P05255,5.8
P05256,3.7
P05257,4.6
P05258,3.4
P05259,7.1
P05260,3.8
P05261,4.9
P05262,4.7
P05263,6.8
P05264,7.2
P05265,6.9
P05266,4.8
P05267,3.2
P05268,5.4
P05270,6.2
P05271,6.5
P05274,6.7
P05277,7.8
P05278,4.8
P05279,8.2
P05280,6.5
P05281,4.3
P05282,4.9
P05283,6.7
P05284,5
P05285,9
P05288,9.8
P05290,5.4
P05292,6
P05293,5.6
P05294,5.3
P05295,3.2
P05296,6.5
P05297,7.7
P05298,9.3
P05299,8.2
P05300,9.6
P05301,5.7
P05302,6.3
P05303,5.7
P05304,5.8
P05306,6.2
P05307,4.8
P05309,4.3
P05310,6.7
P05311,7.2
P05312,7.9
P05313,5.4
P05314,9
P05315,4.3
P05316,4.5
P05318,5.5
P05319,6.9
P05320,6.4
P05326,5.9
P05327,5.1
P05328,5.7
P05329,7.6
P05330,7.6
P05331,5.8
P05332,5
P05333,4.8
P05335,6.3
P05336,5.8
P05337,7.6
P05338,6.4
P05339,5
P05340,5.3
P05342,2.3
P05345,7.3
P05346,6.3
P05347,6.3
P05349,7.3
P05350,3
P05351,5
P05353,7.6
P05354,6.6
P05355,6.2
P05356,6.5
P05359,8.1
P05360,6.1
P05362,6.5
P05363,7.5
P05364,6.3
P05366,4.3
P05367,6.7
P05368,4.4
P05370,9.1
P05371,5.7
P05372,8.7
P05373,6.2
P05374,6.6
P05375,3.1
P05376,6.5
P05379,9.2
P05380,7.8
P05381,7
P05382,2
P05383,3.4
P05384,6.1
P05386,5.5
P05387,7.3
P05388,4.5
P05389,7.4
P05390,5.1
P05391,5.4
P05392,7.1
P05393,2.2
P05394,4.3
P05395,9.4
P05396,6
P05397,7.9
P05398,4.1
P05400,6.8
P05401,4.5
P05402,7
P05403,7.2
P05404,9.3
P05407,6.2
P05410,5.9
P05411,5.2
P05414,3.1
P05415,3.7
P05416,7.7
P05417,5.9
P05418,7.4
P05419,4.4
P05420,5.7
P05421,3
P05422,8
P05424,5.2
P05426,9.7
P05429,7.8
P05430,6
P05431,5.6
P05432,3.7
P05433,8.4
P05435,4.8
P05436,4.4
P05437,5.2
P05439,5.9
P05442,7.3
P05445,8.1
P05446,4.7
P05448,7.1
P05449,2.1
P05450,5.2
P05451,7.6
P05452,5.2
P05454,5.2
P05455,6.9
P05456,6.4
P05457,4.2
P05458,4.9
P05459,4.1
P05460,4.2
P05461,4.9
P05462,8.8
P05463,8.8
P05464,7.3
P05465,6.9
P05468,7.9
P05469,3.1
P05470,5.8
P05471,3.4
P05472,6.1
P05473,6
P05474,6.8
P05475,4.1
P05476,5.5
P05478,6.6
P05480,8.2
P05481,2.7
P05483,8.2
P05484,1.8
P05485,4.4
P05486,4.2
P05487,5.4
P05488,7.8
P05489,3.8
P05490,3.4
P05491,4.4
P05492,9.5
P05493,4.2
P05494,6.4
P05495,3.9
P05496,5.4
P05497,5.2
P05498,5.7
P05499,4.5
P05500,6.7
P05501,8.8
P05503,4.7
P05505,6.8
P05507,8.7
P05508,4
P05509,6.5
P05510,6.3
P05511,9.4
P05512,5.4
P05515,6.5
P05516,5
P05517,2.5
P05518,6.3
P05521,4.5
P05524,5.6
P05525,3.4
P05526,4.5
P05527,9.8
P05528,8
P05529,6.5
P05530,5.6
P05531,4.2
P05532,8.2
P05533,5.7
P05534,4.4
P05535,6.9
P05536,8.8
P05538,3.9
P05539,3.2
P05540,5.3
P05541,6.8
P05542,4
P05544,7.4
P05546,7.3
P05547,5.5
P05548,6.4
P05550,7.3
P05551,3.2
P05552,8.3
P05553,2.8
P05555,7.2
P05557,6.4
P05558,7.9
P05559,4.4
P05560,5.1
P05561,9.6
P05563,8.5
P05564,5.7
P05565,4.5
P05566,3.6
P05567,5.2
P05568,5.9
P05569,5.3
P05570,5.2
P05571,8.4
P05573,5.3
P05575,8.2
P05576,6.6
P05577,3.6
P05578,6.9
P05579,3.8
P05580,8.8
P05584,4.7
P05585,2.5
P05586,7.4
P05587,7.6
P05588,9.4
P05589,5.3
P05590,4.5
P05591,3.8
P05592,5.6
P05593,6.7
P05594,7.8
P05595,7.4
P05596,7.4
P05597,6
P05599,5.2
P05600,8.1
P05601,5.3
P05602,7.5
P05604,7.5
P05606,8.1
P05607,5.3
P05608,4.7
P05609,2.5
P05610,3.1
P05612,5.7
P05613,9.3
P05616,6.9
P05617,7.6
P05618,6.8
P05619,4.1
P05621,7.1
P05622,6.3
P05623,4.8
P05624,5.5
P05625,7.7
P05626,3.2
P05628,7
P05629,6.4
P05630,6.8
P05632,7
P05633,5.8
P05634,7.3
P05635,6.1
P05638,3.7
P05639,5.4
P05640,7.1
P05642,8.2
P05643,2.1
P05644,7.4
P05645,4.2
P05646,8.5
P05648,6
P05649,7.2
P05651,7.3
P05652,4
P05653,4.3
P05654,5.2
P05655,7.2
P05656,6.2
P05657,9.7
P05658,5.5
P05661,5.7
P05662,7.9
P05663,5.2
P05664,6.3
P05665,5.4
P05666,6.8
P05667,1.9
P05668,5.6
P05669,6.6
P05670,8.4
P05671,3.3
P05672,6.5
P05673,8.1
P05674,7.8
P05676,6.8
P05678,7.7
P05679,7.6
P05681,6
P05682,5.5
P05683,5
P05687,5.7
P05688,6.4
P05689,4.6
P05690,4.6
P05692,7.4
P05693,3.6
P05694,8.3
P05695,8.7
P05697,4.3
P05698,6.3
P05699,4.6
P05701,6.6
P05702,6
P05703,5.5
P05704,8.4
P05705,6.5
P05706,4.2
P05708,5.6
P05709,6.6
P05710,5.1
P05711,9
P05712,8.4
P05713,5.5
P05714,4.5
P05715,4.3
P05716,6.7
P05718,3.6
P05720,7.4
P05722,9.8
P05725,6.7
P05726,4.3
P05727,5.3
P05729,6.4
P05730,6.5
P05731,6.5
P05733,7.2
P05734,6
P05735,4.6
P05736,7.6
P05737,7.1
P05738,6.9
P05739,5.9
P05741,6.2
P05742,5.1
P05745,5.4
P05746,7.2
P05747,5.5
P05749,6.9
P05752,8.4
P05753,4.8
P05754,3.9
P05755,6.7
P05756,6.2
P05757,7.3
P05758,5.8
P05759,5.5
P05761,3.7
P05762,6.6
P05763,5.1
P05765,7.1
P05766,9
P05767,9.1
P05769,8
P05770,7.4
P05772,4.5
P05773,7.7
P05774,5.5
P05776,5.7
P05777,5.6
P05778,8.4
P05779,7.4
P05782,5.4
P05783,6.8
P05784,1.8
P05785,5.6
P05787,7.8
P05788,6.7
P05789,4.5
P05790,7.1
P05792,2.7
P05793,5.2
P05794,5.2
P05795,7.8
P05798,7.4
P05799,7.3
P05800,7.7
P05801,5.5
P05802,8.1
P05804,6
P05805,4.2
P05806,7.5
P05807,6
P05808,5.4
P05809,5.6
P05810,7.8
P05811,6.7
P05813,8.9
P05814,7
P05815,4.7
P05816,7.8
P05818,7.1
P05819,6.6
P05820,5.2
P05821,6.4
P05822,1.5
P05823,5
P05824,4.5
P05825,7.5
P05826,2.7
P05827,3.2
P05830,6.3
P05831,9.4
P05832,4.8
P05833,6.1
P05834,3.7
P05835,6.3
P05836,5.2
P05837,1.9
P05838,8.2
P05839,5.7
P05840,6.8
P05841,4.5
P05842,5.6
P05843,4.1
P05844,4.4
P05846,4
P05847,6.1
P05848,5.5
P05849,3.7
P05851,5.5
P05852,5.5
P05853,9.7
P05854,3.9
P05855,5.9
P05856,7.4
P05857,6.8
P05858,5.7
P05861,7.1
P05862,5.4
P05863,6.6
P05864,5.6
P05865,9.6
P05866,7.3
P05867,3.7
P05868,4.9
P05869,8.8
P05870,5
P05871,8.7
P05872,5.1
P05875,6.6
P05876,9.7
P05877,4.6
P05878,4.2
P05879,5.3
P05880,6
P05881,5.9
P05882,5.2
P05883,4
P05885,2.5
P05886,5.6
P05887,4.1
P05888,5.9
P05889,6
P05890,7.9
P05892,7
P05893,6.4
P05894,5.6
P05896,4.8
P05897,8.2
P05898,5.1
P05900,6.1
P05901,5.9
P05902,5.3
P05903,6.7
P05904,5.6
P05906,2.7
P05907,8.7
P05908,5.8
P05910,7.4
P05911,9.7
P05913,8
P05914,7.3
P05915,6.4
P05917,6.7
P05918,7.4
P05919,5.6
P05920,6.6
P05921,7.5
P05923,5.7
P05924,4.8
P05925,9.1
P05927,7.6
P05928,5.1
P05929,7.6
P05930,7.4
P05932,6
P05933,2.8
P05935,4
P05936,5
P05938,6.8
P05939,5.4
P05940,6.9
P05941,7.6
P05942,6.2
P05943,6.9
P05945,9.8
P05946,5.1
P05947,7.4
P05948,4.8
P05952,6.5
P05953,5.8
P05954,6
P05955,8.8
P05956,7.4
P05957,6.4
P05958,4.8
P05959,6.4
P05960,6.7
P05962,7.2
P05963,2.8
P05964,4
P05965,3.9
P05966,4.7
P05967,5.5
P05968,6.5
P05969,5.9
P05970,5.7
P05971,5.5
P05972,4
P05973,4.2
P05974,7.3
P05975,7.4
P05978,5.8
P05979,7.2
P05981,2.3
P05982,6.9
P05983,7
P05984,5.9
P05985,7
P05986,8.2
P05987,4.5
P05988,7
P05989,8.6
P05990,9
P05991,5.8
P05993,7.1
P05994,2.8
P05995,8.2
P05996,3.5
P05997,6.7
P05998,7.7
P05999,3.2
P06000,7.1
P06001,8.6
P06002,7
P06003,5.3
P06004,4.4
P06005,6
P06006,7.5
P06007,6.9
P06008,3.2
P06009,5.9
P06010,4
P06011,7.6
P06012,6.2
P06013,7.1
P06014,6.8
P06017,7.4
P06019,2.7
P06020,5.5
P06021,6.3
P06022,6.7
P06023,6.9
P06024,6.2
P06025,3
P06026,6.2
P06027,8
P06028,5.5
P06029,3.2
P06030,5.9
P06031,3.1
P06032,7.3
P06034,5.3
P06035,6.7
P06036,6.7
P06037,5.4
P06038,7.4
P06040,6.3
P06042,6.2
P06043,5.7
P06044,6.8
P06045,5.9
P06046,5.5
P06047,8.3
P06049,6.3
P06050,5.1
P06051,5.8
P06052,3.9
P06054,6.1
P06055,5.8
P06056,5.2
P06057,7.3
P06059,6.6
P06060,5.4
P06061,5.3
P06062,5.4
P06063,5.1
P06064,4.4
P06065,6.9
P06068,6.2
P06069,4.6
P06070,5
P06072,3.1
P06073,4.3
P06074,9.5
P06075,3.8
P06076,7
P06077,6.3
P06078,4.4
P06080,4.1
P06081,5.3
P06082,6
P06083,7.7
P06084,6.1
P06085,6.7
P06086,6.9
P06087,3
P06088,6
P06089,6.6
P06090,7.8
P06091,6.6
P06092,3.8
P06093,7.9
P06094,6.8
P06095,5.6
P06096,6.8
P06097,2.7
P06098,3.3
P06099,6.1
P06100,5.6
P06101,5.2
P06102,6.7
P06103,5.3
P06104,7.6
P06105,7.1
P06107,6.1
P06108,7.6
P06110,8.5
P06111,9.5
P06112,6.9
P06113,4.5
P06114,7.8
P06115,4.7
P06116,7.4
P06118,7
P06119,4.6
P06121,4.6
P06122,4.6
P06125,5
P06128,6.8
P06132,6.1
P06137,6.4
P06138,5
P06139,4.6
P06140,4.6
P06141,1.4
P06142,6.7
P06143,9
P06144,5.5
P06145,6.8
P06147,5
P06148,8
P06149,4.8
P06150,5.2
P06151,2.3
P06152,5.3
P06154,6.8
P06155,4.3
P06156,7
P06159,8.4
P06160,5
P06161,3.5
P06162,7.2
P06163,5
P06165,5.5
P06166,6.3
P06167,8.2
P06168,6.2
P06169,4.8
P06170,3
P06171,9.5
P06172,8.5
P06176,4
P06177,5
P06178,6.2
P06179,6
P06180,5.7
P06181,3.4
P06182,4.6
P06184,4.1
P06185,4.1
P06186,6
P06187,4.4
P06188,5.6
P06189,6.3
P06190,4.5
P06191,5.9
P06192,7.3
P06193,5.6
P06194,6.3
P06195,5.1
P06196,5.2
P06197,6
P06198,6.4
P06199,6.4
P06200,6.8
P06203,4.6
P06204,5.4
P06205,7.4
P06207,6.7
P06208,6.7
P06209,2.5
P06210,9
P06212,6.7
P06214,7.2
P06215,3.5
P06217,6.1
P06220,7.4
P06221,5.2
P06223,7
P06224,9
P06225,6.2
P06226,7.5
P06228,8.7
P06229,4.7
P06231,4.9
P06232,5.9
P06233,4.7
P06234,5.6
P06235,4.8
P06237,5.7
P06238,3
P06239,3.2
P06240,6.5
P06241,6.3
P06242,4.1
P06243,8.3
P06244,3.9
P06245,6.6
P06246,2.7
P06247,5.9
P06248,7.4
P06249,9.1
P06251,7.1
P06252,4.9
P06253,5.3
P06254,6.8
P06255,3
P06256,9.7
P06257,5.2
P06258,2.4
P06261,8
P06262,8.5
P06263,4.9
P06264,5.4
P06265,7.2
P06267,7
P06268,9
P06269,7
P06270,3.3
P06271,6.1
P06272,5.4
P06273,9.7
P06274,5.2
P06275,5.8
P06276,7
P06277,6
P06278,3.6
P06279,4.2
P06280,6.2
P06281,8.4
P06282,2.8
P06283,7.1
P06284,6.1
P06285,4.6
P06286,5.4
P06287,7.1
P06288,5
P06289,2
P06291,5.6
P06292,8.9
P06293,7.4
P06296,5.7
P06297,8.7
P06298,4.4
P06299,9.4
P06300,5.4
P06301,6.7
P06302,5.7
P06303,5.5
P06304,4
P06305,6.2
P06306,5.2
P06307,8.5
P06308,9
P06309,5.3
P06310,3.6
P06311,6.2
P06312,6.2
P06313,7.4
P06315,5
P06316,1.7
P06317,6
P06318,5.5
P06319,7.5
P06320,3
P06321,7.2
P06323,5
P06325,8.3
P06326,5.7
P06327,7.3
P06329,3.8
P06330,6.4
P06331,2.5
P06332,6
P06333,7.7
P06335,7.4
P06337,4.2
P06338,7.4
P06339,4.6
P06341,6.4
P06342,6
P06343,5.4
P06344,6.7
P06345,5.6
P06346,7.7
P06347,3.9
P06348,4.3
P06349,4.7
P06350,8.3
P06351,5.1
P06352,4.8
P06353,6.8
P06354,5.3
P06355,5.2
P06356,8.4
P06357,6.4
P06358,5.9
P06359,3.3
P06361,4.6
P06362,4.8
P06367,8.9
P06368,4
P06372,3.8
P06373,3.8
P06374,1.4
P06375,8.1
P06376,5.8
P06377,5.8
P06380,7.4
P06381,4.9
P06382,5.9
P06384,6.8
P06385,6.6
P06387,4.3
P06392,6.6
P06395,5.8
P06396,8.5
P06398,6.4
P06401,4.8
P06402,5.2
P06403,8.3
P06404,5
P06405,6.8
P06406,8.2
P06407,5.8
P06409,4.7
P06410,4.5
P06411,5.4
P06412,7.3
P06414,7
P06415,5.8
P06416,6.5
P06417,4.3
P06418,7.1
P06419,6
P06420,6.6
P06421,6.8
P06422,6.1
P06423,8.4
P06424,8.1
P06425,8.4
P06426,7.6
P06427,6.3
P06428,5.9
P06430,7.4
P06431,7.4
P06432,6.9
P06433,5.7
P06434,7
P06435,6.8
P06436,4.9
P06437,6.1
P06438,2.9
P06439,5.6
P06441,4.5
P06442,8.4
P06443,7.3
P06444,4.9
P06445,5.6
P06446,6.9
P06447,6.7
P06448,4.8
P06449,8.2
P06450,4.3
P06452,4.1
P06453,3.3
P06454,7.4
P06456,5.6
P06457,9.3
P06458,5.3
P06459,5.1
P06460,6.7
P06461,5.3
P06462,7.3
P06463,4.8
P06464,8.2
P06465,6.6
P06466,7.5
P06467,6.4
P06469,5.1
P06471,4.9
P06472,4.5
P06474,4.3
P06476,5.4
P06477,6.2
P06478,4.2
P06479,7.1
P06480,5.9
P06482,5.2
P06483,6.7
P06484,5.3
P06485,6.9
P06486,5.3
P06487,7.6
P06488,5
P06489,6.1
P06490,5.5
P06491,4.2
P06492,6.6
P06493,2.6
P06494,5.9
P06495,6.5
P06496,4.8
P06497,6.7
P06499,5.1
P06500,6.9
P06501,8
P06504,7
P06505,3.9
P06506,8.5
P06507,5.7
P06508,6.5
P06509,7.8
P06510,4.8
P06511,5.9
P06512,6.2
P06513,6.3
P06514,5.2
P06515,5.6
P06516,4.7
P06517,6.1
P06518,4.4
P06519,4.6
P06520,7.5
P06521,3.9
P06522,6.1
P06523,4.8
P06525,4.7
P06526,5.4
P06527,4.6
P06529,4.9
P06530,6.9
P06531,7.8
P06532,8
P06534,7.5
P06535,6.2
P06536,6.6
P06537,7.8
P06538,5.5
P06539,6.8
P06540,4.1
P06541,6.3
P06542,8.6
P06543,7.7
P06544,5.5
P06545,5.2
P06546,6.1
P06548,2.7
P06549,4.3
P06550,4.6
P06551,6.4
P06552,4.8
P06553,7
P06555,8.2
P06556,5.2
P06557,7.4
P06558,3.1
P06559,5
P06561,6.1
P06563,8.2
P06564,7.3
P06565,5.1
P06566,7.3
P06568,3.8
P06569,7.2
P06570,3.5
P06571,3.3
P06573,5.4
P06575,3.7
P06577,7.4
P06578,4.7
P06579,5.3
P06580,8
P06581,7.6
P06582,8.7
P06583,4.9
P06585,3.6
P06586,8.4
P06587,7.8
P06588,4.7
P06589,7.2
P06590,7.6
P06591,5.8
P06594,5
P06595,6.1
P06596,3.7
P06597,8.9
P06598,5
P06599,8
P06600,7.9
P06601,4.9
P06602,5.7
P06603,3.9
P06605,4.7
P06607,5.7
P06610,7.8
P06611,8.8
P06612,4.8
P06613,4.8
P06614,6
P06615,5.4
P06619,7.1
P06621,7.5
P06623,5
P06624,5.5
P06625,4.5
P06626,7.7
P06627,4.1
P06628,6.3
P06630,6.8
P06631,4.9
P06632,5.1
P06634,6.8
P06635,4.7
P06636,4.3
P06638,5.7
P06640,3.1
P06642,7.8
P06643,8.2
P06644,6.6
P06645,5
P06646,6.5
P06647,5
P06649,4
P06650,6.8
P06651,7.2
P06652,6.9
P06653,4.6
P06654,6.3
P06655,6.4
P06656,4.4
P06657,7.3
P06658,8
P06659,5.7
P06660,6.4
P06661,4.3
P06662,7.3
P06663,5.4
P06664,4.9
P06665,5.3
P06666,1
P06667,6.3
P06668,8.9
P06669,6.8
P06671,7.3
P06672,4.7
P06675,1.9
P06676,8.1
P06678,7.1
P06679,6.1
P06680,6.4
P06681,7.6
P06682,6.8
P06683,7
P06686,4.8
P06688,5.4
P06689,6.3
P06692,4.4
P06693,7
P06694,7.1
P06695,6.8
P06696,7.3
P06697,4.2
P06698,4.2
P06700,3.7
P06701,6.1
P06704,7
P06705,6.9
P06706,6.5
P06710,7.4
P06711,6.7
P06712,5.5
P06714,5.8
P06715,6.3
P06716,7.5
P06717,9.4
P06718,4.8
P06719,6.5
P06720,8.6
P06722,6.2
P06724,8.5
P06725,6.8
P06726,6.2
P06727,9.1
P06728,5.6
P06729,6.1
P06730,7.7
P06731,4.6
P06734,5.4
P06736,5.9
P06737,5.7
P06738,8.1
P06741,7
P06743,1.8
P06745,6.1
P06746,7.2
P06747,8
P06748,5.9
P06751,9.3
P06755,7.1
P06756,6.4
P06758,7.3
P06759,8.3
P06760,7.4
P06763,7.2
P06764,5.1
P06765,5.2
P06767,6.8
P06769,5.4
P06770,6.3
P06771,5.8
P06773,7.8
P06774,6.4
P06775,6.3
P06776,4.9
P06777,4.9
P06779,7.7
P06780,3.7
P06781,5.3
P06782,4.8
P06783,6.6
P06786,7.1
P06788,5.1
P06789,5.8
P06790,3.3
P06791,6.8
P06794,4.8
P06795,9.2
P06796,7.5
P06797,3.7
P06798,4.5
P06799,3.3
P06801,5
P06802,7.4
P06803,7.1
P06804,4.3
P06805,6
P06806,5.4
P06807,8.8
P06808,5.6
P06809,6.8
P06812,5.4
P06814,5.5
P06815,5.7
P06817,5.9
P06818,6.6
P06819,4.3
P06820,4.9
P06821,4.4
P06822,6.7
P06823,6.4
P06824,4.4
P06826,5.6
P06829,5.8
P06831,6.5
P06832,4.3
P06833,4.6
P06834,7.6
P06835,4.7
P06836,7.6
P06838,7.7
P06839,4.9
P06840,7.3
P06842,3.4
P06843,4.6
P06844,6.4
P06846,6.1
P06848,5.6
P06850,3.8
P06851,9.2
P06853,4.5
P06855,8.5
P06856,3.9
P06857,9.8
P06858,4.7
P06859,4.5
P06860,8.3
P06863,7
P06864,5.6
P06865,5.9
P06866,6.7
P06867,6.2
P06868,5.8
P06870,5
P06871,4.4
P06872,6.4
P06873,5.7
P06875,8.4
P06876,4.9
P06877,8.6
P06878,6.3
P06880,2.2
P06882,5.9
P06883,9.8
P06884,3.2
P06886,8
P06887,6.9
P06888,6.1
P06890,5.5
P06891,6.3
P06892,5.6
P06893,4.9
P06894,4.3
P06895,4.3
P06897,7.9
P06898,4.5
P06899,3.5
P06900,3.3
P06901,3.9
P06902,6
P06904,5.8
P06905,9.1
P06909,5.8
P06911,3.8
P06912,6.5
P06914,4.2
P06915,7.4
P06916,3.3
P06917,5.6
P06918,5.7
P06919,8.2
P06921,5.1
P06922,6.9
P06923,7.2
P06924,6.8
P06925,3.2
P06926,4.4
P06927,7.2
P06928,7.8
P06929,4
P06930,4.2
P06931,3.5
P06933,6
P06934,1.7
P06935,9.3
P06936,7.4
P06937,3.5
P06938,3.6
P06939,3.5
P06940,2.5
P06941,6.4
P06942,3.1
P06943,8.5
P06944,7.2
P06947,6.4
P06948,6.3
P06949,7.6
P06950,4.4
P06951,5.2
P06953,6.1
P06954,5.2
P06955,6.7
P06956,6.9
P06957,6.8
P06958,6.5
P06959,5.9
P06960,3.9
P06961,7.8
P06962,7.8
P06963,4
P06964,6.8
P06965,1
P06966,6.2
P06968,3.4
P06969,8.4
P06970,6.7
P06971,7.7
P06972,9.2
P06973,5.3
P06974,4.8
P06975,8.5
P06977,3.2
P06980,7.4
P06982,6.5
P06983,4.2
P06984,5
P06985,7.4
P06986,6.8
P06987,7.3
P06989,5.1
P06990,4.7
P06991,7.7
P06992,7.8
P06993,3.2
P06994,8.9
P06995,6
P06996,8.2
P06997,4.9
P06998,6
P06999,6.8
P07000,5.8
P07001,8.5
P07003,7.8
P07006,5.7
P07007,5.8
P07008,3.6
P07013,8.3
P07014,4.9
P07015,7.1
P07016,5.7
P07019,7.1
P07020,2.8
P07021,5.6
P07022,6.1
P07023,6.3
P07024,6.8
P07026,5.5
P07027,8.1
P07028,5.6
P07029,9.6
P07030,3
P07032,8.7
P07033,7.2
P07034,9.5
P07035,6.7
P07037,6
P07038,8
P07039,5
P07040,5
P07041,4.6
P07042,6.2
P07043,3.4
P07045,4.6
P07046,5.3
P07048,3.7
P07051,7.9
P07052,4.1
P07053,8.8
P07054,3.1
P07055,6.3
P07056,7.2
P07057,6.9
P07058,5.3
P07060,4.5
P07061,4.2
P07062,3.5
P07063,6.5
P07064,5.2
P07065,7.4
P07066,2.6
P07067,8.5
P07068,7
P07069,7.6
P07072,7.5
P07074,5.4
P07075,4.6
P07076,5.2
P07077,4.7
P07078,7.7
P07079,4
P07080,7
P07081,5.3
P07082,4.5
P07085,4.3
P07086,6.1
P07087,4.9
P07088,7.5
P07089,4.4
P07090,5.3
P07091,4.2
P07092,7
P07093,3.1
P07094,7.1
P07095,7.4
P07096,4.5
P07099,6.7
P07100,6.8
P07101,6.3
P07102,8.4
P07103,4.7
P07104,6.9
P07105,5.3
P07107,4.9
P07108,3.1
P07109,1.2
P07110,7
P07111,6.2
P07112,5.7
P07114,2.8
P07115,5.8
P07117,4.8
P07118,4.6
P07119,5.8
P07120,5.2
P07121,3.5
P07122,8.8
P07123,7.2
P07125,4.6
P07126,7.9
P07127,4.4
P07128,3.2
P07129,8.2
P07130,7.2
P07131,4.3
P07132,6.7
P07133,5.7
P07134,8.5
P07135,5.8
P07136,4.2
P07137,8.4
P07138,6.3
P07139,8.2
P07140,8
P07142,7.9
P07143,6
P07144,5.8
P07145,3.9
P07146,5.2
P07147,5.9
P07148,6.7
P07149,5.9
P07150,6.7
P07151,7.6
P07152,3.6
P07153,6
P07154,3.9
P07155,5.6
P07156,4.8
P07157,6.7
P07159,7
P07160,8
P07161,6.2
P07162,8.1
P07163,7.4
P07164,5.4
P07165,6
P07166,8.7
P07167,4.9
P07168,3.2
P07169,5.8
P07170,5.2
P07171,3.3
P07172,4.8
P07174,7.9
P07175,6.7
P07176,9.1
P07178,5.6
P07179,3.7
P07181,7.3
P07182,2.9
P07184,6.6
P07185,5.8
P07186,4.1
P07187,5.1
P07188,6.6
P07189,9.6
P07190,6.9
P07191,8.3
P07192,9
P07193,3.2
P07194,5.8
P07195,4.1
P07196,8
P07197,6.3
P07198,5.7
P07199,8.9
P07200,7
P07201,7
P07202,5
P07204,5.4
P07205,6.9
P07206,7.5
P07208,4.4
P07209,7.8
P07210,5.8
P07211,7.6
P07212,7.2
P07213,5.8
P07214,7.1
P07215,9.1
P07216,5.3
P07217,4.4
P07218,6.1
P07220,5.1
P07221,6.6
P07222,6.9
P07223,6.6
P07224,7.3
P07225,8.8
P07226,5.3
P07227,3.2
P07228,5.8
P07229,4.5
P07230,8.8
P07232,5.8
P07233,8
P07234,6.6
P07235,8.2
P07236,6.3
P07237,3.5
P07238,5.1
P07239,4.7
P07240,7.6
P07241,5.7
P07242,5.9
P07244,8.8
P07245,6.7
P07246,4.6
P07247,6.5
P07248,3.9
P07249,5
P07250,5.3
P07251,6.9
P07253,6.7
P07254,5.4
P07255,5.4
P07256,6
P07257,5
P07258,6.3
P07259,6.3
P07260,4.2
P07261,4.9
P07262,7.9
P07263,7.2
P07264,6.4
P07265,4.9
P07266,4.6
P07268,3.6
P07270,4.9
P07271,5.3
P07272,8.5
P07274,4.1
P07275,5.4
P07276,4.3
P07277,5.6
P07278,2.6
P07279,5.7
P07281,6.9
P07282,6.8
P07283,4.8
P07284,3.8
P07285,5.6
P07286,7.1
P07287,5.7
P07288,2.7
P07289,5
P07291,8.7
P07292,9.2
P07293,6.4
P07294,5.5
P07295,6.3
P07296,8
P07297,5
P07298,5.9
P07299,5.5
P07300,6.7
P07301,5.8
P07302,6.1
P07303,6.3
P07304,5.3
P07305,6.3
P07307,4.9
P07309,5.8
P07311,6.2
P07312,5.7
P07314,6
P07315,6.9
P07316,9
P07317,4.5
P07318,6.8
P07319,5.4
P07320,6.8
P07321,6.6
P07322,6.7
P07323,6.6
P07326,6.2
P07327,4.5
P07328,5.2
P07329,5.9
P07330,7.5
P07332,6.6
P07333,5.9
P07335,7.3
P07336,6.4
P07337,5
P07338,4.2
P07340,5.3
P07341,8.2
P07343,6.8
P07344,3.4
P07346,7.7
P07348,5.2
P07349,8.2
P07350,5.9
P07351,6.4
P07352,6.5
P07353,7.2
P07354,6.5
P07355,9
P07356,6.1
P07357,7.2
P07358,7.1
P07359,7.4
P07360,7.2
P07361,6.2
P07362,4.1
P07363,6.1
P07364,5.5
P07365,8.9
P07366,2.8
P07369,7.9
P07370,6
P07371,6.6
P07372,5.5
P07374,4.4
P07375,7.8
P07376,6.1
P07377,5.8
P07378,6.4
P07381,5.3
P07382,6.8
P07383,6.7
P07384,3.5
P07385,5.3
P07386,1.7
P07388,6.2
P07390,4.9
P07392,8.3
P07394,6.4
P07397,8.3
P07398,8
P07399,4.1
P07400,6
P07401,2.5
P07403,6.7
P07406,9.2
P07407,6.9
P07408,4.8
P07409,5.6
P07410,4
P07411,6.8
P07412,3.4
P07413,7
P07415,4.1
P07417,6.6
P07418,7.7
P07419,5.3
P07420,6.3
P07422,8
P07423,9.7
P07424,3.9
P07425,6
P07426,7.8
P07427,6
P07428,8.9
P07429,6.8
P07430,9.4
P07433,3.6
P07434,5.5
P07435,5.5
P07436,7.6
P07437,5.1
P07439,6.1
P07440,4.8
P07441,4.4
P07442,5.8
P07443,8.5
P07444,8.8
P07445,6.9
P07446,6.2
P07447,7
P07448,7.7
P07449,5
P07450,5.3
P07451,8.8
P07452,7.2
P07453,3.8
P07454,5.3
P07455,5.9
P07456,6.3
P07460,4
P07461,4.7
P07462,5.2
P07463,3.5
P07465,5.5
P07466,5.5
P07468,4.2
P07469,7.3
P07470,4.4
P07471,3.7
P07473,4.8
P07475,8
P07476,5.7
P07477,6.8
P07478,6.5
P07479,6.8
P07480,6
P07481,6.5
P07482,4.5
P07483,4.3
P07484,6.2
P07485,7
P07486,8.3
P07487,5.5
P07488,4.4
P07489,3
P07492,3.6
P07493,5.3
P07495,6.4
P07496,8.5
P07497,6.9
P07498,3.5
P07499,7
P07500,8.5
P07501,4.4
P07502,6.7
P07503,5.8
P07504,5.1
P07507,6.4
P07508,5.4
P07509,8.2
P07510,6
P07511,5.8
P07512,5.6
P07513,4
P07514,7.5
P07515,7.8
P07517,6.6
P07518,7.7
P07519,5.3
P07520,5.1
P07522,7.8
P07525,7.3
P07526,6.1
P07527,4.4
P07529,9.2
P07531,7.5
P07532,2.9
P07533,5.7
P07534,2.6
P07536,4.4
P07538,5.3
P07539,7.8
P07541,5.1
P07542,6
P07545,3.9
P07546,4.5
P07547,5.7
P07548,7
P07549,5.3
P07550,9
P07551,4.4
P07552,2.8
P07553,3.8
P07554,5.5
P07555,9.2
P07556,5.4
P07557,5.4
P07558,7
P07559,7.3
P07560,7.3
P07561,5.9
P07562,9.4
P07565,8
P07568,4.9
P07569,4.6
P07570,6.3
P07571,4.3
P07572,8.2
P07573,6.3
P07575,6.2
P07576,8.3
P07577,6
P07578,5.6
P07580,4.6
P07581,5.8
P07582,3.9
P07583,8.3
P07584,6.1
P07585,8.2
P07586,6.9
P07587,4.5
P07588,5.4
P07589,3
P07590,5.1
P07591,2.6
P07592,5.3
P07593,6.5
P07594,6.2
P07595,6.7
P07597,7.2
P07598,3.9
P07600,6.6
P07601,6.9
P07603,7.9
P07606,7.6
P07607,7
P07608,5.2
P07609,8.1
P07610,5.9
P07612,6.9
P07614,5
P07619,5.4
P07620,4.4
P07621,4.5
P07623,3.8
P07625,7
P07626,6.9
P07627,6.5
P07628,5.9
P07629,6.9
P07630,5.5
P07631,4.4
P07632,9.3
P07633,6.9
P07634,4.9
P07636,5.6
P07637,6.1
P07639,4.2
P07640,5.6
P07641,6.8
P07642,7.5
P07644,6.7
P07646,8.1
P07647,6
P07648,6.9
P07649,7
P07651,5.1
P07652,4.7
P07653,5.1
P07654,5.8
P07655,5.8
P07656,8
P07658,3.7
P07659,7.6
P07661,5.8
P07662,4
P07663,6.3
P07665,7.7
P07666,9.1
P07667,6.6
P07668,6.4
P07669,6.5
P07670,6
P07671,4.3
P07672,4.9
P07674,5.6
P07676,5.8
P07677,3.6
P07678,6.6
P07679,8.9
P07680,5
P07682,8.9
P07683,9.2
P07684,5
P07685,6.7
P07688,4.9
P07689,4.8
P07690,8.1
P07691,8.4
P07692,7.9
P07693,5.4
P07694,7.1
P07695,7.8
P07696,6.8
P07699,5.1
P07700,5.3
P07701,3.1
P07702,4.2
P07703,2.7
P07704,6.4
P07705,9.6
P07708,4.9
P07709,6.8
P07710,5.7
P07713,5.2
P07714,6.6
P07715,8.7
P07716,8.8
P07717,5.7
P07718,7.6
P07719,5.2
P07720,6.7
P07721,6.3
P07722,6.6
P07723,6.4
P07724,6.5
P07725,7.6
P07726,5.4
P07728,4.8
P07729,6.4
P07730,4.9
P07731,5.3
P07732,2.7
P07733,8.4
P07735,8.5
P07737,6.5
P07739,8.1
P07740,3.1
P07741,8.5
P07742,3.8
P07743,6
P07745,5.8
P07746,4.5
P07747,7.2
P07748,5.8
P07749,8.2
P07751,6.6
P07752,6.9
P07753,7.8
P07754,6
P07755,7.8
P07757,8.5
P07758,6.9
P07759,6.2
P07760,6.3
P07761,5.1
P07762,7.1
P07763,5.3
P07764,5.9
P07765,3.3
P07766,7.9
P07767,6.5
P07768,7.3
P07769,6.9
P07770,7.5
P07771,3.5
P07772,4.2
P07773,5.9
P07774,6
P07775,7.4
P07776,5.7
P07777,4.7
P07778,6.9
P07779,6.8
P07780,7.6
P07781,5.8
P07782,6.8
P07783,3.4
P07784,6
P07785,9.4
P07786,6.9
P07787,4.6
P07788,4.6
P07789,7.4
P07790,7.2
P07792,4.2
P07793,4.9
P07795,8
P07796,4.3
P07798,5.1
P07801,9.2
P07802,4.1
P07803,7
P07804,4.8
P07805,3.6
P07807,5.5
P07808,3.9
P07809,6.8
P07810,4.9
P07812,4.9
P07813,5.6
P07814,7.6
P07815,9.4
P07816,4.7
P07817,6.8
P07819,5.8
P07820,7.2
P07821,6.6
P07822,5.8
P07823,6.1
P07824,5
P07825,6.5
P07826,7.6
P07827,6.4
P07828,3.3
P07829,6.4
P07830,4.4
P07831,8.2
P07832,4.4
P07833,5.2
P07834,5
P07836,5.2
P07837,7.6
P07838,7.5
P07841,7.1
P07842,4.5
P07843,8.9
P07844,5.8
P07846,8.2
P07847,7.4
P07848,5.9
P07849,7.9
P07850,7.2
P07851,5.6
P07853,5.8
P07854,3.8
P07855,7
P07856,6.4
P07857,3.7
P07858,5.6
P07859,4.9
P07860,3.1
P07861,5.1
P07862,6
P07863,3.7
P07865,6.6
P07866,6.3
P07868,5.1
P07869,7
P07870,3.2
P07871,4.1
P07872,6.2
P07873,8.4
P07874,8.7
P07875,3
P07876,8.7
P07877,3.3
P07878,8.6
P07881,7.3
P07882,7.2
P07883,7.5
P07884,6.9
P07886,4.7
P07888,4.9
P07889,6.5
P07890,7.8
P07892,7.8
P07893,6.9
P07897,7
P07898,5.2
P07899,4.5
P07900,7.2
P07901,3.7
P07903,5.7
P07904,9.2
P07905,6.8
P07908,4.2
P07909,5.6
P07910,5.2
P07912,8.4
P07913,5.6
P07915,7.8
P07917,5.3
P07918,6.1
P07919,5.5
P07920,6.9
P07921,3.6
P07922,7
P07923,3
P07924,8.1
P07925,7.1
P07926,7.8
P07927,5.5
P07928,7.3
P07929,5.5
P07930,3.7
P07931,6.3
P07933,7.6
P07934,6.1
P07935,9.1
P07936,6.6
P07937,7.2
P07938,5.6
P07940,7.4
P07941,6.2
P07942,4.7
P07943,7.2
P07944,5.9
P07946,8.2
P07947,5.7
P07948,5.4
P07949,4.2
P07950,5.8
P07951,6
P07952,7.6
P07953,7
P07954,7.1
P07955,6.3
P07956,6
P07958,5.3
P07959,7.1
P07961,5
P07962,6.8
P07963,6.8
P07964,8.3
P07965,7.7
P07966,9.6
P07967,5
P07968,5.4
P07969,7.2
P07970,5.3
P07971,6.7
P07972,5.4
P07974,3.8
P07975,2.4
P07976,7
P07977,6.2
P07978,6
P07979,2.4
P07981,7.1
P07982,5.6
P07983,7.2
P07984,3.9
P07986,2.4
P07987,5.8
P07989,6.1
P07990,5.6
P07991,8.6
P07992,4.7
P07993,3.3
P07994,6.8
P07995,4.4
P07997,4.7
P07998,6.2
P07999,8
P08003,6.5
P08004,4.5
P08005,8.3
P08007,3.1
P08008,6.6
P08010,7.9
P08011,3.1
P08012,5
P08013,9.8
P08014,7.6
P08015,3
P08016,9.3
P08017,8.4
P08018,4.7
P08019,6.8
P08020,3.8
P08022,7
P08023,6.3
P08024,6.1
P08025,8.5
P08026,5.4
P08027,3.9
P08028,5.2
P08032,6.6
P08033,3.9
P08037,8.6
P08038,3.1
P08039,9.6
P08040,5.6
P08041,3.8
P08042,5.8
P08043,9.4
P08045,5.8
P08046,6.1
P08047,3.2
P08048,8.5
P08049,7.9
P08051,4.7
P08052,7.8
P08053,5.1
P08054,9.4
P08055,4.3
P08056,5.4
P08057,6.7
P08058,3.6
P08059,5
P08061,5.4
P08062,3.9
P08066,9
P08067,5.2
P08069,5.9
P08071,2.9
P08072,7.6
P08073,4
P08074,6
P08075,7.5
P08077,6.1
P08078,5.1
P08079,7.9
P08080,6.9
P08082,8.6
P08083,5.1
P08084,8.6
P08085,6.7
P08087,6.6
P08088,6.8
P08090,7.4
P08091,5.3
P08092,2.5
P08093,4.3
P08094,8.4
P08096,7.6
P08097,5.8
P08098,9.7
P08099,5.4
P08100,6.8
P08101,8.9
P08102,4
P08103,6.1
P08104,5.2
P08105,2.7
P08106,6.2
P08107,6.9
P08108,4.3
P08109,9.5
P08111,5.9
P08112,5.4
P08113,5.8
P08114,9.8
P08115,6.9
P08116,7.8
P08117,5
P08118,7.1
P08120,6.4
P08121,3.2
P08122,5.1
P08123,4.6
P08124,6.3
P08125,4.5
P08126,9
P08127,4.8
P08128,4.7
P08129,3.4
P08130,9.3
P08131,5.3
P08132,6.4
P08133,5.6
P08135,8.4
P08136,8.3
P08137,5.7
P08139,3.6
P08140,6.3
P08142,5.4
P08144,7.6
P08145,3.7
P08147,3.1
P08148,4.5
P08149,7.2
P08150,7
P08151,6.4
P08153,4.6
P08154,4.4
P08155,7.7
P08156,5.7
P08157,6
P08159,4.3
P08160,7
P08161,3.5
P08162,6.4
P08163,9.8
P08164,6.1
P08165,9.3
P08166,4.6
P08167,6.4
P08168,8.1
P08169,7.1
P08170,7.3
P08171,2
P08172,7.2
P08173,7.5
P08179,5.2
P08180,4.8
P08182,6
P08183,4.8
P08184,6.2
P08186,6.1
P08187,5.8
P08188,7.7
P08189,7.8
P08190,6.5
P08191,6.5
P08192,7.4
P08194,7.4
P08195,4.9
P08196,4.2
P08197,8.3
P08198,4.6
P08200,5.2
P08202,5.2
P08205,4.9
P08206,6.3
P08208,7.8
P08209,4.7
P08210,6.9
P08211,4.6
P08212,8
P08213,6.8
P08215,7.9
P08216,2
P08217,5.4
P08218,2.2
P08219,3.6
P08221,4.1
P08222,7.4
P08223,7.5
P08225,3.1
P08226,6
P08227,6
P08229,8.5
P08230,6.7
P08232,5.8
P08233,6.5
P08234,6.9
P08236,7.1
P08237,7.1
P08238,5.7
P08239,3.1
P08240,6.7
P08241,6.6
P08242,7.4
P08243,3.9
P08244,3.6
P08245,8.3
P08246,5.9
P08247,6.1
P08248,5
P08249,6.5
P08250,8.4
P08251,4.1
P08252,4.9
P08253,1.8
P08255,6.6
P08256,5.2
P08259,4.1
P08260,5
P08261,4.8
P08262,3.8
P08263,7.9
P08264,6.9
P08266,4.6
P08267,7.1
P08268,7.7
P08269,6.9
P08270,6.9
P08271,5.1
P08272,9
P08273,6.6
P08274,8.8
P08275,6
P08277,4.9
P08278,5.7
P08279,6.2
P08280,6
P08281,7.8
P08282,7
P08283,3.4
P08284,3.5
P08285,6.4
P08286,4.5
P08287,8.8
P08288,7.6
P08289,6.5
P08290,4.7
P08292,4.9
P08293,3.2
P08294,8.1
P08295,5.3
P08298,7.4
P08299,5.3
P08300,5.6
P08301,5.2
P08302,6
P08303,4.8
P08304,6.6
P08305,6.6
P08306,6.8
P08307,3.9
P08308,4.7
P08309,6.5
P08310,7.3
P08312,5.2
P08313,6
P08314,5.9
P08315,4.6
P08316,7.5
P08317,6.2
P08318,5.9
P08319,6.3
P08320,5.9
P08321,5.3
P08322,5.7
P08323,6.9
P08324,5.5
P08327,5.9
P08328,6.5
P08329,8.2
P08330,3.3
P08331,5.7
P08332,6.6
P08333,8.5
P08334,7.4
P08335,7.7
P08336,4.7
P08337,6.4
P08338,8.1
P08339,4.6
P08340,5.5
P08341,6.8
P08342,5.2
P08344,5.9
P08345,7.4
P08346,6
P08347,5.2
P08348,6.6
P08349,5.4
P08350,4.7
P08351,5
P08352,4.6
P08353,4.1
P08354,7.1
P08355,5.1
P08356,5.8
P08357,4.4
P08358,6.9
P08359,6.4
P08360,5.8
P08361,5.2
P08362,7.1
P08363,7.3
P08364,3.8
P08366,4.8
P08368,7.5
P08369,4.9
P08370,3.1
P08371,6.4
P08372,6.4
P08373,4.7
P08374,5.8
P08375,7.2
P08376,6.4
P08377,9.8
P08378,5.3
P08379,7.4
P08382,6.1
P08383,6.4
P08384,3.1
P08385,7.6
P08386,6
P08388,6.7
P08389,3.9
P08390,9.5
P08391,4.8
P08392,6.3
P08394,6.3
P08395,7
P08396,6
P08397,5.7
P08398,9.7
P08400,8.5
P08401,8.7
P08403,5.2
P08404,7.4
P08405,6.1
P08407,6.7
P08408,6.4
P08409,6
P08410,4.6
P08411,6.7
P08412,4.4
P08413,6.1
P08414,3
P08415,6.4
P08416,7.9
P08417,5.9
P08418,5.8
P08420,6.9
P08421,8.8
P08422,3.9
P08423,5.3
P08424,5.3
P08425,6.8
P08426,5.6
P08427,8.7
P08428,7.6
P08431,4.2
P08432,3.3
P08433,5.2
P08434,4.7
P08435,6.4
P08436,4.1
P08438,4.3
P08439,9.6
P08440,7.9
P08442,8.1
P08443,5.5
P08444,5.1
P08445,6.9
P08446,2.6
P08448,6
P08450,7.2
P08451,7.6
P08452,5.9
P08453,6
P08454,5.5
P08455,5
P08456,5.7
P08457,5.1
P08460,5.9
P08461,7.2
P08463,3.5
P08468,5.7
P08469,6.8
P08470,7
P08471,5.8
P08473,4.8
P08474,6.6
P08475,4.8
P08476,8.8
P08477,4
P08478,4.8
P08479,5.7
P08480,5.7
P08481,6
P08482,6.3
P08483,5.8
P08484,5.9
P08485,5.4
P08486,6.9
P08487,5.7
P08488,5.7
P08489,5.1
P08490,7.2
P08491,8.1
P08495,5.4
P08496,4.9
P08497,4.3
P08498,6.8
P08499,4.8
P08500,4.9
P08501,4.4
P08502,5.2
P08503,6
P08504,5.7
P08505,7.4
P08506,5.7
P08508,7.1
P08509,5.4
P08510,7.1
P08511,6.6
P08512,5.4
P08514,9.1
P08516,6.4
P08518,5.7
P08521,4.4
P08522,6.7
P08524,5.6
P08525,6.8
P08526,7.6
P08528,4.9
P08530,2.9
P08532,3.1
P08535,4.9
P08536,3.9
P08537,4.7
P08538,4.3
P08539,5.3
P08541,6.3
P08542,5.3
P08543,2.9
P08545,4.3
P08550,3.4
P08551,4.1
P08552,4.2
P08553,9.8
P08555,3.5
P08556,6.2
P08557,4.2
P08560,5.7
P08562,9.1
P08563,6.7
P08564,7
P08565,6.4
P08566,6.3
P08568,7.7
P08569,6.8
P08570,7.9
P08572,5.4
P08574,6.8
P08575,6.9
P08576,4.7
P08577,5.9
P08579,4.6
P08580,8.2
P08581,4.5
P08582,6.8
P08583,2.8
P08584,4.3
P08585,9.2
P08586,5
P08587,9.4
P08588,5.3
P08590,3.4
P08593,9.3
P08594,3.8
P08595,5.8
P08596,5.1
P08597,4.6
P08598,8
P08599,5.2
P08601,5.1
P08602,5.3
P08605,7.5
P08606,4.7
P08607,3.6
P08608,4.1
P08609,5.6
P08610,4
P08611,5.6
P08613,5.4
P08614,8.2
P08615,3.8
P08616,7.5
P08617,4.5
P08618,6.4
P08620,4
P08621,7.6
P08623,7.6
P08624,4
P08625,5.3
P08626,2.7
P08627,5.3
P08628,6.6
P08629,9.5
P08630,8.8
P08631,5
P08632,6.2
P08635,6.5
P08636,7.4
P08637,7.2
P08639,6.2
P08640,3.9
P08642,4.5
P08643,6.5
P08644,7
P08645,7.8
P08646,5
P08649,4.1
P08650,5.6
P08652,4.8
P08654,4.4
P08655,8.8
P08656,5.2
P08658,5.4
P08659,6.5
P08662,5.7
P08663,4.3
P08664,6.5
P08665,3.2
P08666,4.5
P08667,3.1
P08668,8
P08669,7
P08670,6.3
P08671,6.3
P08672,6.3
P08673,5
P08674,8.4
P08675,8.7
P08676,8
P08677,8.9
P08678,8.3
P08679,8.7
P08682,9.2
P08683,6.7
P08685,9.5
P08687,5.7
P08688,4.5
P08689,6.7
P08690,7.8
P08692,7.5
P08694,4.6
P08695,6.1
P08696,6
P08697,5.8
P08698,9.1
P08702,6.2
P08703,4.5
P08704,6.5
P08705,7.5
P08706,2.6
P08707,5.4
P08709,6.9
P08710,6
P08711,6.1
P08712,8.2
P08714,3.4
P08715,5.4
P08716,5.8
P08717,5.2
P08718,7.1
P08719,6.4
P08720,5.8
P08721,8.9
P08722,6.2
P08723,7
P08724,4.2
P08725,7.8
P08726,5.3
P08727,2.7
P08729,2.9
P08730,6.8
P08731,7.1
P08733,4.3
P08735,5.6
P08736,6.6
P08737,9.4
P08738,4.9
P08740,6.1
P08741,3.4
P08744,5.2
P08745,8.5
P08746,4.4
P08747,3.2
P08748,5.9
P08749,4.9
P08750,4.7
P08751,6.4
P08753,3.5
P08754,9.2
P08755,8.2
P08756,6.7
P08757,7
P08758,7.7
P08759,5.2
P08762,5.9
P08763,3.5
P08764,2.6
P08765,6.8
P08767,5.8
P08768,5.8
P08769,7.1
P08770,8.3
P08772,7.2
P08773,6.2
P08774,6.7
P08775,6.8
P08776,4.5
P08777,3.5
P08778,3.7
P08779,5.9
P08780,4.6
P08781,7.6
P08782,2.4
P08783,6.4
P08785,6.4
P08786,3.7
P08787,6.2
P08788,6
P08789,5.4
P08790,6.4
P08791,6.6
P08792,5.7
P08793,4.4
P08795,7.2
P08796,6.8
P08798,7.4
P08799,8
P08800,3
P08801,7.7
P08802,7.6
P08804,6.4
P08805,4
P08807,5.4
P08808,8.1
P08809,6.8
P08810,6
P08811,7.7
P08812,6.1
P08813,7.1
P08814,6.2
P08815,5.7
P08816,5.6
P08819,5.5
P08821,5.6
P08822,8.4
P08823,5.8
P08827,4
P08831,5.8
P08832,6.9
P08833,6.4
P08834,5.2
P08835,6.6
P08836,5.4
P08838,7.5
P08839,5.7
P08840,5.9
P08841,8.7
P08842,3.4
P08843,8.3
P08844,5.6
P08845,6.1
P08846,6.1
P08847,6.8
P08848,3.8
P08849,7.5
P08851,8.6
P08852,7.1
P08853,3.7
P08854,8.1
P08855,9.3
P08856,5.8
P08857,6.4
P08858,6.6
P08859,2.9
P08861,7.2
P08862,3.5
P08863,6.8
P08864,6.8
P08865,9.3
P08867,4.8
P08868,6.7
P08870,6.4
P08871,7.9
P08872,5.8
P08873,6.9
P08874,6.9
P08875,5.8
P08876,5.5
P08877,4.1
P08878,7.3
P08879,5.2
P08882,5.9
P08883,6.2
P08884,5.9
P08885,1.7
P08886,5.4
P08887,6.7
P08888,6
P08889,4.8
P08890,6.5
P08891,6.5
P08892,5.5
P08893,7.5
P08894,4.2
P08896,5.7
P08897,6.7
P08900,6.6
P08901,8
P08902,6.6
P08903,5.8
P08904,2.2
P08905,5.2
P08906,7.5
P08908,6.4
P08909,7.7
P08910,5.8
P08911,4.8
P08914,9.4
P08915,5.5
P08916,2.8
P08917,5
P08918,3.6
P08920,8.3
P08921,2.7
P08922,5.4
P08923,6.9
P08926,6.2
P08927,8.8
P08929,7
P08931,6.8
P08932,7.2
P08933,6.5
P08934,5.9
P08935,7.6
P08936,3.8
P08937,9.4
P08938,5.7
P08939,7
P08940,3
P08943,5.3
P08944,6.9
P08945,7
P08946,6.8
P08947,5.7
P08948,7.1
P08949,8.9
P08950,6.7
P08951,4.5
P08953,5
P08955,3.3
P08956,8
P08957,4.1
P08958,7
P08959,6.6
P08960,3.1
P08961,5.2
P08962,5.2
P08963,8.9
P08966,8.5
P08967,4.8
P08968,6.2
P08970,3.1
P08971,7.4
P08972,5.5
P08973,5.8
P08974,7
P08975,5.7
P08977,6.5
P08978,6.8
P08979,7.3
P08980,4.9
P08981,6.6
P08982,5.9
P08983,6.2
P08984,7.6
P08985,7.6
P08987,5.4
P08988,7.1
P08989,6.6
P08991,6.7
P08992,7.7
P08993,6.1
P08994,4.9
P08995,5.7
P08996,8.4
P09000,6.4
P09001,6.5
P09002,7
P09003,3.1
P09005,5.2
P09006,4.3
P09007,9.5
P09008,6.3
P09009,7.5
P09010,3.4
P09011,7.7
P09014,7.5
P09015,5.4
P09016,6.1
P09017,4.9
P09018,6.4
P09019,4
P09020,4.1
P09022,6.2
P09023,2.6
P09024,7.9
P09025,6.3
P09026,5.1
P09027,8.2
P09028,5.2
P09029,6.3
P09030,6.2
P09031,3.8
P09032,4.5
P09033,6.5
P09035,5
P09036,5.7
P09037,5.2
P09040,5.9
P09041,7.5
P09042,5.3
P09044,3.9
P09046,6.5
P09047,5.7
P09048,9.1
P09049,7.6
P09051,6.4
P09052,6.1
P09053,6.7
P09055,5.4
P09057,5
P09058,5.2
P09059,6.2
P09060,4.8
P09063,8.2
P09064,6.9
P09065,6.1
P09066,6.1
P09067,7
P09070,4.7
P09072,5.9
P09073,3
P09074,4.9
P09075,7.4
P09076,5.4
P09079,7.2
P09080,9.2
P09081,4.1
P09082,3.2
P09083,5.1
P09084,3.9
P09086,4.8
P09087,5.9
P09090,5.6
P09091,4.7
P09092,7.2
P09093,7.8
P09094,7.8
P09098,7
P09099,7.8
P09100,8.3
P09101,6
P09102,5.8
P09104,6.5
P09105,8.1
P09106,6.5
P09107,7.1
P09108,3.6
P09109,6
P09110,6.8
P09111,4.8
P09112,6.3
P09113,4.3
P09114,5.5
P09115,8.8
P09117,5.8
P09118,8.1
P09119,4
P09120,8.5
P09121,7.5
P09123,6.6
P09124,3.6
P09125,9.5
P09126,7.7
P09128,2.4
P09129,4.9
P09131,5.2
P09132,7
P09133,4.9
P09135,5.4
P09136,8.8
P09137,7.7
P09138,7.1
P09139,4.9
P09140,3.1
P09141,4.3
P09142,4.9
P09143,6.6
P09144,6
P09145,5.2
P09146,6.4
P09147,5.7
P09148,4.7
P09149,8.5
P09150,4.1
P09151,3.8
P09152,7.9
P09153,9.2
P09154,7.9
P09155,7.2
P09156,7
P09157,7.4
P09158,6.9
P09159,7.7
P09161,5
P09162,6.2
P09163,5.2
P09165,5.2
P09166,7
P09167,4.8
P09168,5.7
P09169,8.4
P09170,8
P09171,5.2
P09172,4.6
P09173,6.8
P09174,5.1
P09176,5.8
P09178,6
P09179,7.6
P09180,3.7
P09181,6
P09183,4.8
P09185,9.4
P09186,7
P09187,7.9
P09188,7
P09190,6
P09191,5.7
P09192,7.4
P09193,2.5
P09194,5
P09195,6.8
P09198,7.9
P09199,2.5
P09200,6.6
P09201,5.4
P09202,2.8
P09203,8
P09204,4.8
P09205,8.9
P09207,5.4
P09210,5
P09211,4.4
P09213,3.9
P09214,6.1
P09215,5.5
P09216,4.9
P09217,5
P09219,5.4
P09220,7.4
P09221,6.4
P09223,7.2
P09224,4.4
P09225,6.8
P09227,6.8
P09228,2.5
P09229,7.1
P09232,4.4
P09233,2.1
P09234,5.1
P09235,6.4
P09236,4.5
P09237,4.9
P09238,4.7
P09239,4.5
P09240,6.9
P09242,6.3
P09243,7.3
P09244,7
P09245,5.3
P09247,3.9
P09249,8.3
P09250,8
P09251,8.1
P09252,6.4
P09253,5.6
P09254,5.8
P09255,4.3
P09256,4.7
P09257,8.9
P09258,4.1
P09259,3.6
P09260,7.2
P09261,5.2
P09262,8.6
P09265,5.4
P09266,3.8
P09267,6.5
P09268,4.9
P09269,2.7
P09270,6.8
P09271,4.9
P09272,5.1
P09273,5
P09274,5.8
P09275,6.5
P09276,3.9
P09278,8.9
P09279,6.2
P09280,5.3
P09282,7.3
P09283,6.3
P09285,7.3
P09286,6.2
P09288,7.8
P09291,7.6
P09292,6
P09293,4.7
P09294,6.7
P09295,8.1
P09296,6.5
P09298,6.1
P09299,5.7
P09301,6.8
P09302,4.7
P09303,3.2
P09305,3.1
P09306,6.9
P09307,6.4
P09308,5.6
P09310,6.3
P09311,8.7
P09312,5.3
P09313,6.4
P09314,9.6
P09315,6.6
P09316,6.2
P09317,7.4
P09318,6.8
P09319,9.6
P09320,7.3
P09322,5.5
P09323,4.9
P09324,8
P09325,3.8
P09326,5.7
P09327,4.4
P09328,5.3
P09329,4.9
P09330,8.5
P09333,5.8
P09334,6.8
P09335,2.6
P09336,6.5
P09337,3
P09341,7
P09342,6.6
P09343,3.1
P09344,3.5
P09345,4.5
P09346,8.5
P09347,5
P09348,3.4
P09349,7.3
P09350,6.6
P09351,6.8
P09352,4.1
P09353,4.7
P09354,5.8
P09356,2.3
P09357,4.6
P09358,4.5
P09360,5
P09361,4.6
P09363,5.2
P09364,5.2
P09365,3.7
P09366,7.5
P09367,6
P09369,5.4
P09371,7.9
P09372,5.3
P09375,6.4
P09376,5.1
P09377,3.3
P09378,6.8
P09380,7.2
P09381,6.4
P09383,9.5
P09385,7.5
P09387,8.1
P09388,6.1
P09390,5.2
P09392,5.3
P09393,4.2
P09394,7.7
P09395,3.2
P09396,5.7
P09399,6.2
P09400,6.9
P09401,8
P09402,5.7
P09404,8.6
P09406,6.3
P09407,4.8
P09408,7.5
P09410,8.6
P09411,6.4
P09412,4.1
P09413,5
P09414,8
P09415,9
P09416,7.1
P09417,2.9
P09419,8.9
P09420,7.2
P09421,9.7
P09422,5.4
P09424,2.6
P09425,5.9
P09426,4.4
P09427,4.8
P09428,8.8
P09429,7
P09430,7
P09431,6.3
P09433,7.3
P09434,5.1
P09435,6.8
P09436,5.7
P09437,7.1
P09438,5.8
P09439,6
P09440,3.3
P09441,3.4
P09442,6.4
P09443,7.2
P09444,5.1
P09445,3.7
P09448,4.8
P09449,4.4
P09450,3.9
P09451,7.6
P09452,5.8
P09453,6.1
P09454,2.2
P09455,6.6
P09456,5.9
P09457,6.1
P09458,4.2
P09459,8
P09460,5.8
P09461,6
P09462,7.3
P09463,4.2
P09464,9.4
P09465,5.9
P09467,2.9
P09469,7.2
P09470,7.7
P09472,3.8
P09473,6
P09474,7.4
P09475,5
P09476,5.1
P09478,5.8
P09479,4.6
P09481,5.4
P09482,6.1
P09483,6.3
P09484,7.5
P09485,6.5
P09486,7.6
P09487,5.3
P09488,7.2
P09489,6.5
P09490,5.2
P09491,4
P09492,6.5
P09494,5.1
P09495,6.4
P09496,5.2
P09497,6.7
P09498,7.8
P09501,8.7
P09502,6.6
P09503,9.5
P09504,8.1
P09505,4.4
P09506,5.1
P09508,2.4
P09510,4.2
P09511,6.4
P09513,7.6
P09514,8.2
P09515,4.8
P09516,7.2
P09518,5.4
P09520,1
P09521,7.3
P09523,5.9
P09524,7.9
P09525,4.2
P09526,8.5
P09527,3.6
P09528,4.5
P09531,4.3
P09532,4.5
P09534,5.4
P09535,8.3
P09536,8.2
P09537,7.6
P09538,4.4
P09539,4.8
P09540,5
P09541,3.8
P09542,7.2
P09544,5.5
P09545,6.7
P09546,3.2
P09547,3.7
P09548,9
P09549,6.3
P09551,7.5
P09552,5.1
P09553,7.3
P09556,6.2
P09557,7.9
P09558,4.4
P09559,6.4
P09560,6.6
P09561,8.2
P09562,5.6
P09563,8.3
P09564,7.1
P09566,4.5
P09567,3.8
P09568,5.7
P09569,6.1
P09571,4.6
P09572,5.7
P09573,3.1
P09574,6.6
P09575,6.6
P09576,5.1
P09577,5.5
P09578,8.1
P09579,7.4
P09580,5.8
P09584,6.6
P09586,6.5
P09587,9.8
P09588,4.7
P09589,5.7
P09591,2.5
P09592,3.1
P09593,8
P09594,7.5
P09595,6.1
P09597,5.7
P09598,2.8
P09600,6.6
P09602,4.7
P09604,4.3
P09605,7
P09606,6.9
P09608,6.2
P09609,5.7
P09610,9.8
P09611,7.7
P09612,6.8
P09616,7.2
P09617,5.5
P09618,4.7
P09619,5.7
P09621,3.6
P09622,6.8
P09623,8.2
P09624,6.5
P09626,7.8
P09627,5.8
P09628,5.5
P09629,5.3
P09630,6.8
P09633,6.2
P09634,5.5
P09635,8.3
P09636,7
P09637,6.6
P09638,4.8
P09639,5.3
P09641,5.8
P09642,6.5
P09644,6.5
P09646,5.8
P09647,9.1
P09648,6.4
P09650,5
P09651,2.8
P09652,6.6
P09653,6.8
P09655,3.7
P09656,9.3
P09657,6.6
P09658,6.8
P09659,8.1
P09660,8
P09661,6.4
P09662,4.6
P09663,4.1
P09665,6.1
P09666,5.7
P09667,5.7
P09668,5.7
P09669,5.3
P09671,6
P09672,6.6
P09674,7.1
P09675,6.6
P09677,3.3
P09679,7
P09680,6.9
P09681,7.7
P09683,7
P09684,2.4
P09686,8
P09688,6.6
P09691,5.3
P09692,3.9
P09693,7.4
P09694,4.5
P09695,5.4
P09696,7.8
P09697,5.8
P09699,3.2
P09700,8.7
P09701,6.3
P09702,9
P09703,3.2
P09704,6.3
P09705,5.9
P09706,7.2
P09707,4.8
P09708,4.1
P09709,6
P09710,5.7
P09711,7.9
P09713,6.8
P09714,5.8
P09716,7.7
P09717,5.2
P09718,6
P09720,8
P09722,5.8
P09723,5.8
P09724,3.2
P09726,5.7
P09727,7.9
P09728,7.7
P09729,6.1
P09730,3.1
P09731,4.1
P09732,5.8
P09733,7.8
P09734,8.2
P09735,4.6
P09736,6.1
P09737,3.4
P09738,3.3
P09739,3.9
P09740,5.1
P09741,6.3
P09743,7.7
P09744,5.9
P09745,4.6
P09746,5.4
P09747,5.8
P09748,6.1
P09749,5.7
P09750,7.4
P09751,6.9
P09752,5.4
P09753,8.9
P09754,4.4
P09755,2.5
P09756,9.5
P09758,9.6
P09759,8.8
P09760,9.3
P09761,5.1
P09763,5.8
P09764,4.3
P09765,4.4
P09766,3.3
P09767,5.5
P09768,9.3
P09770,8.1
P09771,5.2
P09772,5.1
P09773,4.9
P09774,3
P09776,5.4
P09777,4.5
P09778,6.8
P09779,7
P09781,7.1
P09782,3.9
P09783,6
P09784,4.8
P09785,6.8
P09786,6.2
P09787,5.1
P09788,8.3
P09790,7
P09791,8.3
P09793,7.2
P09794,7.8
P09795,6.4
P09796,7.1
P09797,4.5
P09799,6.4
P09800,6.8
P09801,5.1
P09802,5
P09803,4
P09804,5.5
P09805,5.4
P09806,5.1
P09808,6.8
P09809,8.1
P09811,6.8
P09812,4.9
P09813,5
P09814,5.5
P09815,6.8
P09816,4.3
P09817,6.1
P09818,4
P09819,6.8
P09820,3.9
P09821,6.7
P09822,7.2
P09824,5.7
P09825,6.1
P09826,7.1
P09827,4.4
P09828,3.5
P09829,5.8
P09831,7.5
P09833,4.8
P09834,6
P09835,6
P09837,5.7
P09838,7.1
P09839,6.4
P09840,4.8
P09841,7.3
P09842,4.7
P09843,6.2
P09844,6.7
P09845,4.8
P09846,8.4
P09847,8
P09848,6
P09849,7.8
P09851,4.4
P09852,8.8
P09853,5.2
P09854,5.4
P09855,6.4
P09856,6.7
P09857,5.3
P09858,6.6
P09859,7.5
P09860,3.9
P09862,8.5
P09864,6.7
P09865,7.2
P09866,7
P09867,8.6
P09868,4.1
P09869,4.3
P09870,4.7
P09871,5.1
P09875,2.6
P09876,5.5
P09877,8.7
P09878,6.6
P09879,5.6
P09880,7.2
P09881,5.9
P09882,4.4
P09883,5.9
P09884,7.2
P09889,6.3
P09891,5
P09893,4.4
P09894,8.6
P09895,5.9
P09896,4.5
P09897,6.2
P09898,4.7
P09899,2.8
P09900,2.9
P09901,4
P09903,6.5
P09904,5.6
P09905,8.8
P09907,6.8
P09911,5.5
P09912,4.1
P09913,7.4
P09914,5
P09915,6.3
P09916,6
P09917,6.8
P09919,6.7
P09920,4.8
P09921,3.3
P09922,3.4
P09926,6.6
P09927,6.4
P09928,7
P09929,5
P09930,8.3
P09931,8
P09933,6.5
P09934,8.3
P09935,3.9
P09936,9.8
P09937,6.2
P09938,9.3
P09939,9.4
P09940,5.7
P09943,4
P09944,5.7
P09945,6.2
P09946,6.9
P09947,6
P09948,9.1
P09949,3.9
P09952,7.7
P09955,4.8
P09956,7.4
P09957,4.1
P09958,5.2
P09959,5
P09960,6.4
P09961,5.3
P09962,6.9
P09963,4.6
P09964,7.9
P09966,6.2
P09967,8.9
P09968,6
P09969,8.2
P09970,6
P09971,7.6
P09973,6.7
P09974,5.2
P09976,5.6
P09977,4.4
P09978,6.6
P09979,3.3
P09980,7.9
P09981,7.6
P09982,6.2
P09983,6.8
P09985,5.1
P09986,5.7
P09987,9
P09988,7.8
P09989,5.8
P09990,2.6
P09993,7.2
P09994,8.2
P09995,7.1
P09996,5.7
P09997,7.7
P09998,3.7
P10000,7.7
