model,fold,n,ACC,Macro_F1,Macro_AUC
Logistic,0,1600,0.921875,0.9221277414825803,0.9902203862384239
Logistic,1,1600,0.899375,0.9014227424748125,0.9849052845461239
Logistic,2,1600,0.91875,0.9196465603114067,0.9899851139690227
Logistic,3,1600,0.909375,0.9095864757756948,0.9863691668246859
Logistic,4,1600,0.91625,0.9175900174112455,0.9892248455032462
RandomForest,0,1600,0.869375,0.8681543185550886,0.9699267214554492
RandomForest,1,1600,0.86375,0.8632557979135133,0.9685093873953058
RandomForest,2,1600,0.878125,0.8774743295267008,0.971174924267657
RandomForest,3,1600,0.860625,0.861195384328551,0.9677265698277656
RandomForest,4,1600,0.860625,0.8577959744114004,0.9667484416201743
HistGB,0,1600,0.915,0.9146758100972652,0.9874456658393082
HistGB,1,1600,0.896875,0.8993199029797223,0.9806180636281141
HistGB,2,1600,0.9125,0.9137647054016272,0.9837198597921883
HistGB,3,1600,0.9125,0.9139131040468932,0.9841425530035933
HistGB,4,1600,0.906875,0.9067310011459319,0.9846949634081557
ExtraTrees,0,1600,0.906875,0.9064143803738816,0.9857105078037661
ExtraTrees,1,1600,0.891875,0.8929953727377784,0.9808442768556835
ExtraTrees,2,1600,0.905,0.9051406418784468,0.9829945712848925
ExtraTrees,3,1600,0.9,0.900944739615469,0.9843753234979425
ExtraTrees,4,1600,0.90125,0.9015054449925,0.9845742135245983
MLP,0,1600,0.89875,0.9009046835502291,0.9843600100705139
MLP,1,1600,0.889375,0.8910427897297133,0.9789617942168501
MLP,2,1600,0.899375,0.9015492681282916,0.9827902907227785
MLP,3,1600,0.889375,0.8906885487593247,0.9795404314665147
MLP,4,1600,0.89125,0.8919681005213774,0.9792863069492362
Fusion,0,1600,0.926875,0.9273748577282298,0.9903472859784442
Fusion,1,1600,0.905,0.9075212970912582,0.9855703106609779
Fusion,2,1600,0.9225,0.9237629229709485,0.9892419910148678
Fusion,3,1600,0.915625,0.916347248117944,0.9878450042745824
Fusion,4,1600,0.918125,0.919328813875033,0.9894472381009706
