feature,importance,std
Healthy_Aging_Score,0.5353,0.01279296681774795
Cardiovascular_Risk,0.04290000000000003,0.0042941821107167774
Age,0.01970000000000003,0.0015999999999999862
Diabetes_Risk,0.013600000000000034,0.0017720045146669293
Blood_Sugar_Level,0.0028000000000000247,0.001435270009440729
Obesity_Risk,0.001900000000000035,0.0009695359714832873
bmi_recalculated,0.001000000000000023,0.0008366600265340631
Energy_Level_Score,0.0009000000000000119,0.0015620499351813436
Gym_Member,0.0008000000000000229,0.0006782329983125176
fruit_vegetable_total,0.0008000000000000229,0.0006782329983125503
Daily_Steps,0.0008000000000000229,0.0012083045973594435
Mood_Score,0.0007000000000000339,0.0014352700094407136
sleep_duration_deviation,0.0006000000000000227,0.00037416573867738855
Hypertension_Risk,0.0005000000000000337,0.000948683298050538
weekly_exercise_minutes,0.0005000000000000337,0.0005477225575051868
Morning_Workout,0.0005000000000000115,0.00044721359549995833
Number_of_Night_Awakenings,0.00040000000000004474,0.0004898979485566225
sleep_interruption_density,0.00040000000000004474,0.00020000000000002237
mood_satisfaction_index,0.00040000000000000034,0.001019803902718558
anxiety_depression_index,0.0003000000000000336,0.0002449489742783452
Screen_Time_Before_Bed_Hours,0.0002000000000000446,0.0005999999999999857
Smoking_Status,0.00020000000000002237,0.0005099019513592702
energy_fatigue_difference,0.00020000000000002237,0.0017492855684536018
Marital_Status,0.00020000000000000017,0.0007483314773547889
Early_Waker,0.0001000000000000556,0.000489897948556636
Sleep_Quality_Score,0.00010000000000001119,0.0007999999999999923
calculated_sleep_duration,4.4408920985006264e-17,0.00044721359549995833
Focus_Concentration_Score,2.2204460492503132e-17,0.0005477225575051868
BMI,2.2204460492503132e-17,0.0005477225575051464
mean_arterial_pressure,-9.999999999996679e-05,0.0007348469228349511
pulse_pressure,-0.00019999999999995577,0.00039999999999999487
wake_cos,-0.00019999999999995577,0.00039999999999999487
Sleep_Duration_Hours,-0.00019999999999995577,0.0003999999999999948
Sugary_Drinks_Per_Week,-0.00019999999999995577,0.00039999999999999487
Exercise_Type,-0.00019999999999997797,0.000927361849549564
Gender,-0.00019999999999997797,0.0005099019513592876
Vegetable_Intake_Per_Day,-0.00019999999999997797,0.00024494897427829084
Diastolic_BP,-0.00019999999999997797,0.00024494897427829084
Social_Interaction_Score,-0.00019999999999997797,0.0005099019513592876
Systolic_BP,-0.00019999999999997797,0.0005099019513592876
Protein_Intake_Grams,-0.00029999999999996696,0.0008124038404635749
Alcohol_Consumption,-0.00029999999999996696,0.0006782329983125176
sugary_fastfood_index,-0.00029999999999996696,0.00024494897427829084
Alcohol_Consumption_is_missing,-0.0002999999999999892,0.0003999999999999948
Immune_Health_Score,-0.00039999999999997817,0.0007348469228349511
Resting_Heart_Rate,-0.00039999999999997817,0.0005830951894845457
screen_sleep_ratio,-0.00039999999999997817,0.00037416573867738855
Fatigue_Level_Score,-0.0004999999999999672,0.0008366600265340631
Daily_Calorie_Intake,-0.0004999999999999894,0.0008944271909999042
Cholesterol_Level,-0.0004999999999999894,0.00044721359549995833
protein_per_kg,-0.0005999999999999561,0.0011135528725660093
Exercise_Frequency_Per_Week,-0.0005999999999999561,0.0011135528725660093
Height_cm,-0.0005999999999999561,0.00020000000000002237
Working_Hours_Per_Day,-0.0005999999999999784,0.00037416573867740037
wake_sin,-0.0006000000000000005,0.0004898979485566361
steps_per_sitting_hour,-0.0006000000000000005,0.0004898979485566361
stress_work_interaction,-0.0006999999999999674,0.0008124038404635913
sleep_sin,-0.0006999999999999895,0.0004000000000000059
Breakfast_Regularity_Score,-0.0006999999999999895,0.000748331477354792
Meditation_Practice,-0.0007999999999999563,0.0005999999999999857
Fruit_Intake_Per_Day,-0.0007999999999999785,0.0005099019513592702
Outdoor_Time_Hours,-0.0007999999999999785,0.0002449489742783452
sleep_cos,-0.0007999999999999785,0.0006782329983125372
Weight_kg,-0.0007999999999999785,0.0005099019513592702
Sitting_Hours_Per_Day,-0.0008000000000000007,0.0004000000000000003
Country,-0.0008999999999999674,0.000734846922834957
Productivity_Score,-0.0009999999999999788,0.0005477225575051868
Life_Satisfaction_Score,-0.0009999999999999788,0.0003162277660168382
Anxiety_Score,-0.0010999999999999454,0.000489897948556636
Fast_Food_Meals_Per_Week,-0.0010999999999999678,0.0012409673645990761
Sleep_Disorder_Risk,-0.0010999999999999899,0.000800000000000009
sleep_duration_difference,-0.0010999999999999899,0.00019999999999997797
Water_Intake_Liters,-0.0010999999999999899,0.0004898979485566497
Nap_Frequency_Per_Week,-0.0011999999999999567,0.00039999999999999476
Weekend_Sleep_Difference_Hours,-0.0011999999999999567,0.00039999999999999476
Exercise_Duration_Minutes,-0.0011999999999999567,0.0003999999999999948
cross_midnight,-0.0011999999999999567,0.0003999999999999948
Workout_Intensity,-0.001200000000000001,0.000748331477354789
Occupation,-0.0012999999999999678,0.0006782329983125503
Depression_Risk_Score,-0.0013999999999999568,0.000800000000000009
Stress_Level,-0.001499999999999968,0.0007071067811865482
water_per_kg,-0.002499999999999969,0.0010488088481701418
